{"type":"FeatureCollection","metadata":{"fuente":"geoBoundaries gbOpen ADM1 (sobre OpenStreetMap)","url":"https://github.com/wmgeolab/geoBoundaries/raw/9469f09/releaseData/gbOpen/COL/ADM1/geoBoundaries-COL-ADM1_simplified.geojson","licencia":"Abierta. Atribución: geoBoundaries / OpenStreetMap.","simplificacion":"3 decimales, paso mínimo 0.01°","advertencia":"Geometría simplificada para pintar en pantalla. NO usar para medir áreas, distancias ni definir jurisdicciones."},"features":[{"type":"Feature","properties":{"codigo":723,"nombre":"Amazonas","nombre_fuente":"Amazonas"},"geometry":{"type":"Polygon","coordinates":[[[-74.388,-0.559],[-74.39,-0.576],[-74.384,-0.586],[-74.381,-0.6],[-74.363,-0.615],[-74.36,-0.63],[-74.364,-0.641],[-74.374,-0.654],[-74.338,-0.678],[-74.34,-0.695],[-74.354,-0.711],[-74.372,-0.714],[-74.375,-0.728],[-74.352,-0.754],[-74.336,-0.759],[-74.323,-0.754],[-74.309,-0.762],[-74.318,-0.778],[-74.316,-0.791],[-74.305,-0.794],[-74.295,-0.778],[-74.279,-0.779],[-74.286,-0.794],[-74.292,-0.816],[-74.279,-0.828],[-74.268,-0.825],[-74.251,-0.815],[-74.247,-0.83],[-74.257,-0.834],[-74.27,-0.854],[-74.267,-0.874],[-74.286,-0.872],[-74.302,-0.865],[-74.313,-0.87],[-74.32,-0.881],[-74.318,-0.891],[-74.288,-0.894],[-74.272,-0.917],[-74.271,-0.93],[-74.262,-0.941],[-74.265,-0.954],[-74.275,-0.967],[-74.273,-0.979],[-74.259,-0.987],[-74.236,-0.998],[-74.225,-1.008],[-74.214,-1.011],[-74.186,-1.011],[-74.173,-1.006],[-74.135,-1.022],[-74.126,-1.033],[-74.065,-1.054],[-74.044,-1.044],[-74.036,-1.031],[-74.038,-1.021],[-74.029,-1.003],[-74.018,-1.006],[-74.013,-1.017],[-74.024,-1.047],[-74.027,-1.061],[-74.021,-1.076],[-74.006,-1.099],[-73.995,-1.106],[-73.978,-1.106],[-73.974,-1.091],[-73.957,-1.086],[-73.95,-1.098],[-73.965,-1.114],[-73.963,-1.127],[-73.949,-1.133],[-73.933,-1.132],[-73.922,-1.12],[-73.904,-1.124],[-73.901,-1.139],[-73.895,-1.154],[-73.895,-1.169],[-73.877,-1.192],[-73.867,-1.209],[-73.867,-1.224],[-73.853,-1.234],[-73.824,-1.238],[-73.81,-1.249],[-73.795,-1.245],[-73.783,-1.239],[-73.784,-1.258],[-73.77,-1.262],[-73.76,-1.252],[-73.755,-1.237],[-73.752,-1.204],[-73.74,-1.238],[-73.727,-1.248],[-73.711,-1.252],[-73.694,-1.247],[-73.683,-1.24],[-73.665,-1.248],[-73.658,-1.261],[-73.648,-1.267],[-73.63,-1.27],[-73.619,-1.264],[-73.615,-1.293],[-73.616,-1.304],[-73.611,-1.319],[-73.596,-1.329],[-73.584,-1.327],[-73.572,-1.318],[-73.567,-1.329],[-73.58,-1.341],[-73.578,-1.362],[-73.565,-1.374],[-73.555,-1.391],[-73.552,-1.417],[-73.565,-1.421],[-73.577,-1.413],[-73.58,-1.428],[-73.542,-1.43],[-73.531,-1.437],[-73.531,-1.462],[-73.525,-1.473],[-73.51,-1.483],[-73.5,-1.485],[-73.487,-1.493],[-73.496,-1.51],[-73.478,-1.523],[-73.479,-1.533],[-73.482,-1.559],[-73.49,-1.571],[-73.476,-1.577],[-73.464,-1.567],[-73.463,-1.589],[-73.497,-1.615],[-73.51,-1.63],[-73.516,-1.64],[-73.515,-1.659],[-73.52,-1.67],[-73.537,-1.683],[-73.539,-1.701],[-73.521,-1.715],[-73.505,-1.721],[-73.496,-1.731],[-73.464,-1.735],[-73.454,-1.742],[-73.435,-1.765],[-73.432,-1.775],[-73.433,-1.787],[-73.411,-1.786],[-73.387,-1.772],[-73.377,-1.776],[-73.363,-1.792],[-73.352,-1.798],[-73.335,-1.802],[-73.324,-1.822],[-73.309,-1.828],[-73.301,-1.814],[-73.308,-1.804],[-73.31,-1.79],[-73.3,-1.777],[-73.287,-1.777],[-73.273,-1.783],[-73.252,-1.78],[-73.243,-1.79],[-73.259,-1.799],[-73.235,-1.803],[-73.23,-1.788],[-73.232,-1.762],[-73.226,-1.75],[-73.212,-1.752],[-73.194,-1.789],[-73.172,-1.801],[-73.15,-1.802],[-73.144,-1.82],[-73.153,-1.845],[-73.152,-1.859],[-73.142,-1.87],[-73.12,-1.871],[-73.108,-1.886],[-73.115,-1.904],[-73.115,-1.927],[-73.113,-1.939],[-73.115,-1.959],[-73.119,-1.975],[-73.127,-1.985],[-73.118,-2.016],[-73.1,-2.027],[-73.092,-2.042],[-73.11,-2.064],[-73.112,-2.078],[-73.086,-2.085],[-73.073,-2.083],[-73.07,-2.106],[-73.105,-2.123],[-73.117,-2.131],[-73.125,-2.173],[-73.142,-2.188],[-73.168,-2.186],[-73.165,-2.237],[-73.155,-2.258],[-73.142,-2.27],[-73.123,-2.279],[-73.116,-2.289],[-73.117,-2.303],[-73.124,-2.321],[-73.111,-2.328],[-73.096,-2.324],[-73.072,-2.34],[-73.068,-2.352],[-73.044,-2.357],[-73.042,-2.337],[-73.04,-2.323],[-73.024,-2.317],[-73.016,-2.344],[-73.003,-2.36],[-72.99,-2.355],[-72.979,-2.341],[-72.963,-2.336],[-72.951,-2.345],[-72.956,-2.386],[-72.952,-2.402],[-72.938,-2.41],[-72.93,-2.434],[-72.937,-2.45],[-72.926,-2.455],[-72.896,-2.435],[-72.886,-2.434],[-72.857,-2.44],[-72.843,-2.433],[-72.829,-2.42],[-72.818,-2.418],[-72.802,-2.411],[-72.791,-2.403],[-72.786,-2.391],[-72.771,-2.387],[-72.759,-2.397],[-72.758,-2.412],[-72.753,-2.425],[-72.735,-2.424],[-72.731,-2.412],[-72.731,-2.394],[-72.719,-2.386],[-72.694,-2.407],[-72.687,-2.421],[-72.691,-2.439],[-72.691,-2.451],[-72.681,-2.452],[-72.667,-2.441],[-72.666,-2.42],[-72.658,-2.407],[-72.638,-2.392],[-72.635,-2.38],[-72.642,-2.366],[-72.619,-2.363],[-72.607,-2.362],[-72.592,-2.37],[-72.576,-2.394],[-72.56,-2.403],[-72.549,-2.402],[-72.515,-2.413],[-72.499,-2.413],[-72.485,-2.421],[-72.472,-2.419],[-72.449,-2.434],[-72.432,-2.435],[-72.416,-2.428],[-72.41,-2.413],[-72.396,-2.443],[-72.38,-2.453],[-72.377,-2.467],[-72.38,-2.481],[-72.369,-2.491],[-72.34,-2.48],[-72.328,-2.472],[-72.311,-2.475],[-72.299,-2.474],[-72.288,-2.47],[-72.286,-2.455],[-72.259,-2.46],[-72.258,-2.445],[-72.259,-2.432],[-72.24,-2.43],[-72.227,-2.447],[-72.216,-2.449],[-72.201,-2.445],[-72.182,-2.431],[-72.171,-2.426],[-72.162,-2.445],[-72.169,-2.47],[-72.157,-2.48],[-72.145,-2.473],[-72.137,-2.454],[-72.132,-2.437],[-72.133,-2.417],[-72.098,-2.39],[-72.086,-2.379],[-72.079,-2.366],[-72.06,-2.343],[-72.045,-2.336],[-72.029,-2.341],[-72.016,-2.362],[-72.005,-2.371],[-71.985,-2.371],[-71.969,-2.368],[-71.959,-2.357],[-71.945,-2.356],[-71.937,-2.376],[-71.922,-2.381],[-71.92,-2.363],[-71.936,-2.339],[-71.939,-2.316],[-71.927,-2.308],[-71.887,-2.314],[-71.872,-2.296],[-71.865,-2.278],[-71.854,-2.231],[-71.841,-2.213],[-71.837,-2.199],[-71.829,-2.187],[-71.807,-2.207],[-71.797,-2.205],[-71.791,-2.185],[-71.772,-2.173],[-71.755,-2.175],[-71.745,-2.16],[-71.75,-2.149],[-71.734,-2.141],[-71.723,-2.143],[-71.719,-2.156],[-71.717,-2.17],[-71.727,-2.196],[-71.729,-2.209],[-71.728,-2.223],[-71.708,-2.232],[-71.688,-2.219],[-71.664,-2.202],[-71.652,-2.2],[-71.638,-2.202],[-71.599,-2.239],[-71.584,-2.24],[-71.568,-2.239],[-71.551,-2.242],[-71.533,-2.25],[-71.52,-2.249],[-71.52,-2.301],[-71.512,-2.327],[-71.506,-2.346],[-71.496,-2.356],[-71.485,-2.354],[-71.479,-2.334],[-71.485,-2.318],[-71.5,-2.289],[-71.495,-2.276],[-71.479,-2.27],[-71.468,-2.272],[-71.453,-2.28],[-71.433,-2.314],[-71.423,-2.329],[-71.401,-2.343],[-71.392,-2.355],[-71.394,-2.367],[-71.407,-2.392],[-71.404,-2.403],[-71.393,-2.41],[-71.383,-2.406],[-71.366,-2.389],[-71.354,-2.379],[-71.327,-2.383],[-71.317,-2.379],[-71.309,-2.365],[-71.304,-2.34],[-71.281,-2.339],[-71.276,-2.361],[-71.29,-2.381],[-71.274,-2.387],[-71.266,-2.377],[-71.26,-2.362],[-71.244,-2.338],[-71.232,-2.337],[-71.212,-2.358],[-71.207,-2.369],[-71.194,-2.382],[-71.176,-2.382],[-71.17,-2.358],[-71.171,-2.344],[-71.162,-2.333],[-71.149,-2.336],[-71.133,-2.344],[-71.131,-2.327],[-71.137,-2.315],[-71.143,-2.297],[-71.133,-2.286],[-71.113,-2.281],[-71.101,-2.283],[-71.09,-2.282],[-71.046,-2.265],[-71.024,-2.282],[-71.016,-2.298],[-71.001,-2.308],[-70.989,-2.301],[-70.994,-2.281],[-71.017,-2.244],[-71.02,-2.229],[-71.014,-2.216],[-71.001,-2.21],[-70.978,-2.213],[-70.963,-2.225],[-70.958,-2.242],[-70.942,-2.255],[-70.924,-2.254],[-70.914,-2.245],[-70.908,-2.234],[-70.898,-2.224],[-70.878,-2.222],[-70.863,-2.226],[-70.854,-2.241],[-70.845,-2.268],[-70.843,-2.285],[-70.832,-2.295],[-70.817,-2.297],[-70.788,-2.292],[-70.768,-2.298],[-70.762,-2.32],[-70.751,-2.329],[-70.736,-2.334],[-70.72,-2.335],[-70.697,-2.339],[-70.67,-2.35],[-70.662,-2.363],[-70.664,-2.377],[-70.677,-2.391],[-70.677,-2.405],[-70.666,-2.413],[-70.65,-2.41],[-70.632,-2.397],[-70.626,-2.408],[-70.628,-2.422],[-70.642,-2.448],[-70.643,-2.459],[-70.632,-2.475],[-70.617,-2.482],[-70.601,-2.485],[-70.577,-2.48],[-70.558,-2.472],[-70.553,-2.449],[-70.595,-2.432],[-70.59,-2.419],[-70.57,-2.418],[-70.551,-2.423],[-70.537,-2.436],[-70.525,-2.463],[-70.509,-2.476],[-70.497,-2.474],[-70.483,-2.463],[-70.472,-2.454],[-70.454,-2.476],[-70.448,-2.503],[-70.433,-2.524],[-70.421,-2.526],[-70.411,-2.526],[-70.399,-2.516],[-70.386,-2.501],[-70.368,-2.492],[-70.354,-2.49],[-70.33,-2.499],[-70.319,-2.501],[-70.303,-2.501],[-70.295,-2.512],[-70.3,-2.527],[-70.321,-2.537],[-70.331,-2.536],[-70.348,-2.543],[-70.358,-2.556],[-70.354,-2.568],[-70.333,-2.578],[-70.315,-2.577],[-70.303,-2.574],[-70.284,-2.56],[-70.265,-2.549],[-70.247,-2.552],[-70.229,-2.582],[-70.223,-2.617],[-70.223,-2.632],[-70.219,-2.645],[-70.206,-2.659],[-70.196,-2.659],[-70.183,-2.637],[-70.165,-2.637],[-70.155,-2.656],[-70.158,-2.673],[-70.16,-2.691],[-70.142,-2.699],[-70.122,-2.702],[-70.107,-2.677],[-70.107,-2.666],[-70.086,-2.654],[-70.073,-2.665],[-70.066,-2.689],[-70.067,-2.703],[-70.07,-2.715],[-70.069,-2.729],[-70.066,-2.752],[-70.063,-2.763],[-70.074,-2.79],[-70.336,-3.198],[-70.503,-3.463],[-70.713,-3.797],[-70.7,-3.792],[-70.685,-3.794],[-70.671,-3.806],[-70.653,-3.83],[-70.643,-3.832],[-70.627,-3.833],[-70.616,-3.843],[-70.597,-3.822],[-70.577,-3.817],[-70.56,-3.827],[-70.55,-3.848],[-70.54,-3.867],[-70.524,-3.88],[-70.478,-3.873],[-70.453,-3.863],[-70.434,-3.848],[-70.415,-3.828],[-70.385,-3.826],[-70.372,-3.819],[-70.36,-3.806],[-70.348,-3.8],[-70.338,-3.802],[-70.324,-3.807],[-70.309,-3.811],[-70.284,-3.824],[-70.269,-3.843],[-70.259,-3.875],[-70.248,-3.897],[-70.216,-3.915],[-70.187,-3.924],[-70.173,-3.96],[-70.161,-3.987],[-70.14,-4.017],[-70.126,-4.035],[-70.113,-4.047],[-70.062,-4.083],[-70.052,-4.106],[-70.041,-4.125],[-70.024,-4.144],[-70.009,-4.155],[-69.962,-4.204],[-69.953,-4.217],[-69.948,-4.232],[-69.936,-4.219],[-69.836,-3.686],[-69.714,-3.003],[-69.599,-2.358],[-69.535,-2.003],[-69.451,-1.532],[-69.454,-1.515],[-69.457,-1.491],[-69.441,-1.471],[-69.433,-1.454],[-69.436,-1.401],[-69.421,-1.377],[-69.402,-1.369],[-69.397,-1.357],[-69.407,-1.332],[-69.409,-1.319],[-69.407,-1.29],[-69.41,-1.276],[-69.422,-1.257],[-69.428,-1.243],[-69.431,-1.228],[-69.427,-1.21],[-69.416,-1.186],[-69.413,-1.155],[-69.4,-1.144],[-69.395,-1.126],[-69.397,-1.114],[-69.425,-1.077],[-69.441,-1.07],[-69.459,-1.075],[-69.469,-1.089],[-69.47,-1.102],[-69.461,-1.124],[-69.46,-1.136],[-69.467,-1.146],[-69.483,-1.144],[-69.488,-1.155],[-69.476,-1.158],[-69.467,-1.17],[-69.465,-1.19],[-69.472,-1.206],[-69.49,-1.217],[-69.508,-1.217],[-69.534,-1.194],[-69.546,-1.19],[-69.557,-1.192],[-69.57,-1.185],[-69.572,-1.175],[-69.578,-1.158],[-69.586,-1.148],[-69.603,-1.152],[-69.616,-1.163],[-69.631,-1.165],[-69.638,-1.175],[-69.635,-1.198],[-69.64,-1.218],[-69.654,-1.228],[-69.675,-1.214],[-69.681,-1.199],[-69.681,-1.182],[-69.678,-1.137],[-69.681,-1.122],[-69.661,-1.117],[-69.658,-1.127],[-69.659,-1.103],[-69.672,-1.092],[-69.7,-1.052],[-69.712,-1.043],[-69.729,-1.037],[-69.742,-1.038],[-69.75,-1.027],[-69.771,-1.036],[-69.765,-1.063],[-69.755,-1.075],[-69.742,-1.076],[-69.737,-1.092],[-69.752,-1.098],[-69.776,-1.093],[-69.818,-1.031],[-69.835,-1.028],[-69.845,-1.03],[-69.86,-1.049],[-69.866,-1.065],[-69.879,-1.079],[-69.892,-1.081],[-69.911,-1.081],[-69.931,-1.093],[-69.951,-1.097],[-69.967,-1.088],[-69.972,-1.074],[-69.967,-1.06],[-69.959,-1.049],[-69.944,-1.038],[-69.943,-1.023],[-69.954,-1.006],[-69.954,-0.995],[-69.934,-0.982],[-69.919,-0.971],[-69.905,-0.979],[-69.903,-0.969],[-69.931,-0.949],[-69.946,-0.948],[-69.956,-0.964],[-69.99,-0.976],[-70.001,-0.974],[-70.008,-0.963],[-70.0,-0.95],[-70.008,-0.937],[-70.021,-0.936],[-70.026,-0.952],[-70.023,-0.967],[-70.034,-0.978],[-70.051,-0.975],[-70.056,-0.965],[-70.067,-0.951],[-70.083,-0.946],[-70.099,-0.951],[-70.126,-0.976],[-70.137,-0.99],[-70.139,-1.005],[-70.134,-1.016],[-70.122,-1.021],[-70.112,-1.013],[-70.089,-1.011],[-70.078,-1.029],[-70.082,-1.044],[-70.114,-1.077],[-70.121,-1.102],[-70.131,-1.111],[-70.151,-1.116],[-70.168,-1.113],[-70.177,-1.101],[-70.178,-1.091],[-70.176,-1.079],[-70.206,-1.069],[-70.222,-1.059],[-70.228,-1.047],[-70.225,-1.032],[-70.202,-1.011],[-70.195,-0.993],[-70.199,-0.983],[-70.219,-0.983],[-70.227,-0.993],[-70.23,-1.01],[-70.241,-1.019],[-70.253,-1.019],[-70.279,-1.004],[-70.301,-0.979],[-70.307,-0.966],[-70.305,-0.952],[-70.295,-0.935],[-70.285,-0.932],[-70.27,-0.939],[-70.258,-0.934],[-70.253,-0.916],[-70.243,-0.903],[-70.225,-0.895],[-70.221,-0.883],[-70.231,-0.873],[-70.258,-0.832],[-70.275,-0.821],[-70.289,-0.81],[-70.296,-0.793],[-70.294,-0.762],[-70.29,-0.751],[-70.278,-0.744],[-70.264,-0.746],[-70.251,-0.742],[-70.249,-0.732],[-70.26,-0.719],[-70.263,-0.702],[-70.254,-0.676],[-70.261,-0.651],[-70.255,-0.627],[-70.261,-0.615],[-70.259,-0.602],[-70.264,-0.582],[-70.275,-0.567],[-70.294,-0.555],[-70.304,-0.563],[-70.301,-0.578],[-70.309,-0.588],[-70.323,-0.582],[-70.327,-0.564],[-70.319,-0.547],[-70.308,-0.533],[-70.294,-0.512],[-70.283,-0.504],[-70.265,-0.496],[-70.255,-0.487],[-70.245,-0.469],[-70.235,-0.466],[-70.209,-0.477],[-70.2,-0.464],[-70.212,-0.44],[-70.223,-0.435],[-70.241,-0.444],[-70.251,-0.442],[-70.256,-0.432],[-70.269,-0.417],[-70.289,-0.412],[-70.302,-0.43],[-70.307,-0.44],[-70.319,-0.442],[-70.331,-0.437],[-70.349,-0.449],[-70.366,-0.454],[-70.363,-0.466],[-70.352,-0.472],[-70.338,-0.472],[-70.324,-0.467],[-70.32,-0.478],[-70.323,-0.489],[-70.335,-0.498],[-70.367,-0.496],[-70.379,-0.497],[-70.387,-0.47],[-70.398,-0.462],[-70.413,-0.465],[-70.439,-0.478],[-70.451,-0.494],[-70.463,-0.491],[-70.465,-0.48],[-70.453,-0.465],[-70.449,-0.453],[-70.454,-0.437],[-70.472,-0.411],[-70.479,-0.398],[-70.496,-0.388],[-70.509,-0.374],[-70.518,-0.359],[-70.53,-0.359],[-70.53,-0.372],[-70.54,-0.368],[-70.554,-0.362],[-70.568,-0.386],[-70.581,-0.391],[-70.6,-0.366],[-70.606,-0.347],[-70.616,-0.338],[-70.627,-0.322],[-70.637,-0.319],[-70.658,-0.335],[-70.664,-0.347],[-70.676,-0.351],[-70.69,-0.331],[-70.71,-0.314],[-70.72,-0.302],[-70.729,-0.29],[-70.741,-0.287],[-70.765,-0.294],[-70.775,-0.302],[-70.781,-0.312],[-70.761,-0.317],[-70.759,-0.328],[-70.797,-0.344],[-70.808,-0.35],[-70.811,-0.364],[-70.822,-0.366],[-70.833,-0.345],[-70.842,-0.328],[-70.865,-0.31],[-70.867,-0.291],[-70.878,-0.283],[-70.873,-0.263],[-70.873,-0.247],[-70.886,-0.224],[-70.884,-0.213],[-70.91,-0.204],[-70.916,-0.188],[-70.933,-0.175],[-70.943,-0.164],[-70.947,-0.154],[-70.945,-0.143],[-70.933,-0.13],[-70.914,-0.123],[-70.905,-0.133],[-70.892,-0.116],[-70.897,-0.103],[-70.918,-0.099],[-70.927,-0.087],[-70.931,-0.076],[-70.928,-0.061],[-70.927,-0.05],[-70.944,-0.041],[-70.96,-0.04],[-70.973,-0.026],[-70.969,-0.015],[-70.982,-0.003],[-70.995,-0.002],[-71.016,-0.013],[-71.018,-0.025],[-71.012,-0.039],[-71.027,-0.049],[-71.051,-0.034],[-71.05,-0.022],[-71.035,-0.011],[-71.045,-0.004],[-71.061,-0.01],[-71.073,0.0],[-71.083,0.001],[-71.096,-0.007],[-71.097,0.008],[-71.1,0.023],[-71.113,0.024],[-71.116,0.011],[-71.132,0.004],[-71.142,0.028],[-71.149,0.04],[-71.144,0.054],[-71.147,0.066],[-71.168,0.088],[-71.187,0.098],[-71.186,0.086],[-71.197,0.079],[-71.211,0.071],[-71.225,0.055],[-71.236,0.067],[-71.248,0.059],[-71.263,0.071],[-71.281,0.066],[-71.295,0.071],[-71.289,0.087],[-71.291,0.098],[-71.308,0.103],[-71.323,0.112],[-71.333,0.089],[-71.342,0.077],[-71.361,0.064],[-71.369,0.048],[-71.398,0.031],[-71.422,0.023],[-71.438,0.021],[-71.465,0.02],[-71.482,0.018],[-71.504,0.009],[-71.541,-0.001],[-71.569,-0.003],[-71.583,-0.003],[-71.597,-0.006],[-71.618,-0.016],[-71.629,-0.036],[-71.641,-0.047],[-71.665,-0.06],[-71.688,-0.069],[-71.699,-0.079],[-71.705,-0.09],[-71.72,-0.101],[-71.721,-0.116],[-71.732,-0.141],[-71.731,-0.163],[-71.725,-0.176],[-71.722,-0.189],[-71.717,-0.202],[-71.716,-0.218],[-71.75,-0.251],[-71.766,-0.254],[-71.779,-0.263],[-71.81,-0.265],[-71.829,-0.272],[-71.846,-0.272],[-71.858,-0.269],[-71.872,-0.269],[-71.922,-0.267],[-71.955,-0.271],[-72.003,-0.268],[-72.029,-0.265],[-72.047,-0.279],[-72.06,-0.308],[-72.067,-0.321],[-72.082,-0.332],[-72.108,-0.332],[-72.131,-0.343],[-72.153,-0.363],[-72.158,-0.374],[-72.158,-0.392],[-72.166,-0.419],[-72.176,-0.435],[-72.192,-0.456],[-72.194,-0.47],[-72.212,-0.485],[-72.233,-0.491],[-72.235,-0.519],[-72.24,-0.531],[-72.243,-0.557],[-72.23,-0.584],[-72.235,-0.595],[-72.242,-0.611],[-72.254,-0.616],[-72.273,-0.625],[-72.33,-0.644],[-72.349,-0.64],[-72.372,-0.624],[-72.396,-0.614],[-72.406,-0.604],[-72.404,-0.583],[-72.408,-0.568],[-72.422,-0.563],[-72.434,-0.565],[-72.446,-0.581],[-72.467,-0.601],[-72.478,-0.617],[-72.495,-0.631],[-72.515,-0.66],[-72.527,-0.666],[-72.542,-0.687],[-72.556,-0.707],[-72.603,-0.687],[-72.622,-0.67],[-72.674,-0.636],[-72.677,-0.617],[-72.694,-0.612],[-72.714,-0.59],[-72.727,-0.585],[-72.741,-0.581],[-72.746,-0.56],[-72.759,-0.559],[-72.769,-0.569],[-72.776,-0.58],[-72.788,-0.576],[-72.8,-0.58],[-72.811,-0.598],[-72.825,-0.598],[-72.852,-0.612],[-72.875,-0.619],[-72.907,-0.618],[-72.921,-0.616],[-72.932,-0.61],[-72.943,-0.596],[-72.949,-0.576],[-72.956,-0.565],[-72.972,-0.549],[-72.987,-0.539],[-72.998,-0.533],[-73.014,-0.528],[-73.025,-0.529],[-73.044,-0.536],[-73.055,-0.553],[-73.06,-0.576],[-73.069,-0.593],[-73.071,-0.603],[-73.072,-0.618],[-73.084,-0.624],[-73.098,-0.612],[-73.11,-0.606],[-73.123,-0.606],[-73.143,-0.61],[-73.163,-0.622],[-73.202,-0.627],[-73.212,-0.622],[-73.219,-0.608],[-73.24,-0.586],[-73.253,-0.583],[-73.26,-0.561],[-73.277,-0.547],[-73.299,-0.541],[-73.314,-0.532],[-73.33,-0.507],[-73.352,-0.512],[-73.375,-0.533],[-73.389,-0.534],[-73.403,-0.523],[-73.419,-0.514],[-73.437,-0.512],[-73.447,-0.514],[-73.488,-0.529],[-73.505,-0.527],[-73.522,-0.516],[-73.53,-0.49],[-73.54,-0.495],[-73.544,-0.51],[-73.562,-0.519],[-73.572,-0.514],[-73.569,-0.504],[-73.577,-0.483],[-73.579,-0.457],[-73.592,-0.441],[-73.604,-0.439],[-73.617,-0.442],[-73.632,-0.451],[-73.648,-0.458],[-73.636,-0.435],[-73.637,-0.422],[-73.663,-0.422],[-73.675,-0.423],[-73.691,-0.414],[-73.708,-0.386],[-73.731,-0.381],[-73.753,-0.404],[-73.763,-0.409],[-73.79,-0.409],[-73.813,-0.412],[-73.824,-0.409],[-73.841,-0.398],[-74.381,-0.551],[-74.388,-0.559]]]}},{"type":"Feature","properties":{"codigo":724,"nombre":"Antioquia","nombre_fuente":"Antioquia"},"geometry":{"type":"MultiPolygon","coordinates":[[[[-74.658,5.775],[-74.65,5.795],[-74.645,5.813],[-74.649,5.827],[-74.645,5.843],[-74.637,5.873],[-74.62,5.889],[-74.596,5.893],[-74.586,5.899],[-74.589,5.92],[-74.6,5.933],[-74.605,5.953],[-74.611,5.971],[-74.594,5.983],[-74.577,5.982],[-74.565,5.989],[-74.561,6.002],[-74.57,6.029],[-74.572,6.044],[-74.57,6.058],[-74.563,6.07],[-74.578,6.082],[-74.589,6.089],[-74.602,6.095],[-74.606,6.108],[-74.61,6.121],[-74.607,6.142],[-74.597,6.16],[-74.585,6.169],[-74.576,6.184],[-74.574,6.208],[-74.568,6.221],[-74.558,6.233],[-74.544,6.254],[-74.539,6.266],[-74.521,6.276],[-74.509,6.279],[-74.497,6.286],[-74.487,6.296],[-74.474,6.308],[-74.453,6.332],[-74.44,6.37],[-74.432,6.386],[-74.422,6.393],[-74.405,6.392],[-74.392,6.394],[-74.376,6.404],[-74.366,6.42],[-74.382,6.436],[-74.399,6.459],[-74.405,6.469],[-74.4,6.482],[-74.394,6.505],[-74.401,6.523],[-74.412,6.544],[-74.406,6.564],[-74.403,6.585],[-74.384,6.604],[-74.361,6.633],[-74.342,6.635],[-74.33,6.63],[-74.308,6.656],[-74.278,6.663],[-74.264,6.67],[-74.243,6.696],[-74.23,6.712],[-74.22,6.717],[-74.201,6.718],[-74.185,6.722],[-74.17,6.729],[-74.148,6.751],[-74.132,6.764],[-74.12,6.778],[-74.107,6.787],[-74.097,6.796],[-74.088,6.811],[-74.074,6.837],[-74.067,6.852],[-74.047,6.867],[-74.032,6.883],[-74.005,6.913],[-73.985,6.929],[-73.949,6.953],[-73.937,6.956],[-73.919,6.971],[-73.906,6.982],[-73.884,7.004],[-73.88,7.015],[-73.88,7.025],[-73.886,7.048],[-73.886,7.064],[-73.895,7.081],[-73.911,7.096],[-73.92,7.11],[-73.925,7.124],[-73.927,7.152],[-73.939,7.174],[-73.924,7.213],[-73.922,7.243],[-73.925,7.256],[-73.924,7.271],[-73.922,7.282],[-73.913,7.298],[-74.244,7.004],[-74.257,7.004],[-74.275,7.013],[-74.287,7.002],[-74.302,7.003],[-74.313,7.008],[-74.32,7.019],[-74.333,7.013],[-74.349,7.013],[-74.353,7.025],[-74.35,7.055],[-74.352,7.066],[-74.352,7.082],[-74.363,7.086],[-74.371,7.098],[-74.371,7.11],[-74.369,7.121],[-74.376,7.132],[-74.381,7.149],[-74.385,7.161],[-74.39,7.171],[-74.4,7.189],[-74.409,7.202],[-74.408,7.217],[-74.405,7.229],[-74.396,7.255],[-74.39,7.27],[-74.389,7.285],[-74.386,7.298],[-74.395,7.309],[-74.402,7.33],[-74.398,7.343],[-74.388,7.361],[-74.376,7.365],[-74.373,7.376],[-74.361,7.389],[-74.356,7.4],[-74.344,7.412],[-74.342,7.426],[-74.353,7.433],[-74.364,7.446],[-74.364,7.459],[-74.373,7.469],[-74.386,7.466],[-74.398,7.461],[-74.412,7.461],[-74.422,7.443],[-74.416,7.412],[-74.411,7.397],[-74.418,7.382],[-74.439,7.381],[-74.453,7.37],[-74.466,7.358],[-74.467,7.347],[-74.489,7.343],[-74.505,7.361],[-74.51,7.377],[-74.527,7.39],[-74.534,7.4],[-74.548,7.411],[-74.558,7.415],[-74.561,7.428],[-74.575,7.432],[-74.586,7.442],[-74.596,7.455],[-74.598,7.472],[-74.588,7.483],[-74.593,7.499],[-74.59,7.511],[-74.574,7.514],[-74.57,7.533],[-74.57,7.554],[-74.571,7.578],[-74.568,7.595],[-74.563,7.607],[-74.566,7.618],[-74.565,7.636],[-74.56,7.647],[-74.544,7.655],[-74.516,7.663],[-74.497,7.66],[-74.483,7.673],[-74.481,7.69],[-74.476,7.703],[-74.461,7.724],[-74.468,7.735],[-74.504,7.753],[-74.513,7.768],[-74.514,7.782],[-74.525,7.782],[-74.519,7.796],[-74.517,7.817],[-74.526,7.836],[-74.527,7.849],[-74.525,7.86],[-74.523,7.882],[-74.521,7.904],[-74.531,7.913],[-74.536,7.935],[-74.539,7.947],[-74.55,7.956],[-74.56,7.969],[-74.574,7.976],[-74.577,7.987],[-74.583,8.0],[-74.592,8.011],[-74.597,8.025],[-74.603,8.037],[-74.615,8.031],[-74.626,8.039],[-74.631,8.052],[-74.643,8.056],[-74.656,8.054],[-74.682,8.084],[-74.72,8.101],[-74.725,8.117],[-74.735,8.117],[-74.746,8.123],[-74.759,8.129],[-74.771,8.121],[-74.781,8.13],[-74.8,8.139],[-74.812,8.144],[-74.813,8.156],[-74.817,8.168],[-74.814,8.183],[-74.825,8.199],[-74.872,8.2],[-74.876,8.187],[-74.873,8.174],[-74.881,8.148],[-74.892,8.123],[-74.9,8.11],[-74.912,8.101],[-74.924,8.08],[-74.951,8.08],[-74.968,8.094],[-75.006,8.073],[-75.023,8.066],[-75.041,8.056],[-75.072,8.052],[-75.094,8.057],[-75.117,8.052],[-75.14,8.053],[-75.155,8.055],[-75.166,8.049],[-75.183,8.05],[-75.21,8.063],[-75.224,8.06],[-75.238,8.04],[-75.239,8.028],[-75.246,8.015],[-75.261,7.997],[-75.276,7.993],[-75.281,7.981],[-75.292,7.969],[-75.303,7.96],[-75.316,7.945],[-75.331,7.95],[-75.34,7.91],[-75.347,7.888],[-75.359,7.877],[-75.372,7.871],[-75.385,7.868],[-75.398,7.859],[-75.412,7.846],[-75.418,7.835],[-75.454,7.834],[-75.46,7.823],[-75.464,7.786],[-75.474,7.773],[-75.482,7.759],[-75.482,7.742],[-75.492,7.725],[-75.511,7.715],[-75.534,7.708],[-75.552,7.701],[-75.561,7.675],[-75.562,7.655],[-75.572,7.64],[-75.57,7.626],[-75.583,7.607],[-75.599,7.603],[-75.603,7.582],[-75.633,7.58],[-75.65,7.587],[-75.661,7.593],[-75.674,7.597],[-75.683,7.585],[-75.695,7.58],[-75.712,7.582],[-75.741,7.611],[-75.759,7.605],[-75.76,7.585],[-75.762,7.574],[-75.773,7.556],[-75.772,7.542],[-75.769,7.53],[-75.784,7.516],[-75.778,7.503],[-75.782,7.487],[-75.789,7.459],[-75.802,7.447],[-75.822,7.442],[-75.827,7.43],[-75.82,7.417],[-75.833,7.398],[-75.837,7.387],[-75.835,7.371],[-75.966,7.357],[-76.384,7.392],[-76.402,7.41],[-76.42,7.436],[-76.429,7.45],[-76.431,7.461],[-76.45,7.49],[-76.456,7.505],[-76.464,7.517],[-76.484,7.533],[-76.498,7.551],[-76.51,7.584],[-76.505,7.628],[-76.498,7.644],[-76.489,7.66],[-76.488,7.685],[-76.49,7.702],[-76.489,7.72],[-76.491,7.73],[-76.496,7.742],[-76.485,7.757],[-76.481,7.77],[-76.476,7.817],[-76.478,7.832],[-76.469,7.845],[-76.466,7.856],[-76.452,7.868],[-76.437,7.895],[-76.42,7.91],[-76.415,7.953],[-76.417,7.986],[-76.415,7.996],[-76.427,8.017],[-76.423,8.034],[-76.416,8.071],[-76.408,8.082],[-76.39,8.093],[-76.38,8.114],[-76.377,8.135],[-76.366,8.161],[-76.345,8.174],[-76.342,8.186],[-76.343,8.207],[-76.333,8.225],[-76.321,8.276],[-76.31,8.286],[-76.305,8.308],[-76.298,8.321],[-76.284,8.332],[-76.272,8.344],[-76.252,8.361],[-76.235,8.368],[-76.214,8.381],[-76.194,8.39],[-76.193,8.408],[-76.211,8.435],[-76.21,8.464],[-76.213,8.5],[-76.218,8.516],[-76.232,8.539],[-76.234,8.556],[-76.223,8.568],[-76.243,8.572],[-76.253,8.585],[-76.252,8.6],[-76.255,8.611],[-76.266,8.621],[-76.267,8.635],[-76.283,8.649],[-76.295,8.653],[-76.309,8.656],[-76.33,8.653],[-76.341,8.646],[-76.347,8.657],[-76.349,8.669],[-76.353,8.68],[-76.356,8.695],[-76.366,8.719],[-76.4,8.746],[-76.412,8.748],[-76.399,8.774],[-76.389,8.784],[-76.414,8.89],[-76.414,8.872],[-76.421,8.86],[-76.479,8.826],[-76.51,8.803],[-76.515,8.78],[-76.531,8.769],[-76.557,8.755],[-76.583,8.747],[-76.608,8.74],[-76.63,8.731],[-76.632,8.715],[-76.633,8.698],[-76.638,8.685],[-76.649,8.671],[-76.685,8.657],[-76.735,8.646],[-76.756,8.639],[-76.776,8.635],[-76.848,8.624],[-76.884,8.622],[-76.887,8.609],[-76.892,8.591],[-76.903,8.58],[-76.934,8.556],[-76.938,8.545],[-76.929,8.528],[-76.932,8.54],[-76.919,8.544],[-76.904,8.532],[-76.871,8.519],[-76.844,8.509],[-76.826,8.497],[-76.813,8.483],[-76.806,8.472],[-76.797,8.451],[-76.795,8.436],[-76.788,8.421],[-76.776,8.421],[-76.759,8.398],[-76.757,8.385],[-76.76,8.354],[-76.754,8.343],[-76.754,8.327],[-76.76,8.301],[-76.768,8.282],[-76.774,8.269],[-76.769,8.258],[-76.759,8.246],[-76.754,8.227],[-76.751,8.216],[-76.748,8.204],[-76.745,8.189],[-76.74,8.172],[-76.744,8.137],[-76.755,8.123],[-76.75,8.112],[-76.74,8.112],[-76.739,8.1],[-76.743,8.065],[-76.736,8.087],[-76.724,8.083],[-76.721,8.07],[-76.719,8.04],[-76.728,8.027],[-76.738,8.018],[-76.736,8.001],[-76.726,7.982],[-76.745,7.963],[-76.74,7.951],[-76.745,7.938],[-76.748,7.921],[-76.773,7.909],[-76.795,7.905],[-76.831,7.903],[-76.857,7.904],[-76.868,7.904],[-76.882,7.905],[-76.914,7.913],[-76.931,7.933],[-76.933,7.944],[-76.929,7.964],[-76.929,7.981],[-76.921,7.998],[-76.924,8.012],[-76.924,8.027],[-76.915,8.039],[-76.902,8.046],[-76.892,8.046],[-76.875,8.032],[-76.863,8.024],[-76.852,8.023],[-76.842,8.019],[-76.848,8.03],[-76.859,8.035],[-76.866,8.048],[-76.852,8.057],[-76.842,8.047],[-76.832,8.046],[-76.839,8.058],[-76.853,8.06],[-76.865,8.061],[-76.87,8.072],[-76.859,8.074],[-76.844,8.078],[-76.831,8.087],[-76.849,8.088],[-76.853,8.104],[-76.854,8.115],[-76.842,8.124],[-76.831,8.126],[-76.818,8.133],[-76.807,8.129],[-76.824,8.138],[-76.834,8.133],[-76.867,8.132],[-76.883,8.13],[-76.893,8.132],[-76.888,8.121],[-76.896,8.11],[-76.926,8.091],[-76.936,8.097],[-76.936,8.108],[-76.947,8.119],[-76.952,8.131],[-76.95,8.145],[-76.946,8.164],[-76.935,8.166],[-76.925,8.172],[-76.914,8.179],[-76.927,8.179],[-76.938,8.179],[-76.925,8.203],[-76.942,8.209],[-76.933,8.198],[-76.939,8.182],[-76.952,8.182],[-76.965,8.205],[-76.966,8.218],[-76.97,8.232],[-76.968,8.244],[-76.958,8.239],[-76.95,8.252],[-76.963,8.256],[-76.976,8.257],[-76.979,8.23],[-76.967,8.193],[-76.954,8.179],[-76.954,8.145],[-76.955,8.12],[-76.965,8.122],[-76.968,8.133],[-76.979,8.127],[-76.986,8.106],[-76.967,8.095],[-76.966,8.078],[-76.948,8.067],[-76.955,8.042],[-76.971,8.032],[-76.988,8.031],[-77.005,7.987],[-77.005,7.969],[-77.0,7.957],[-77.019,7.951],[-77.014,7.939],[-77.015,7.924],[-77.023,7.905],[-77.028,7.887],[-77.049,7.864],[-77.058,7.852],[-77.076,7.848],[-77.091,7.827],[-77.103,7.824],[-77.117,7.832],[-77.123,7.789],[-77.113,7.779],[-77.075,7.752],[-77.063,7.732],[-77.055,7.713],[-77.039,7.702],[-77.03,7.69],[-77.025,7.677],[-76.997,7.653],[-76.99,7.636],[-76.974,7.624],[-76.959,7.62],[-76.944,7.613],[-76.872,7.549],[-76.829,7.521],[-76.827,7.506],[-76.803,7.476],[-76.78,7.45],[-76.729,7.386],[-76.717,7.368],[-76.695,7.362],[-76.643,7.327],[-76.632,7.321],[-76.619,7.317],[-76.603,7.314],[-76.586,7.299],[-76.574,7.298],[-76.567,7.282],[-76.545,7.259],[-76.535,7.258],[-76.525,7.243],[-76.521,7.23],[-76.517,7.215],[-76.508,7.202],[-76.509,7.177],[-76.503,7.164],[-76.503,7.149],[-76.491,7.145],[-76.483,7.133],[-76.494,7.128],[-76.508,7.139],[-76.511,7.121],[-76.516,7.111],[-76.52,7.1],[-76.531,7.095],[-76.53,7.081],[-76.541,7.064],[-76.541,7.047],[-76.542,7.029],[-76.548,7.016],[-76.547,7.003],[-76.559,6.991],[-76.572,6.978],[-76.584,6.983],[-76.589,6.999],[-76.594,7.012],[-76.604,7.0],[-76.609,7.012],[-76.636,7.015],[-76.651,7.01],[-76.671,7.023],[-76.684,7.023],[-76.696,7.023],[-76.707,7.025],[-76.825,7.005],[-76.843,6.988],[-76.832,6.989],[-76.831,6.974],[-76.82,6.977],[-76.822,6.965],[-76.811,6.962],[-76.808,6.95],[-76.796,6.934],[-76.796,6.905],[-76.792,6.894],[-76.787,6.879],[-76.791,6.868],[-76.805,6.862],[-76.828,6.86],[-76.819,6.845],[-76.838,6.832],[-76.85,6.836],[-76.86,6.847],[-76.874,6.851],[-76.886,6.846],[-76.899,6.834],[-76.913,6.843],[-76.926,6.832],[-76.932,6.814],[-76.957,6.816],[-76.969,6.814],[-76.972,6.797],[-76.96,6.795],[-76.964,6.78],[-76.963,6.761],[-76.967,6.747],[-76.962,6.735],[-76.958,6.725],[-76.946,6.724],[-76.933,6.711],[-76.947,6.696],[-76.959,6.69],[-76.961,6.677],[-76.951,6.674],[-76.94,6.685],[-76.937,6.655],[-76.922,6.649],[-76.917,6.662],[-76.907,6.671],[-76.897,6.659],[-76.911,6.643],[-76.91,6.63],[-76.898,6.625],[-76.879,6.63],[-76.862,6.625],[-76.864,6.61],[-76.882,6.61],[-76.897,6.593],[-76.898,6.578],[-76.893,6.568],[-76.883,6.56],[-76.865,6.571],[-76.853,6.561],[-76.848,6.548],[-76.846,6.533],[-76.842,6.522],[-76.826,6.526],[-76.824,6.51],[-76.82,6.487],[-76.805,6.505],[-76.792,6.496],[-76.778,6.49],[-76.767,6.478],[-76.769,6.466],[-76.781,6.475],[-76.784,6.458],[-76.795,6.445],[-76.791,6.434],[-76.773,6.439],[-76.764,6.427],[-76.774,6.421],[-76.789,6.425],[-76.793,6.41],[-76.77,6.396],[-76.766,6.384],[-76.782,6.382],[-76.775,6.37],[-76.775,6.358],[-76.789,6.35],[-76.79,6.339],[-76.779,6.333],[-76.789,6.325],[-76.782,6.309],[-76.785,6.297],[-76.777,6.285],[-76.756,6.285],[-76.75,6.274],[-76.759,6.261],[-76.752,6.247],[-76.733,6.237],[-76.727,6.225],[-76.722,6.201],[-76.715,6.189],[-76.718,6.172],[-76.704,6.169],[-76.69,6.166],[-76.677,6.173],[-76.667,6.172],[-76.655,6.173],[-76.644,6.168],[-76.631,6.175],[-76.62,6.185],[-76.601,6.192],[-76.591,6.189],[-76.58,6.187],[-76.56,6.18],[-76.55,6.178],[-76.536,6.179],[-76.526,6.178],[-76.508,6.174],[-76.489,6.168],[-76.476,6.162],[-76.469,6.177],[-76.449,6.169],[-76.438,6.17],[-76.42,6.166],[-76.409,6.172],[-76.405,6.186],[-76.378,6.195],[-76.361,6.193],[-76.351,6.196],[-76.339,6.197],[-76.326,6.203],[-76.31,6.2],[-76.295,6.2],[-76.284,6.193],[-76.274,6.2],[-76.262,6.209],[-76.248,6.204],[-76.226,6.195],[-76.213,6.168],[-76.201,6.161],[-76.206,6.147],[-76.203,6.134],[-76.202,6.121],[-76.196,6.104],[-76.197,6.08],[-76.192,6.063],[-76.182,6.048],[-76.172,6.03],[-76.173,6.017],[-76.165,6.007],[-76.155,6.005],[-76.144,5.998],[-76.132,6.0],[-76.124,6.012],[-76.112,6.021],[-76.098,6.015],[-76.093,6.003],[-76.088,5.991],[-76.071,5.985],[-76.071,5.955],[-76.07,5.932],[-76.079,5.911],[-76.086,5.875],[-76.098,5.851],[-76.099,5.826],[-76.097,5.815],[-76.091,5.8],[-76.071,5.781],[-76.081,5.769],[-76.067,5.758],[-76.071,5.744],[-76.069,5.725],[-76.079,5.71],[-76.084,5.697],[-76.082,5.683],[-76.066,5.672],[-76.054,5.661],[-76.044,5.654],[-76.026,5.643],[-76.011,5.631],[-76.005,5.618],[-76.003,5.601],[-76.008,5.587],[-76.007,5.576],[-76.008,5.563],[-75.999,5.542],[-75.988,5.528],[-75.969,5.513],[-75.954,5.509],[-75.936,5.51],[-75.926,5.501],[-75.915,5.489],[-75.892,5.484],[-75.871,5.493],[-75.86,5.496],[-75.85,5.492],[-75.831,5.488],[-75.827,5.499],[-75.818,5.512],[-75.807,5.514],[-75.802,5.526],[-75.792,5.532],[-75.776,5.54],[-75.768,5.552],[-75.745,5.552],[-75.731,5.564],[-75.721,5.552],[-75.709,5.54],[-75.697,5.531],[-75.686,5.525],[-75.676,5.528],[-75.663,5.527],[-75.649,5.531],[-75.636,5.528],[-75.622,5.528],[-75.612,5.53],[-75.597,5.518],[-75.583,5.519],[-75.57,5.521],[-75.569,5.54],[-75.577,5.565],[-75.577,5.579],[-75.58,5.593],[-75.581,5.604],[-75.584,5.621],[-75.585,5.637],[-75.587,5.652],[-75.576,5.66],[-75.575,5.671],[-75.588,5.674],[-75.6,5.68],[-75.6,5.696],[-75.598,5.706],[-75.6,5.718],[-75.599,5.739],[-75.587,5.735],[-75.571,5.724],[-75.554,5.725],[-75.543,5.721],[-75.543,5.709],[-75.537,5.696],[-75.527,5.694],[-75.508,5.681],[-75.494,5.68],[-75.478,5.663],[-75.461,5.672],[-75.445,5.685],[-75.433,5.692],[-75.416,5.696],[-75.405,5.681],[-75.394,5.677],[-75.384,5.677],[-75.374,5.666],[-75.368,5.655],[-75.368,5.64],[-75.379,5.629],[-75.379,5.618],[-75.369,5.605],[-75.354,5.603],[-75.342,5.606],[-75.341,5.595],[-75.341,5.584],[-75.338,5.568],[-75.327,5.556],[-75.333,5.545],[-75.33,5.532],[-75.322,5.519],[-75.311,5.508],[-75.316,5.495],[-75.315,5.484],[-75.317,5.472],[-75.306,5.468],[-75.288,5.473],[-75.285,5.459],[-75.284,5.444],[-75.28,5.428],[-75.264,5.434],[-75.255,5.448],[-75.249,5.461],[-75.237,5.478],[-75.219,5.503],[-75.205,5.508],[-75.19,5.519],[-75.179,5.522],[-75.15,5.53],[-75.137,5.527],[-75.133,5.544],[-75.128,5.555],[-75.119,5.565],[-75.109,5.573],[-75.097,5.581],[-75.091,5.592],[-75.089,5.602],[-75.089,5.616],[-75.091,5.626],[-75.098,5.638],[-75.096,5.65],[-75.087,5.661],[-75.077,5.657],[-75.066,5.666],[-75.053,5.665],[-75.041,5.667],[-75.026,5.676],[-75.014,5.679],[-75.001,5.695],[-74.991,5.706],[-74.982,5.718],[-74.97,5.715],[-74.952,5.72],[-74.939,5.726],[-74.901,5.736],[-74.886,5.74],[-74.865,5.748],[-74.846,5.738],[-74.836,5.733],[-74.834,5.719],[-74.821,5.708],[-74.805,5.698],[-74.791,5.696],[-74.774,5.689],[-74.76,5.696],[-74.749,5.697],[-74.737,5.706],[-74.732,5.717],[-74.728,5.742],[-74.717,5.751],[-74.715,5.769],[-74.701,5.77],[-74.685,5.779],[-74.669,5.769],[-74.658,5.775]]],[[[-76.921,8.196],[-76.932,8.181],[-76.92,8.182],[-76.915,8.194],[-76.921,8.196]]]]}},{"type":"Feature","properties":{"codigo":748,"nombre":"Arauca","nombre_fuente":"Arauca"},"geometry":{"type":"Polygon","coordinates":[[[-69.43,6.108],[-69.763,6.528],[-70.118,6.98],[-70.134,6.975],[-70.145,6.979],[-70.157,6.981],[-70.17,6.979],[-70.18,6.979],[-70.192,6.976],[-70.202,6.976],[-70.217,6.976],[-70.229,6.971],[-70.25,6.959],[-70.257,6.947],[-70.273,6.941],[-70.284,6.941],[-70.301,6.937],[-70.322,6.935],[-70.333,6.941],[-70.344,6.944],[-70.355,6.952],[-70.362,6.967],[-70.372,6.981],[-70.385,6.985],[-70.397,6.982],[-70.41,6.985],[-70.423,6.986],[-70.427,6.998],[-70.439,7.008],[-70.455,7.004],[-70.466,7.003],[-70.491,7.009],[-70.502,7.006],[-70.509,7.018],[-70.522,7.035],[-70.539,7.041],[-70.535,7.055],[-70.544,7.069],[-70.555,7.076],[-70.568,7.081],[-70.584,7.076],[-70.607,7.064],[-70.621,7.068],[-70.635,7.07],[-70.646,7.078],[-70.659,7.081],[-70.671,7.085],[-70.684,7.104],[-70.694,7.096],[-70.715,7.094],[-70.738,7.088],[-70.752,7.092],[-70.765,7.095],[-70.774,7.081],[-70.788,7.083],[-70.813,7.079],[-70.825,7.074],[-70.837,7.079],[-70.854,7.078],[-70.852,7.063],[-70.863,7.055],[-70.886,7.064],[-70.903,7.045],[-70.915,7.053],[-70.927,7.046],[-70.925,7.032],[-70.936,7.02],[-70.95,7.016],[-70.963,7.017],[-70.975,7.012],[-70.977,7.001],[-70.991,6.99],[-71.022,6.974],[-71.04,6.982],[-71.054,6.981],[-71.067,6.98],[-71.077,6.981],[-71.091,6.983],[-71.112,6.99],[-71.115,7.007],[-71.103,7.005],[-71.118,7.01],[-71.123,7.023],[-71.13,7.033],[-71.144,7.033],[-71.167,7.027],[-71.183,7.021],[-71.194,7.02],[-71.207,7.02],[-71.228,7.027],[-71.237,7.015],[-71.249,7.018],[-71.261,7.024],[-71.283,7.024],[-71.298,7.029],[-71.313,7.022],[-71.334,7.017],[-71.356,7.02],[-71.37,7.015],[-71.386,7.031],[-71.401,7.037],[-71.412,7.035],[-71.425,7.039],[-71.435,7.026],[-71.448,7.018],[-71.459,7.013],[-71.472,7.012],[-71.483,7.027],[-71.505,7.026],[-71.527,7.035],[-71.549,7.03],[-71.564,7.03],[-71.574,7.026],[-71.588,7.016],[-71.593,7.031],[-71.584,7.043],[-71.588,7.055],[-71.601,7.047],[-71.617,7.043],[-71.63,7.055],[-71.641,7.056],[-71.65,7.044],[-71.664,7.033],[-71.677,7.038],[-71.691,7.038],[-71.705,7.032],[-71.715,7.035],[-71.716,7.048],[-71.735,7.058],[-71.746,7.066],[-71.767,7.066],[-71.797,7.063],[-71.811,7.064],[-71.826,7.054],[-71.822,7.037],[-71.835,7.026],[-71.847,7.025],[-71.864,7.02],[-71.876,7.021],[-71.89,7.021],[-71.9,7.016],[-71.916,7.017],[-71.937,7.012],[-71.962,6.983],[-71.975,6.971],[-71.987,6.941],[-71.994,6.925],[-71.998,6.906],[-72.009,6.885],[-72.02,6.856],[-72.031,6.838],[-72.038,6.819],[-72.037,6.805],[-72.043,6.789],[-72.047,6.777],[-72.058,6.768],[-72.076,6.752],[-72.092,6.754],[-72.098,6.742],[-72.095,6.728],[-72.098,6.716],[-72.097,6.697],[-72.094,6.685],[-72.097,6.674],[-72.091,6.652],[-72.093,6.634],[-72.111,6.613],[-72.109,6.592],[-72.117,6.577],[-72.121,6.545],[-72.124,6.516],[-72.136,6.513],[-72.151,6.514],[-72.172,6.5],[-72.176,6.469],[-72.181,6.459],[-72.197,6.465],[-72.209,6.463],[-72.212,6.452],[-72.222,6.436],[-72.253,6.434],[-72.266,6.426],[-72.278,6.411],[-72.286,6.397],[-72.282,6.381],[-72.292,6.376],[-72.302,6.364],[-72.313,6.358],[-72.316,6.347],[-72.318,6.335],[-72.334,6.346],[-72.351,6.346],[-72.351,6.333],[-72.352,6.322],[-72.364,6.307],[-72.368,6.292],[-72.367,6.274],[-72.362,6.261],[-72.35,6.246],[-72.344,6.225],[-72.328,6.219],[-72.317,6.207],[-72.306,6.204],[-72.292,6.203],[-72.282,6.192],[-72.279,6.179],[-72.284,6.161],[-72.277,6.137],[-72.26,6.121],[-72.25,6.116],[-72.234,6.112],[-72.215,6.104],[-72.199,6.099],[-72.188,6.091],[-72.172,6.081],[-72.157,6.072],[-72.144,6.067],[-72.125,6.068],[-72.111,6.075],[-72.104,6.086],[-72.075,6.114],[-72.054,6.123],[-72.035,6.121],[-72.015,6.127],[-72.004,6.133],[-71.993,6.14],[-71.961,6.164],[-71.948,6.17],[-71.937,6.168],[-71.917,6.166],[-71.902,6.157],[-71.889,6.159],[-71.874,6.16],[-71.859,6.163],[-71.848,6.172],[-71.838,6.181],[-71.827,6.186],[-71.811,6.187],[-71.798,6.188],[-71.783,6.193],[-71.773,6.193],[-71.761,6.192],[-71.749,6.189],[-71.737,6.191],[-71.723,6.194],[-71.713,6.193],[-71.702,6.194],[-71.679,6.191],[-71.662,6.196],[-71.648,6.204],[-71.647,6.214],[-71.637,6.222],[-71.62,6.227],[-71.608,6.22],[-71.611,6.209],[-71.598,6.211],[-71.586,6.208],[-71.575,6.191],[-71.575,6.206],[-71.565,6.211],[-71.559,6.198],[-71.548,6.2],[-71.551,6.212],[-71.541,6.211],[-71.538,6.224],[-71.523,6.21],[-71.512,6.205],[-71.502,6.2],[-71.495,6.217],[-71.491,6.204],[-71.479,6.205],[-71.464,6.211],[-71.457,6.224],[-71.441,6.215],[-71.441,6.232],[-71.45,6.243],[-71.434,6.239],[-71.426,6.227],[-71.416,6.227],[-71.418,6.238],[-71.405,6.242],[-71.395,6.237],[-71.383,6.243],[-71.381,6.228],[-71.37,6.235],[-71.355,6.231],[-71.344,6.234],[-71.333,6.244],[-71.332,6.257],[-71.317,6.253],[-71.303,6.269],[-71.276,6.273],[-71.277,6.262],[-71.271,6.274],[-71.26,6.283],[-71.249,6.269],[-71.235,6.264],[-71.233,6.279],[-71.22,6.283],[-71.226,6.295],[-71.213,6.296],[-71.205,6.286],[-71.194,6.283],[-71.183,6.281],[-71.172,6.275],[-71.161,6.273],[-71.145,6.266],[-71.132,6.261],[-71.122,6.275],[-71.116,6.265],[-71.096,6.278],[-71.082,6.268],[-71.07,6.264],[-71.051,6.257],[-71.04,6.254],[-71.037,6.265],[-71.021,6.254],[-70.996,6.241],[-70.985,6.229],[-70.972,6.236],[-70.956,6.236],[-70.944,6.227],[-70.93,6.231],[-70.916,6.235],[-70.897,6.236],[-70.885,6.227],[-70.87,6.222],[-70.864,6.236],[-70.848,6.237],[-70.831,6.239],[-70.824,6.252],[-70.81,6.247],[-70.783,6.248],[-70.771,6.243],[-70.772,6.233],[-70.758,6.232],[-70.746,6.225],[-70.733,6.226],[-70.721,6.219],[-70.703,6.22],[-70.689,6.226],[-70.673,6.22],[-70.663,6.228],[-70.638,6.235],[-70.627,6.229],[-70.616,6.233],[-70.603,6.236],[-70.588,6.238],[-70.579,6.249],[-70.568,6.239],[-70.556,6.245],[-70.545,6.245],[-70.533,6.239],[-70.515,6.235],[-70.5,6.248],[-70.489,6.25],[-70.477,6.257],[-70.465,6.263],[-70.455,6.266],[-70.444,6.274],[-70.43,6.278],[-70.431,6.291],[-70.42,6.29],[-70.406,6.29],[-70.39,6.292],[-70.373,6.298],[-70.352,6.294],[-70.337,6.292],[-70.324,6.289],[-70.31,6.279],[-70.299,6.278],[-70.271,6.273],[-70.262,6.283],[-70.245,6.287],[-70.234,6.292],[-70.222,6.293],[-70.202,6.287],[-70.184,6.282],[-70.171,6.28],[-70.165,6.291],[-70.152,6.296],[-70.154,6.276],[-70.143,6.267],[-70.127,6.267],[-70.117,6.245],[-70.112,6.232],[-70.098,6.235],[-70.088,6.229],[-70.076,6.215],[-70.06,6.209],[-70.061,6.193],[-70.048,6.185],[-70.035,6.186],[-70.045,6.174],[-70.06,6.17],[-70.044,6.154],[-70.03,6.16],[-70.009,6.152],[-69.999,6.147],[-69.994,6.163],[-69.982,6.163],[-69.985,6.149],[-69.982,6.138],[-69.972,6.132],[-69.961,6.135],[-69.949,6.144],[-69.934,6.118],[-69.923,6.11],[-69.913,6.107],[-69.9,6.086],[-69.907,6.072],[-69.892,6.052],[-69.872,6.045],[-69.861,6.039],[-69.846,6.044],[-69.834,6.043],[-69.823,6.048],[-69.806,6.058],[-69.794,6.061],[-69.782,6.06],[-69.77,6.053],[-69.717,6.042],[-69.689,6.045],[-69.642,6.039],[-69.616,6.038],[-69.6,6.041],[-69.588,6.041],[-69.571,6.044],[-69.558,6.046],[-69.542,6.044],[-69.528,6.05],[-69.514,6.054],[-69.486,6.07],[-69.469,6.076],[-69.452,6.083],[-69.436,6.105],[-69.43,6.108]]]}},{"type":"Feature","properties":{"codigo":742,"nombre":"Atlántico","nombre_fuente":"Atlántico"},"geometry":{"type":"Polygon","coordinates":[[[-75.222,10.797],[-75.229,10.783],[-75.227,10.772],[-75.229,10.759],[-75.24,10.748],[-75.246,10.731],[-75.252,10.72],[-75.259,10.703],[-75.267,10.688],[-75.265,10.672],[-75.233,10.646],[-75.224,10.628],[-75.229,10.612],[-75.228,10.593],[-75.233,10.578],[-75.229,10.559],[-75.227,10.548],[-75.237,10.529],[-75.237,10.51],[-75.25,10.497],[-75.251,10.485],[-75.234,10.475],[-75.22,10.482],[-75.194,10.481],[-75.17,10.474],[-75.169,10.459],[-75.165,10.447],[-75.153,10.435],[-75.153,10.423],[-75.142,10.413],[-75.131,10.398],[-75.118,10.402],[-75.106,10.404],[-75.086,10.411],[-75.073,10.409],[-75.054,10.384],[-75.044,10.375],[-75.027,10.365],[-75.002,10.359],[-74.988,10.346],[-74.973,10.332],[-74.916,10.261],[-74.898,10.288],[-74.865,10.346],[-74.836,10.385],[-74.829,10.409],[-74.816,10.427],[-74.813,10.441],[-74.812,10.472],[-74.796,10.497],[-74.784,10.514],[-74.769,10.527],[-74.755,10.532],[-74.739,10.543],[-74.736,10.582],[-74.732,10.594],[-74.725,10.615],[-74.73,10.629],[-74.745,10.643],[-74.741,10.656],[-74.725,10.667],[-74.727,10.751],[-74.725,10.772],[-74.736,10.8],[-74.741,10.837],[-74.735,10.856],[-74.719,10.867],[-74.713,10.883],[-74.715,10.898],[-74.722,10.912],[-74.742,10.926],[-74.754,10.936],[-74.756,10.961],[-74.758,10.981],[-74.765,10.996],[-74.774,11.009],[-74.791,11.025],[-74.827,11.048],[-74.842,11.066],[-74.853,11.107],[-74.846,11.067],[-74.853,11.054],[-74.87,11.047],[-74.893,11.043],[-74.908,11.043],[-74.921,11.046],[-74.92,11.034],[-74.93,11.023],[-74.941,11.019],[-74.953,11.008],[-74.959,10.99],[-74.982,10.982],[-75.007,10.979],[-75.023,10.969],[-75.034,10.955],[-75.045,10.951],[-75.052,10.94],[-75.039,10.945],[-75.028,10.951],[-75.031,10.931],[-75.043,10.905],[-75.061,10.889],[-75.081,10.887],[-75.091,10.875],[-75.101,10.873],[-75.121,10.864],[-75.132,10.857],[-75.143,10.852],[-75.149,10.837],[-75.166,10.83],[-75.18,10.83],[-75.193,10.819],[-75.209,10.818],[-75.217,10.806],[-75.222,10.797]]]}},{"type":"Feature","properties":{"codigo":732,"nombre":"Bogotá","nombre_fuente":"Bogota Capital District"},"geometry":{"type":"Polygon","coordinates":[[[-74.144,4.003],[-74.138,4.014],[-74.139,4.025],[-74.131,4.039],[-74.125,4.056],[-74.132,4.076],[-74.13,4.09],[-74.13,4.104],[-74.128,4.125],[-74.108,4.134],[-74.114,4.155],[-74.109,4.17],[-74.109,4.182],[-74.12,4.182],[-74.126,4.195],[-74.136,4.208],[-74.135,4.221],[-74.143,4.238],[-74.15,4.25],[-74.128,4.303],[-74.115,4.313],[-74.106,4.331],[-74.098,4.351],[-74.096,4.37],[-74.114,4.385],[-74.115,4.404],[-74.112,4.433],[-74.108,4.445],[-74.086,4.461],[-74.076,4.465],[-74.073,4.5],[-74.073,4.511],[-74.06,4.511],[-74.045,4.512],[-74.038,4.53],[-74.031,4.544],[-74.03,4.558],[-74.015,4.559],[-74.005,4.581],[-74.001,4.595],[-73.999,4.607],[-74.005,4.624],[-74.015,4.636],[-74.033,4.636],[-74.027,4.654],[-74.017,4.662],[-74.003,4.675],[-74.011,4.691],[-74.009,4.719],[-74.007,4.741],[-74.01,4.757],[-74.018,4.767],[-74.016,4.793],[-74.0,4.803],[-74.005,4.817],[-74.031,4.823],[-74.042,4.83],[-74.053,4.833],[-74.063,4.836],[-74.075,4.837],[-74.087,4.832],[-74.082,4.816],[-74.089,4.803],[-74.094,4.791],[-74.105,4.797],[-74.114,4.786],[-74.117,4.772],[-74.117,4.762],[-74.122,4.747],[-74.132,4.741],[-74.126,4.729],[-74.137,4.731],[-74.149,4.725],[-74.16,4.72],[-74.172,4.711],[-74.174,4.701],[-74.17,4.69],[-74.175,4.677],[-74.16,4.667],[-74.168,4.656],[-74.18,4.653],[-74.193,4.655],[-74.203,4.647],[-74.214,4.64],[-74.224,4.625],[-74.204,4.6],[-74.184,4.596],[-74.18,4.578],[-74.18,4.557],[-74.178,4.546],[-74.18,4.532],[-74.163,4.514],[-74.161,4.503],[-74.17,4.479],[-74.18,4.47],[-74.187,4.453],[-74.195,4.435],[-74.203,4.42],[-74.21,4.405],[-74.212,4.388],[-74.217,4.372],[-74.22,4.34],[-74.215,4.308],[-74.216,4.286],[-74.205,4.269],[-74.204,4.242],[-74.218,4.234],[-74.225,4.222],[-74.236,4.2],[-74.241,4.187],[-74.241,4.17],[-74.245,4.143],[-74.247,4.126],[-74.253,4.105],[-74.257,4.089],[-74.27,4.099],[-74.296,4.104],[-74.317,4.124],[-74.329,4.13],[-74.334,4.111],[-74.345,4.09],[-74.35,4.071],[-74.351,4.056],[-74.365,4.039],[-74.362,4.011],[-74.374,3.986],[-74.362,3.979],[-74.355,3.939],[-74.36,3.914],[-74.365,3.897],[-74.373,3.881],[-74.384,3.866],[-74.393,3.835],[-74.398,3.82],[-74.42,3.788],[-74.432,3.778],[-74.434,3.765],[-74.446,3.758],[-74.452,3.746],[-74.441,3.728],[-74.424,3.741],[-74.412,3.741],[-74.402,3.738],[-74.399,3.754],[-74.389,3.752],[-74.394,3.768],[-74.379,3.777],[-74.363,3.789],[-74.355,3.8],[-74.344,3.812],[-74.338,3.822],[-74.327,3.818],[-74.315,3.828],[-74.3,3.817],[-74.295,3.832],[-74.307,3.84],[-74.305,3.852],[-74.312,3.865],[-74.319,3.879],[-74.301,3.884],[-74.278,3.906],[-74.273,3.924],[-74.261,3.928],[-74.258,3.942],[-74.246,3.957],[-74.238,3.971],[-74.232,3.988],[-74.222,4.001],[-74.207,4.014],[-74.194,4.015],[-74.183,4.009],[-74.17,4.016],[-74.156,4.012],[-74.144,4.003]]]}},{"type":"Feature","properties":{"codigo":743,"nombre":"Bolívar","nombre_fuente":"Bolívar"},"geometry":{"type":"MultiPolygon","coordinates":[[[[-76.19,9.384],[-76.179,9.378],[-76.175,9.395],[-76.189,9.393],[-76.19,9.384]]],[[[-75.858,9.793],[-75.828,9.79],[-75.843,9.799],[-75.856,9.799],[-75.858,9.793]]],[[[-73.913,7.298],[-73.914,7.32],[-73.91,7.333],[-73.909,7.369],[-73.903,7.393],[-73.895,7.414],[-73.898,7.437],[-73.904,7.451],[-73.91,7.468],[-73.916,7.487],[-73.906,7.501],[-73.884,7.504],[-73.878,7.522],[-73.865,7.532],[-73.849,7.538],[-73.843,7.562],[-73.832,7.577],[-73.831,7.59],[-73.825,7.603],[-73.814,7.611],[-73.812,7.624],[-73.819,7.638],[-73.805,7.645],[-73.802,7.66],[-73.815,7.688],[-73.811,7.701],[-73.817,7.717],[-73.831,7.725],[-73.83,7.736],[-73.819,7.745],[-73.803,7.762],[-73.799,7.774],[-73.805,7.787],[-73.811,7.809],[-73.822,7.855],[-73.822,7.868],[-73.832,7.888],[-73.835,7.906],[-73.831,7.918],[-73.837,7.948],[-73.855,7.966],[-73.864,7.98],[-73.863,8.0],[-73.867,8.02],[-73.867,8.041],[-73.857,8.064],[-73.85,8.084],[-73.818,8.111],[-73.81,8.126],[-73.796,8.134],[-73.782,8.136],[-73.772,8.151],[-73.774,8.18],[-73.775,8.194],[-73.777,8.214],[-73.767,8.238],[-73.765,8.251],[-73.759,8.262],[-73.751,8.278],[-73.761,8.296],[-73.748,8.313],[-73.757,8.329],[-73.756,8.344],[-73.75,8.36],[-73.75,8.383],[-73.748,8.431],[-73.75,8.45],[-73.749,8.465],[-73.768,8.489],[-73.774,8.502],[-73.779,8.519],[-73.777,8.543],[-73.771,8.555],[-73.787,8.574],[-73.794,8.592],[-73.794,8.605],[-73.808,8.619],[-73.818,8.637],[-73.82,8.648],[-73.819,8.665],[-73.807,8.691],[-73.812,8.718],[-73.812,8.73],[-73.796,8.742],[-73.795,8.768],[-73.791,8.794],[-73.795,8.811],[-73.81,8.834],[-73.823,8.841],[-73.834,8.852],[-73.842,8.865],[-73.853,8.872],[-73.866,8.885],[-73.87,8.917],[-73.867,8.937],[-73.883,8.972],[-73.901,8.981],[-73.916,8.978],[-73.93,8.982],[-73.947,8.993],[-73.963,8.996],[-73.978,8.985],[-73.991,8.996],[-74.001,8.996],[-74.003,9.009],[-73.988,9.008],[-73.998,9.02],[-74.009,9.032],[-74.02,9.025],[-74.032,9.031],[-74.035,9.045],[-74.045,9.038],[-74.047,9.025],[-74.06,9.019],[-74.076,9.026],[-74.091,9.025],[-74.101,9.021],[-74.112,9.039],[-74.122,9.034],[-74.137,9.029],[-74.14,9.042],[-74.122,9.043],[-74.13,9.055],[-74.149,9.058],[-74.158,9.07],[-74.173,9.075],[-74.175,9.087],[-74.19,9.094],[-74.2,9.1],[-74.212,9.12],[-74.224,9.122],[-74.22,9.135],[-74.236,9.148],[-74.247,9.164],[-74.26,9.167],[-74.283,9.158],[-74.298,9.16],[-74.295,9.185],[-74.292,9.197],[-74.334,9.223],[-74.349,9.233],[-74.371,9.225],[-74.393,9.214],[-74.403,9.214],[-74.414,9.232],[-74.425,9.246],[-74.431,9.26],[-74.434,9.273],[-74.446,9.269],[-74.464,9.271],[-74.475,9.264],[-74.485,9.252],[-74.505,9.236],[-74.517,9.235],[-74.53,9.242],[-74.531,9.254],[-74.535,9.265],[-74.546,9.274],[-74.554,9.288],[-74.562,9.309],[-74.576,9.32],[-74.591,9.324],[-74.613,9.34],[-74.613,9.36],[-74.618,9.372],[-74.648,9.382],[-74.66,9.387],[-74.671,9.413],[-74.69,9.42],[-74.719,9.418],[-74.732,9.42],[-74.738,9.431],[-74.742,9.447],[-74.756,9.461],[-74.77,9.466],[-74.783,9.463],[-74.794,9.458],[-74.804,9.447],[-74.809,9.462],[-74.795,9.473],[-74.799,9.491],[-74.791,9.516],[-74.79,9.527],[-74.8,9.539],[-74.804,9.555],[-74.777,9.578],[-74.772,9.606],[-74.78,9.641],[-74.801,9.662],[-74.803,9.673],[-74.79,9.687],[-74.798,9.708],[-74.808,9.726],[-74.814,9.739],[-74.806,9.752],[-74.807,9.781],[-74.822,9.794],[-74.834,9.804],[-74.849,9.821],[-74.846,9.835],[-74.851,9.85],[-74.853,9.869],[-74.864,9.891],[-74.867,9.909],[-74.871,9.922],[-74.873,9.935],[-74.861,9.945],[-74.848,9.956],[-74.823,9.965],[-74.798,9.968],[-74.787,9.976],[-74.786,10.008],[-74.815,10.039],[-74.827,10.062],[-74.845,10.084],[-74.859,10.096],[-74.883,10.106],[-74.896,10.108],[-74.914,10.107],[-74.924,10.109],[-74.938,10.116],[-74.946,10.136],[-74.944,10.148],[-74.916,10.224],[-74.908,10.253],[-74.964,10.325],[-74.98,10.341],[-75.002,10.359],[-75.027,10.365],[-75.044,10.375],[-75.054,10.384],[-75.066,10.4],[-75.082,10.412],[-75.106,10.404],[-75.118,10.402],[-75.129,10.397],[-75.142,10.413],[-75.153,10.423],[-75.153,10.435],[-75.165,10.447],[-75.176,10.455],[-75.165,10.465],[-75.194,10.481],[-75.215,10.482],[-75.229,10.475],[-75.245,10.48],[-75.25,10.497],[-75.237,10.51],[-75.237,10.529],[-75.227,10.54],[-75.223,10.55],[-75.237,10.57],[-75.231,10.589],[-75.227,10.603],[-75.224,10.628],[-75.233,10.646],[-75.263,10.667],[-75.267,10.688],[-75.259,10.703],[-75.252,10.72],[-75.246,10.731],[-75.241,10.743],[-75.229,10.759],[-75.227,10.772],[-75.229,10.783],[-75.222,10.797],[-75.234,10.795],[-75.262,10.801],[-75.264,10.788],[-75.27,10.777],[-75.272,10.764],[-75.27,10.752],[-75.271,10.74],[-75.275,10.727],[-75.274,10.716],[-75.299,10.7],[-75.32,10.694],[-75.337,10.691],[-75.357,10.691],[-75.367,10.686],[-75.394,10.683],[-75.396,10.671],[-75.412,10.654],[-75.421,10.643],[-75.442,10.634],[-75.452,10.627],[-75.455,10.615],[-75.458,10.601],[-75.462,10.591],[-75.476,10.582],[-75.488,10.578],[-75.502,10.576],[-75.514,10.57],[-75.512,10.557],[-75.502,10.553],[-75.495,10.537],[-75.498,10.52],[-75.5,10.507],[-75.495,10.495],[-75.497,10.474],[-75.506,10.462],[-75.523,10.448],[-75.547,10.432],[-75.551,10.415],[-75.559,10.401],[-75.548,10.391],[-75.548,10.411],[-75.549,10.422],[-75.542,10.411],[-75.532,10.405],[-75.524,10.393],[-75.513,10.383],[-75.508,10.371],[-75.509,10.36],[-75.508,10.349],[-75.511,10.338],[-75.51,10.327],[-75.505,10.311],[-75.505,10.3],[-75.515,10.298],[-75.53,10.308],[-75.524,10.292],[-75.534,10.288],[-75.534,10.277],[-75.545,10.276],[-75.557,10.275],[-75.559,10.262],[-75.569,10.265],[-75.582,10.28],[-75.579,10.296],[-75.591,10.293],[-75.596,10.279],[-75.595,10.268],[-75.584,10.262],[-75.596,10.264],[-75.608,10.258],[-75.622,10.251],[-75.611,10.245],[-75.597,10.241],[-75.586,10.228],[-75.596,10.232],[-75.608,10.223],[-75.619,10.213],[-75.626,10.2],[-75.639,10.189],[-75.648,10.178],[-75.654,10.164],[-75.666,10.159],[-75.679,10.157],[-75.69,10.151],[-75.703,10.144],[-75.692,10.131],[-75.681,10.14],[-75.669,10.138],[-75.654,10.153],[-75.649,10.165],[-75.639,10.176],[-75.637,10.189],[-75.638,10.177],[-75.624,10.191],[-75.603,10.2],[-75.591,10.21],[-75.58,10.22],[-75.567,10.227],[-75.548,10.241],[-75.533,10.24],[-75.523,10.237],[-75.534,10.232],[-75.546,10.229],[-75.546,10.218],[-75.535,10.228],[-75.524,10.221],[-75.525,10.206],[-75.521,10.189],[-75.523,10.174],[-75.533,10.176],[-75.536,10.187],[-75.547,10.181],[-75.541,10.169],[-75.543,10.154],[-75.557,10.14],[-75.565,10.122],[-75.499,10.148],[-75.545,10.046],[-75.534,10.039],[-75.524,10.028],[-75.508,10.026],[-75.492,10.038],[-75.482,10.023],[-75.481,10.001],[-75.472,9.979],[-75.463,9.962],[-75.472,9.947],[-75.481,9.93],[-75.477,9.918],[-75.481,9.906],[-75.467,9.913],[-75.466,9.902],[-75.449,9.894],[-75.437,9.892],[-75.399,9.882],[-75.379,9.874],[-75.368,9.87],[-75.358,9.906],[-75.343,9.911],[-75.342,9.891],[-75.329,9.884],[-75.322,9.872],[-75.332,9.854],[-75.333,9.841],[-75.342,9.82],[-75.349,9.806],[-75.336,9.797],[-75.339,9.785],[-75.344,9.761],[-75.347,9.746],[-75.357,9.737],[-75.364,9.723],[-75.362,9.713],[-75.36,9.693],[-75.37,9.685],[-75.376,9.666],[-75.376,9.654],[-75.365,9.649],[-75.373,9.63],[-75.363,9.638],[-75.348,9.643],[-75.336,9.633],[-75.336,9.62],[-75.325,9.616],[-75.321,9.636],[-75.315,9.647],[-75.3,9.656],[-75.3,9.67],[-75.281,9.684],[-75.269,9.685],[-75.27,9.671],[-75.254,9.66],[-75.243,9.658],[-75.232,9.646],[-75.217,9.65],[-75.204,9.652],[-75.188,9.645],[-75.173,9.642],[-75.183,9.633],[-75.179,9.616],[-75.182,9.605],[-75.168,9.612],[-75.152,9.6],[-75.136,9.597],[-75.132,9.584],[-75.119,9.574],[-75.104,9.566],[-75.098,9.556],[-75.085,9.546],[-75.079,9.534],[-75.067,9.535],[-75.05,9.54],[-75.039,9.539],[-75.015,9.53],[-75.031,9.514],[-75.029,9.501],[-75.032,9.486],[-75.029,9.457],[-75.015,9.459],[-75.004,9.45],[-74.986,9.443],[-74.961,9.441],[-74.942,9.445],[-74.926,9.444],[-74.916,9.442],[-74.9,9.43],[-74.889,9.434],[-74.887,9.422],[-74.909,9.418],[-74.924,9.392],[-74.919,9.381],[-74.927,9.366],[-74.937,9.355],[-74.948,9.345],[-74.943,9.334],[-74.929,9.326],[-74.931,9.315],[-74.943,9.306],[-74.947,9.292],[-74.936,9.284],[-74.931,9.272],[-74.93,9.256],[-74.92,9.252],[-74.911,9.238],[-74.915,9.226],[-74.913,9.215],[-74.916,9.195],[-74.905,9.183],[-74.895,9.166],[-74.882,9.164],[-74.872,9.148],[-74.865,9.136],[-74.853,9.133],[-74.847,9.122],[-74.845,9.11],[-74.835,9.099],[-74.829,9.086],[-74.829,9.075],[-74.824,9.062],[-74.813,9.053],[-74.795,9.048],[-74.782,9.04],[-74.768,9.039],[-74.756,9.046],[-74.746,9.038],[-74.741,9.023],[-74.722,9.013],[-74.708,9.008],[-74.683,9.011],[-74.67,9.006],[-74.665,8.994],[-74.652,8.989],[-74.639,8.978],[-74.623,8.935],[-74.609,8.931],[-74.609,8.918],[-74.596,8.9],[-74.589,8.877],[-74.571,8.854],[-74.571,8.843],[-74.565,8.831],[-74.56,8.817],[-74.558,8.803],[-74.565,8.793],[-74.576,8.779],[-74.587,8.767],[-74.608,8.762],[-74.601,8.748],[-74.607,8.732],[-74.598,8.706],[-74.594,8.694],[-74.596,8.676],[-74.591,8.665],[-74.596,8.648],[-74.587,8.634],[-74.589,8.617],[-74.594,8.603],[-74.594,8.592],[-74.572,8.581],[-74.563,8.569],[-74.564,8.549],[-74.576,8.548],[-74.571,8.522],[-74.569,8.51],[-74.556,8.509],[-74.544,8.491],[-74.534,8.477],[-74.533,8.465],[-74.539,8.435],[-74.546,8.423],[-74.556,8.412],[-74.561,8.4],[-74.582,8.384],[-74.593,8.394],[-74.61,8.403],[-74.616,8.387],[-74.611,8.376],[-74.616,8.365],[-74.613,8.347],[-74.635,8.322],[-74.648,8.314],[-74.652,8.297],[-74.649,8.285],[-74.66,8.281],[-74.666,8.295],[-74.683,8.292],[-74.702,8.298],[-74.714,8.303],[-74.724,8.3],[-74.727,8.282],[-74.735,8.299],[-74.745,8.308],[-74.757,8.3],[-74.77,8.28],[-74.78,8.279],[-74.795,8.27],[-74.806,8.275],[-74.797,8.26],[-74.792,8.249],[-74.807,8.241],[-74.814,8.229],[-74.826,8.228],[-74.834,8.217],[-74.831,8.203],[-74.82,8.193],[-74.813,8.175],[-74.813,8.156],[-74.812,8.144],[-74.8,8.139],[-74.789,8.139],[-74.774,8.122],[-74.764,8.125],[-74.753,8.126],[-74.735,8.117],[-74.725,8.117],[-74.72,8.101],[-74.691,8.089],[-74.664,8.06],[-74.65,8.052],[-74.635,8.055],[-74.626,8.039],[-74.615,8.031],[-74.603,8.037],[-74.597,8.025],[-74.592,8.011],[-74.583,8.0],[-74.577,7.987],[-74.574,7.976],[-74.56,7.969],[-74.555,7.957],[-74.539,7.947],[-74.536,7.935],[-74.537,7.918],[-74.527,7.91],[-74.523,7.882],[-74.521,7.866],[-74.525,7.855],[-74.526,7.836],[-74.517,7.817],[-74.517,7.8],[-74.525,7.782],[-74.514,7.782],[-74.513,7.768],[-74.504,7.753],[-74.468,7.735],[-74.461,7.724],[-74.477,7.708],[-74.481,7.69],[-74.483,7.673],[-74.491,7.662],[-74.516,7.663],[-74.536,7.664],[-74.552,7.65],[-74.565,7.636],[-74.567,7.622],[-74.563,7.607],[-74.568,7.595],[-74.567,7.584],[-74.57,7.554],[-74.567,7.543],[-74.568,7.518],[-74.587,7.514],[-74.593,7.499],[-74.588,7.486],[-74.598,7.472],[-74.598,7.461],[-74.589,7.448],[-74.585,7.437],[-74.563,7.433],[-74.56,7.419],[-74.548,7.411],[-74.534,7.4],[-74.527,7.39],[-74.515,7.384],[-74.505,7.361],[-74.497,7.347],[-74.467,7.347],[-74.466,7.358],[-74.455,7.365],[-74.446,7.38],[-74.423,7.379],[-74.412,7.391],[-74.416,7.412],[-74.412,7.439],[-74.415,7.453],[-74.398,7.461],[-74.386,7.466],[-74.374,7.475],[-74.365,7.463],[-74.365,7.45],[-74.358,7.439],[-74.348,7.431],[-74.339,7.417],[-74.348,7.403],[-74.361,7.395],[-74.373,7.376],[-74.376,7.365],[-74.388,7.361],[-74.397,7.348],[-74.402,7.33],[-74.401,7.315],[-74.393,7.301],[-74.389,7.285],[-74.39,7.27],[-74.396,7.255],[-74.4,7.235],[-74.405,7.223],[-74.404,7.209],[-74.407,7.192],[-74.396,7.174],[-74.385,7.161],[-74.381,7.149],[-74.376,7.132],[-74.369,7.121],[-74.371,7.11],[-74.371,7.098],[-74.363,7.086],[-74.352,7.082],[-74.352,7.066],[-74.35,7.055],[-74.353,7.033],[-74.354,7.02],[-74.333,7.013],[-74.323,7.018],[-74.307,7.006],[-74.295,7.005],[-74.283,7.009],[-74.262,7.009],[-74.252,7.004],[-73.913,7.298]]],[[[-75.749,10.183],[-75.744,10.171],[-75.726,10.178],[-75.736,10.182],[-75.749,10.183]]],[[[-75.594,10.348],[-75.593,10.332],[-75.587,10.321],[-75.577,10.325],[-75.579,10.336],[-75.566,10.344],[-75.556,10.343],[-75.543,10.342],[-75.547,10.354],[-75.544,10.364],[-75.554,10.367],[-75.57,10.373],[-75.58,10.369],[-75.592,10.358],[-75.594,10.348]]]]}},{"type":"Feature","properties":{"codigo":725,"nombre":"Boyacá","nombre_fuente":"Boyacá"},"geometry":{"type":"Polygon","coordinates":[[[-74.659,5.751],[-74.651,5.739],[-74.639,5.754],[-74.626,5.76],[-74.615,5.755],[-74.598,5.747],[-74.593,5.759],[-74.582,5.753],[-74.571,5.76],[-74.553,5.764],[-74.545,5.778],[-74.531,5.79],[-74.511,5.794],[-74.497,5.778],[-74.487,5.772],[-74.476,5.776],[-74.463,5.776],[-74.458,5.765],[-74.444,5.764],[-74.433,5.76],[-74.422,5.768],[-74.41,5.774],[-74.398,5.782],[-74.385,5.784],[-74.377,5.796],[-74.358,5.811],[-74.345,5.824],[-74.335,5.837],[-74.326,5.824],[-74.318,5.802],[-74.306,5.8],[-74.311,5.784],[-74.293,5.756],[-74.292,5.737],[-74.301,5.725],[-74.298,5.709],[-74.288,5.7],[-74.277,5.695],[-74.282,5.667],[-74.294,5.661],[-74.306,5.649],[-74.309,5.631],[-74.309,5.617],[-74.3,5.584],[-74.294,5.573],[-74.272,5.561],[-74.262,5.562],[-74.252,5.554],[-74.243,5.538],[-74.246,5.517],[-74.25,5.504],[-74.254,5.487],[-74.245,5.475],[-74.226,5.491],[-74.211,5.497],[-74.201,5.497],[-74.187,5.475],[-74.176,5.462],[-74.161,5.448],[-74.15,5.444],[-74.139,5.445],[-74.125,5.433],[-74.119,5.451],[-74.113,5.464],[-74.097,5.47],[-74.096,5.439],[-74.09,5.428],[-74.078,5.414],[-74.068,5.405],[-74.05,5.403],[-74.031,5.388],[-74.021,5.388],[-74.024,5.374],[-74.01,5.369],[-74.0,5.368],[-73.987,5.38],[-73.983,5.395],[-73.973,5.419],[-73.952,5.424],[-73.942,5.434],[-73.927,5.441],[-73.916,5.434],[-73.905,5.447],[-73.902,5.465],[-73.902,5.476],[-73.902,5.487],[-73.908,5.5],[-73.911,5.511],[-73.908,5.526],[-73.89,5.513],[-73.88,5.525],[-73.867,5.534],[-73.856,5.533],[-73.848,5.546],[-73.836,5.55],[-73.821,5.553],[-73.805,5.574],[-73.8,5.559],[-73.789,5.55],[-73.791,5.532],[-73.786,5.507],[-73.771,5.489],[-73.76,5.485],[-73.748,5.49],[-73.743,5.469],[-73.73,5.478],[-73.719,5.477],[-73.719,5.46],[-73.7,5.457],[-73.68,5.454],[-73.678,5.435],[-73.666,5.427],[-73.644,5.415],[-73.623,5.405],[-73.602,5.402],[-73.59,5.39],[-73.598,5.378],[-73.6,5.366],[-73.594,5.351],[-73.596,5.339],[-73.595,5.329],[-73.602,5.318],[-73.589,5.309],[-73.579,5.302],[-73.567,5.306],[-73.55,5.299],[-73.537,5.285],[-73.533,5.273],[-73.527,5.259],[-73.527,5.248],[-73.522,5.234],[-73.521,5.223],[-73.522,5.204],[-73.522,5.193],[-73.512,5.188],[-73.512,5.173],[-73.511,5.162],[-73.499,5.153],[-73.484,5.154],[-73.484,5.142],[-73.488,5.132],[-73.491,5.116],[-73.491,5.101],[-73.484,5.089],[-73.483,5.076],[-73.48,5.063],[-73.482,5.051],[-73.499,5.04],[-73.512,5.037],[-73.523,5.03],[-73.522,5.017],[-73.518,5.005],[-73.507,4.996],[-73.52,4.977],[-73.527,4.967],[-73.541,4.951],[-73.547,4.935],[-73.542,4.913],[-73.541,4.902],[-73.524,4.891],[-73.52,4.878],[-73.489,4.885],[-73.471,4.894],[-73.452,4.882],[-73.425,4.88],[-73.409,4.88],[-73.394,4.865],[-73.393,4.854],[-73.383,4.847],[-73.374,4.831],[-73.371,4.81],[-73.369,4.799],[-73.341,4.792],[-73.322,4.779],[-73.309,4.75],[-73.309,4.737],[-73.29,4.724],[-73.271,4.738],[-73.247,4.734],[-73.234,4.736],[-73.223,4.731],[-73.227,4.715],[-73.233,4.695],[-73.224,4.679],[-73.206,4.68],[-73.196,4.673],[-73.161,4.663],[-73.149,4.656],[-73.135,4.664],[-73.121,4.671],[-73.111,4.661],[-73.092,4.677],[-73.09,4.691],[-73.08,4.706],[-73.074,4.719],[-73.071,4.739],[-73.06,4.736],[-73.047,4.745],[-73.046,4.758],[-73.057,4.783],[-73.069,4.793],[-73.071,4.812],[-73.069,4.832],[-73.068,4.845],[-73.053,4.857],[-73.051,4.872],[-73.043,4.883],[-73.048,4.902],[-73.048,4.924],[-73.041,4.938],[-73.039,4.953],[-73.033,4.964],[-73.03,4.983],[-73.021,4.994],[-73.011,5.0],[-73.0,4.989],[-72.987,4.986],[-72.972,4.976],[-72.968,4.989],[-72.958,4.998],[-72.948,5.015],[-72.925,5.031],[-72.928,5.044],[-72.903,5.069],[-72.905,5.097],[-72.916,5.102],[-72.927,5.097],[-72.935,5.108],[-72.949,5.124],[-72.964,5.134],[-72.973,5.149],[-72.962,5.156],[-72.954,5.174],[-72.949,5.19],[-72.939,5.202],[-72.932,5.213],[-72.922,5.224],[-72.916,5.238],[-72.909,5.25],[-72.906,5.267],[-72.897,5.283],[-72.882,5.334],[-72.876,5.35],[-72.863,5.349],[-72.853,5.348],[-72.838,5.365],[-72.813,5.377],[-72.803,5.395],[-72.785,5.383],[-72.775,5.357],[-72.762,5.337],[-72.723,5.313],[-72.719,5.301],[-72.72,5.29],[-72.706,5.277],[-72.687,5.282],[-72.668,5.293],[-72.655,5.304],[-72.649,5.32],[-72.637,5.331],[-72.623,5.346],[-72.608,5.351],[-72.595,5.355],[-72.584,5.351],[-72.568,5.375],[-72.583,5.382],[-72.571,5.392],[-72.544,5.407],[-72.535,5.418],[-72.518,5.435],[-72.507,5.439],[-72.494,5.462],[-72.491,5.472],[-72.476,5.493],[-72.46,5.508],[-72.445,5.519],[-72.44,5.532],[-72.425,5.548],[-72.421,5.563],[-72.409,5.571],[-72.397,5.57],[-72.381,5.553],[-72.374,5.536],[-72.358,5.517],[-72.344,5.507],[-72.333,5.53],[-72.312,5.553],[-72.306,5.564],[-72.298,5.579],[-72.3,5.593],[-72.285,5.601],[-72.278,5.614],[-72.279,5.63],[-72.261,5.655],[-72.264,5.669],[-72.283,5.675],[-72.294,5.682],[-72.286,5.701],[-72.28,5.715],[-72.279,5.728],[-72.268,5.741],[-72.26,5.755],[-72.259,5.779],[-72.256,5.793],[-72.269,5.799],[-72.289,5.799],[-72.3,5.799],[-72.31,5.797],[-72.329,5.796],[-72.344,5.804],[-72.358,5.812],[-72.373,5.812],[-72.391,5.818],[-72.386,5.828],[-72.375,5.826],[-72.363,5.839],[-72.361,5.851],[-72.351,5.853],[-72.343,5.865],[-72.335,5.881],[-72.324,5.887],[-72.334,5.89],[-72.327,5.903],[-72.328,5.918],[-72.324,5.932],[-72.338,5.948],[-72.343,5.964],[-72.342,5.978],[-72.342,5.989],[-72.344,6.002],[-72.349,6.013],[-72.363,6.027],[-72.365,6.043],[-72.354,6.043],[-72.343,6.053],[-72.332,6.059],[-72.321,6.068],[-72.318,6.079],[-72.321,6.089],[-72.335,6.084],[-72.354,6.074],[-72.364,6.077],[-72.375,6.092],[-72.365,6.102],[-72.388,6.117],[-72.392,6.129],[-72.377,6.142],[-72.385,6.157],[-72.392,6.182],[-72.408,6.187],[-72.418,6.183],[-72.409,6.195],[-72.402,6.208],[-72.398,6.22],[-72.397,6.237],[-72.39,6.25],[-72.387,6.262],[-72.399,6.266],[-72.39,6.283],[-72.379,6.293],[-72.375,6.305],[-72.364,6.307],[-72.352,6.322],[-72.351,6.333],[-72.353,6.344],[-72.337,6.347],[-72.326,6.334],[-72.316,6.347],[-72.313,6.358],[-72.302,6.364],[-72.292,6.376],[-72.282,6.381],[-72.284,6.395],[-72.286,6.405],[-72.275,6.416],[-72.261,6.431],[-72.229,6.433],[-72.215,6.446],[-72.209,6.463],[-72.197,6.465],[-72.186,6.46],[-72.176,6.469],[-72.178,6.493],[-72.158,6.507],[-72.136,6.513],[-72.124,6.516],[-72.126,6.536],[-72.117,6.577],[-72.109,6.592],[-72.111,6.613],[-72.098,6.63],[-72.089,6.645],[-72.094,6.669],[-72.096,6.68],[-72.096,6.695],[-72.098,6.716],[-72.095,6.728],[-72.097,6.739],[-72.093,6.75],[-72.079,6.752],[-72.067,6.762],[-72.05,6.771],[-72.044,6.784],[-72.037,6.796],[-72.039,6.809],[-72.031,6.838],[-72.02,6.856],[-72.009,6.885],[-71.998,6.906],[-71.994,6.925],[-71.987,6.941],[-71.977,6.963],[-71.968,6.98],[-71.946,7.011],[-71.959,7.011],[-71.972,7.019],[-71.986,7.021],[-71.998,7.028],[-72.011,7.028],[-72.021,7.033],[-72.048,7.039],[-72.058,7.038],[-72.073,7.044],[-72.088,7.04],[-72.116,7.034],[-72.132,7.031],[-72.154,7.035],[-72.159,7.047],[-72.175,7.055],[-72.185,7.053],[-72.198,7.043],[-72.198,7.032],[-72.203,7.013],[-72.213,7.001],[-72.219,6.986],[-72.232,6.984],[-72.246,6.977],[-72.253,7.001],[-72.268,7.01],[-72.281,7.011],[-72.294,6.992],[-72.302,6.972],[-72.307,6.945],[-72.321,6.924],[-72.333,6.915],[-72.349,6.901],[-72.352,6.89],[-72.379,6.883],[-72.392,6.873],[-72.406,6.873],[-72.419,6.879],[-72.431,6.883],[-72.442,6.892],[-72.462,6.901],[-72.472,6.912],[-72.485,6.922],[-72.496,6.921],[-72.501,6.909],[-72.497,6.896],[-72.497,6.885],[-72.502,6.873],[-72.491,6.866],[-72.487,6.853],[-72.476,6.842],[-72.484,6.821],[-72.484,6.809],[-72.498,6.799],[-72.497,6.766],[-72.489,6.742],[-72.498,6.729],[-72.489,6.714],[-72.486,6.703],[-72.49,6.679],[-72.486,6.659],[-72.492,6.644],[-72.505,6.632],[-72.519,6.619],[-72.521,6.604],[-72.528,6.593],[-72.543,6.583],[-72.546,6.566],[-72.538,6.542],[-72.544,6.53],[-72.549,6.52],[-72.532,6.505],[-72.538,6.49],[-72.562,6.486],[-72.574,6.478],[-72.589,6.469],[-72.601,6.459],[-72.609,6.448],[-72.62,6.442],[-72.632,6.438],[-72.648,6.436],[-72.663,6.447],[-72.672,6.465],[-72.68,6.485],[-72.683,6.498],[-72.694,6.515],[-72.696,6.525],[-72.705,6.54],[-72.719,6.553],[-72.729,6.551],[-72.739,6.557],[-72.742,6.568],[-72.759,6.581],[-72.772,6.58],[-72.791,6.569],[-72.804,6.561],[-72.805,6.549],[-72.798,6.532],[-72.785,6.532],[-72.772,6.508],[-72.756,6.494],[-72.736,6.491],[-72.737,6.476],[-72.725,6.458],[-72.738,6.442],[-72.736,6.43],[-72.735,6.407],[-72.733,6.386],[-72.726,6.372],[-72.731,6.357],[-72.749,6.346],[-72.749,6.326],[-72.759,6.317],[-72.76,6.303],[-72.756,6.284],[-72.746,6.275],[-72.744,6.259],[-72.75,6.249],[-72.744,6.234],[-72.751,6.222],[-72.763,6.218],[-72.775,6.21],[-72.794,6.217],[-72.805,6.216],[-72.81,6.201],[-72.819,6.181],[-72.825,6.169],[-72.827,6.157],[-72.847,6.142],[-72.858,6.142],[-72.869,6.145],[-72.87,6.133],[-72.898,6.123],[-72.901,6.112],[-72.914,6.108],[-72.924,6.097],[-72.924,6.086],[-72.936,6.077],[-72.947,6.071],[-72.954,6.057],[-72.958,6.043],[-72.962,6.028],[-72.976,6.017],[-72.987,6.001],[-72.99,5.99],[-73.004,5.972],[-73.016,5.986],[-73.017,6.003],[-73.025,6.017],[-73.043,6.022],[-73.055,6.014],[-73.07,6.005],[-73.094,5.99],[-73.104,5.999],[-73.124,5.995],[-73.137,5.997],[-73.14,6.01],[-73.147,6.025],[-73.148,6.004],[-73.15,5.993],[-73.157,5.982],[-73.176,5.996],[-73.191,6.0],[-73.205,5.992],[-73.217,5.983],[-73.22,5.972],[-73.216,5.962],[-73.22,5.947],[-73.232,5.931],[-73.236,5.915],[-73.241,5.901],[-73.231,5.896],[-73.212,5.889],[-73.205,5.877],[-73.195,5.866],[-73.186,5.85],[-73.196,5.834],[-73.206,5.826],[-73.229,5.825],[-73.248,5.816],[-73.257,5.827],[-73.266,5.844],[-73.279,5.855],[-73.289,5.85],[-73.299,5.853],[-73.313,5.855],[-73.33,5.851],[-73.343,5.863],[-73.355,5.874],[-73.369,5.872],[-73.358,5.868],[-73.35,5.851],[-73.349,5.84],[-73.351,5.824],[-73.359,5.799],[-73.366,5.789],[-73.374,5.778],[-73.378,5.764],[-73.389,5.752],[-73.41,5.762],[-73.431,5.768],[-73.434,5.78],[-73.434,5.793],[-73.449,5.803],[-73.461,5.814],[-73.471,5.816],[-73.469,5.828],[-73.463,5.847],[-73.451,5.851],[-73.435,5.849],[-73.435,5.86],[-73.442,5.886],[-73.431,5.889],[-73.418,5.89],[-73.408,5.889],[-73.401,5.903],[-73.398,5.913],[-73.396,5.925],[-73.387,5.945],[-73.379,5.961],[-73.375,5.978],[-73.371,5.997],[-73.387,6.024],[-73.397,6.043],[-73.404,6.057],[-73.417,6.066],[-73.427,6.069],[-73.445,6.077],[-73.467,6.093],[-73.487,6.101],[-73.498,6.109],[-73.514,6.099],[-73.515,6.088],[-73.526,6.075],[-73.525,6.06],[-73.534,6.048],[-73.541,6.036],[-73.557,6.03],[-73.565,6.018],[-73.58,6.012],[-73.591,5.98],[-73.591,5.965],[-73.604,5.936],[-73.622,5.923],[-73.63,5.909],[-73.632,5.898],[-73.614,5.89],[-73.6,5.868],[-73.609,5.846],[-73.619,5.827],[-73.624,5.811],[-73.626,5.799],[-73.626,5.778],[-73.63,5.759],[-73.631,5.742],[-73.64,5.724],[-73.647,5.712],[-73.665,5.727],[-73.674,5.748],[-73.686,5.753],[-73.698,5.756],[-73.704,5.767],[-73.715,5.781],[-73.728,5.77],[-73.741,5.774],[-73.758,5.77],[-73.777,5.755],[-73.788,5.742],[-73.795,5.729],[-73.813,5.714],[-73.819,5.734],[-73.83,5.739],[-73.843,5.738],[-73.857,5.724],[-73.861,5.712],[-73.874,5.707],[-73.887,5.708],[-73.884,5.719],[-73.876,5.731],[-73.89,5.739],[-73.905,5.738],[-73.917,5.736],[-73.945,5.737],[-73.955,5.739],[-73.973,5.731],[-73.992,5.73],[-73.998,5.741],[-74.003,5.76],[-74.013,5.762],[-74.012,5.775],[-74.025,5.788],[-74.027,5.802],[-74.055,5.82],[-74.066,5.816],[-74.08,5.82],[-74.08,5.833],[-74.093,5.857],[-74.103,5.875],[-74.124,5.875],[-74.135,5.877],[-74.147,5.888],[-74.165,5.897],[-74.181,5.911],[-74.191,5.884],[-74.199,5.871],[-74.195,5.859],[-74.218,5.851],[-74.226,5.84],[-74.239,5.834],[-74.255,5.834],[-74.268,5.838],[-74.274,5.849],[-74.278,5.86],[-74.269,5.876],[-74.258,5.883],[-74.251,5.894],[-74.239,5.899],[-74.228,5.912],[-74.225,5.925],[-74.236,5.935],[-74.237,5.95],[-74.225,5.961],[-74.226,5.975],[-74.254,6.003],[-74.26,6.023],[-74.264,6.036],[-74.262,6.048],[-74.259,6.06],[-74.275,6.073],[-74.297,6.082],[-74.308,6.074],[-74.338,6.062],[-74.345,6.044],[-74.358,6.039],[-74.369,6.045],[-74.38,6.041],[-74.387,6.053],[-74.398,6.063],[-74.401,6.077],[-74.412,6.088],[-74.428,6.088],[-74.444,6.093],[-74.451,6.11],[-74.454,6.122],[-74.454,6.137],[-74.468,6.152],[-74.473,6.173],[-74.473,6.187],[-74.471,6.2],[-74.482,6.202],[-74.495,6.21],[-74.51,6.219],[-74.513,6.231],[-74.521,6.252],[-74.526,6.269],[-74.539,6.266],[-74.544,6.254],[-74.558,6.233],[-74.568,6.221],[-74.574,6.208],[-74.576,6.184],[-74.585,6.169],[-74.597,6.16],[-74.607,6.142],[-74.611,6.131],[-74.606,6.108],[-74.602,6.095],[-74.589,6.089],[-74.578,6.082],[-74.566,6.08],[-74.57,6.058],[-74.572,6.044],[-74.57,6.029],[-74.561,6.002],[-74.565,5.989],[-74.577,5.982],[-74.589,5.984],[-74.607,5.976],[-74.612,5.961],[-74.6,5.933],[-74.589,5.92],[-74.586,5.906],[-74.596,5.893],[-74.62,5.889],[-74.637,5.873],[-74.645,5.843],[-74.649,5.827],[-74.645,5.813],[-74.65,5.795],[-74.656,5.784],[-74.658,5.763],[-74.659,5.751]]]}},{"type":"Feature","properties":{"codigo":730,"nombre":"Caldas","nombre_fuente":"Caldas"},"geometry":{"type":"Polygon","coordinates":[[[-75.867,5.488],[-75.861,5.443],[-75.859,5.428],[-75.853,5.415],[-75.851,5.402],[-75.854,5.389],[-75.86,5.373],[-75.847,5.369],[-75.833,5.361],[-75.823,5.364],[-75.809,5.362],[-75.798,5.366],[-75.788,5.369],[-75.773,5.379],[-75.761,5.387],[-75.75,5.386],[-75.739,5.388],[-75.726,5.397],[-75.714,5.389],[-75.703,5.377],[-75.69,5.371],[-75.678,5.361],[-75.666,5.35],[-75.653,5.351],[-75.646,5.339],[-75.636,5.336],[-75.637,5.323],[-75.639,5.305],[-75.651,5.307],[-75.656,5.296],[-75.663,5.281],[-75.666,5.268],[-75.692,5.256],[-75.705,5.262],[-75.719,5.261],[-75.73,5.266],[-75.741,5.273],[-75.748,5.284],[-75.763,5.274],[-75.774,5.274],[-75.787,5.285],[-75.799,5.28],[-75.813,5.272],[-75.825,5.26],[-75.82,5.243],[-75.806,5.236],[-75.804,5.222],[-75.808,5.207],[-75.804,5.195],[-75.814,5.185],[-75.819,5.173],[-75.826,5.162],[-75.834,5.15],[-75.832,5.139],[-75.838,5.129],[-75.836,5.115],[-75.847,5.105],[-75.865,5.121],[-75.875,5.135],[-75.889,5.129],[-75.891,5.118],[-75.902,5.11],[-75.903,5.098],[-75.909,5.087],[-75.914,5.076],[-75.914,5.063],[-75.921,5.048],[-75.915,5.035],[-75.906,5.024],[-75.902,5.011],[-75.903,5.0],[-75.9,4.988],[-75.897,4.975],[-75.896,4.963],[-75.88,4.959],[-75.868,4.945],[-75.864,4.935],[-75.851,4.931],[-75.841,4.929],[-75.826,4.922],[-75.815,4.919],[-75.804,4.936],[-75.792,4.938],[-75.788,4.95],[-75.796,4.968],[-75.793,4.98],[-75.778,4.993],[-75.781,5.011],[-75.77,5.008],[-75.773,5.02],[-75.76,5.028],[-75.748,5.046],[-75.739,5.029],[-75.728,5.01],[-75.721,4.996],[-75.72,4.984],[-75.716,4.97],[-75.71,4.959],[-75.699,4.944],[-75.688,4.944],[-75.675,4.944],[-75.663,4.943],[-75.651,4.948],[-75.645,4.962],[-75.64,4.973],[-75.629,4.971],[-75.62,4.958],[-75.618,4.932],[-75.599,4.93],[-75.589,4.933],[-75.569,4.936],[-75.559,4.925],[-75.548,4.926],[-75.53,4.917],[-75.51,4.925],[-75.494,4.921],[-75.481,4.917],[-75.483,4.906],[-75.474,4.889],[-75.459,4.886],[-75.455,4.875],[-75.439,4.855],[-75.44,4.845],[-75.43,4.834],[-75.427,4.818],[-75.407,4.805],[-75.39,4.803],[-75.375,4.804],[-75.358,4.827],[-75.356,4.84],[-75.343,4.845],[-75.327,4.862],[-75.32,4.892],[-75.332,4.897],[-75.346,4.915],[-75.348,4.93],[-75.353,4.966],[-75.336,4.974],[-75.328,4.986],[-75.318,5.001],[-75.319,5.031],[-75.327,5.041],[-75.34,5.046],[-75.348,5.057],[-75.343,5.072],[-75.342,5.085],[-75.327,5.095],[-75.309,5.11],[-75.301,5.121],[-75.289,5.134],[-75.276,5.141],[-75.251,5.129],[-75.24,5.126],[-75.228,5.13],[-75.215,5.134],[-75.207,5.148],[-75.198,5.158],[-75.187,5.164],[-75.174,5.167],[-75.162,5.17],[-75.15,5.166],[-75.139,5.158],[-75.124,5.16],[-75.112,5.162],[-75.115,5.174],[-75.105,5.185],[-75.104,5.195],[-75.095,5.214],[-75.084,5.224],[-75.074,5.244],[-75.063,5.251],[-75.062,5.262],[-75.057,5.272],[-75.033,5.277],[-75.027,5.288],[-75.013,5.29],[-75.0,5.291],[-74.99,5.289],[-74.979,5.295],[-74.969,5.296],[-74.954,5.301],[-74.939,5.313],[-74.928,5.31],[-74.913,5.31],[-74.902,5.302],[-74.892,5.298],[-74.877,5.297],[-74.865,5.307],[-74.854,5.315],[-74.844,5.315],[-74.831,5.316],[-74.819,5.313],[-74.805,5.303],[-74.792,5.298],[-74.782,5.299],[-74.766,5.288],[-74.756,5.285],[-74.743,5.291],[-74.73,5.302],[-74.715,5.315],[-74.708,5.343],[-74.699,5.356],[-74.707,5.371],[-74.692,5.363],[-74.679,5.374],[-74.683,5.388],[-74.684,5.399],[-74.667,5.405],[-74.666,5.417],[-74.673,5.428],[-74.672,5.441],[-74.655,5.441],[-74.66,5.452],[-74.664,5.466],[-74.665,5.478],[-74.668,5.491],[-74.674,5.512],[-74.651,5.526],[-74.64,5.539],[-74.641,5.549],[-74.65,5.563],[-74.653,5.575],[-74.645,5.589],[-74.645,5.606],[-74.637,5.623],[-74.636,5.659],[-74.625,5.684],[-74.623,5.697],[-74.638,5.708],[-74.645,5.719],[-74.656,5.723],[-74.663,5.736],[-74.659,5.751],[-74.658,5.763],[-74.658,5.775],[-74.669,5.769],[-74.681,5.779],[-74.694,5.772],[-74.706,5.771],[-74.712,5.759],[-74.724,5.749],[-74.725,5.725],[-74.731,5.712],[-74.739,5.701],[-74.755,5.699],[-74.765,5.697],[-74.781,5.695],[-74.798,5.702],[-74.811,5.709],[-74.827,5.712],[-74.832,5.726],[-74.841,5.738],[-74.855,5.745],[-74.879,5.748],[-74.895,5.739],[-74.931,5.734],[-74.945,5.726],[-74.963,5.719],[-74.982,5.718],[-74.993,5.715],[-75.0,5.702],[-75.004,5.689],[-75.026,5.676],[-75.041,5.667],[-75.053,5.665],[-75.066,5.666],[-75.077,5.657],[-75.087,5.661],[-75.096,5.65],[-75.097,5.64],[-75.092,5.629],[-75.089,5.616],[-75.096,5.604],[-75.091,5.592],[-75.095,5.581],[-75.106,5.574],[-75.119,5.565],[-75.128,5.555],[-75.133,5.544],[-75.137,5.527],[-75.15,5.53],[-75.175,5.525],[-75.19,5.519],[-75.202,5.516],[-75.209,5.505],[-75.232,5.487],[-75.24,5.47],[-75.254,5.452],[-75.261,5.441],[-75.276,5.419],[-75.278,5.44],[-75.285,5.459],[-75.281,5.477],[-75.296,5.474],[-75.314,5.468],[-75.315,5.482],[-75.316,5.495],[-75.311,5.508],[-75.322,5.519],[-75.33,5.532],[-75.333,5.545],[-75.327,5.556],[-75.338,5.568],[-75.339,5.579],[-75.346,5.59],[-75.341,5.603],[-75.352,5.602],[-75.366,5.602],[-75.377,5.612],[-75.384,5.627],[-75.374,5.632],[-75.37,5.648],[-75.368,5.658],[-75.376,5.674],[-75.394,5.677],[-75.405,5.681],[-75.413,5.694],[-75.427,5.696],[-75.44,5.69],[-75.456,5.681],[-75.468,5.667],[-75.487,5.671],[-75.498,5.681],[-75.518,5.69],[-75.532,5.693],[-75.542,5.703],[-75.543,5.721],[-75.554,5.725],[-75.568,5.725],[-75.578,5.727],[-75.597,5.736],[-75.6,5.718],[-75.598,5.706],[-75.6,5.696],[-75.598,5.684],[-75.588,5.674],[-75.575,5.671],[-75.576,5.66],[-75.587,5.652],[-75.589,5.64],[-75.582,5.626],[-75.58,5.606],[-75.58,5.593],[-75.577,5.579],[-75.577,5.565],[-75.576,5.55],[-75.569,5.523],[-75.583,5.519],[-75.597,5.518],[-75.612,5.527],[-75.622,5.528],[-75.635,5.526],[-75.649,5.531],[-75.662,5.527],[-75.673,5.527],[-75.686,5.525],[-75.697,5.531],[-75.709,5.54],[-75.721,5.552],[-75.731,5.564],[-75.745,5.552],[-75.761,5.554],[-75.772,5.543],[-75.786,5.541],[-75.802,5.526],[-75.807,5.514],[-75.818,5.512],[-75.827,5.499],[-75.831,5.488],[-75.844,5.493],[-75.854,5.496],[-75.865,5.494],[-75.867,5.488]]]}},{"type":"Feature","properties":{"codigo":736,"nombre":"Caquetá","nombre_fuente":"Caquetá"},"geometry":{"type":"Polygon","coordinates":[[[-71.323,0.112],[-71.321,0.125],[-71.32,0.137],[-71.333,0.154],[-71.344,0.15],[-71.343,0.138],[-71.361,0.144],[-71.368,0.162],[-71.374,0.174],[-71.39,0.179],[-71.401,0.187],[-71.403,0.17],[-71.402,0.158],[-71.419,0.143],[-71.429,0.14],[-71.445,0.14],[-71.462,0.151],[-71.456,0.164],[-71.454,0.175],[-71.464,0.183],[-71.474,0.184],[-71.476,0.173],[-71.481,0.151],[-71.491,0.148],[-71.494,0.134],[-71.511,0.134],[-71.525,0.122],[-71.542,0.129],[-71.532,0.141],[-71.525,0.153],[-71.53,0.166],[-71.546,0.174],[-71.565,0.172],[-71.578,0.165],[-71.578,0.178],[-71.575,0.199],[-71.562,0.207],[-71.559,0.217],[-71.569,0.216],[-71.578,0.206],[-71.594,0.196],[-71.606,0.183],[-71.622,0.185],[-71.636,0.184],[-71.619,0.192],[-71.626,0.204],[-71.623,0.215],[-71.64,0.209],[-71.657,0.22],[-71.697,0.237],[-71.711,0.259],[-71.723,0.274],[-71.724,0.288],[-71.704,0.295],[-71.699,0.306],[-71.703,0.317],[-71.726,0.309],[-71.732,0.299],[-71.734,0.287],[-71.747,0.291],[-71.754,0.319],[-71.752,0.329],[-71.768,0.327],[-71.787,0.334],[-71.785,0.345],[-71.773,0.348],[-71.772,0.359],[-71.766,0.37],[-71.779,0.365],[-71.789,0.364],[-71.812,0.373],[-71.802,0.361],[-71.806,0.347],[-71.824,0.339],[-71.841,0.345],[-71.851,0.349],[-71.841,0.36],[-71.833,0.373],[-71.836,0.396],[-71.825,0.4],[-71.84,0.408],[-71.845,0.429],[-71.853,0.448],[-71.869,0.46],[-71.884,0.468],[-71.885,0.455],[-71.898,0.443],[-71.911,0.444],[-71.921,0.454],[-71.905,0.466],[-71.907,0.479],[-71.918,0.477],[-71.929,0.494],[-71.921,0.506],[-71.918,0.527],[-71.929,0.545],[-71.936,0.562],[-71.942,0.551],[-71.949,0.54],[-71.96,0.552],[-71.974,0.559],[-71.987,0.56],[-71.991,0.571],[-71.989,0.586],[-72.006,0.593],[-71.996,0.605],[-71.981,0.632],[-71.993,0.631],[-71.994,0.644],[-71.998,0.658],[-72.011,0.653],[-72.021,0.662],[-72.033,0.664],[-72.051,0.654],[-72.065,0.657],[-72.08,0.656],[-72.07,0.67],[-72.067,0.681],[-72.07,0.692],[-72.081,0.704],[-72.093,0.698],[-72.109,0.703],[-72.122,0.72],[-72.119,0.732],[-72.132,0.737],[-72.136,0.723],[-72.146,0.719],[-72.158,0.731],[-72.168,0.73],[-72.161,0.719],[-72.172,0.713],[-72.19,0.726],[-72.198,0.706],[-72.208,0.7],[-72.22,0.705],[-72.231,0.718],[-72.224,0.735],[-72.222,0.748],[-72.226,0.758],[-72.242,0.773],[-72.248,0.788],[-72.265,0.795],[-72.262,0.778],[-72.261,0.765],[-72.291,0.779],[-72.299,0.794],[-72.309,0.809],[-72.289,0.816],[-72.299,0.837],[-72.297,0.852],[-72.287,0.87],[-72.294,0.88],[-72.309,0.875],[-72.319,0.877],[-72.325,0.867],[-72.317,0.857],[-72.317,0.845],[-72.328,0.839],[-72.33,0.85],[-72.34,0.862],[-72.334,0.874],[-72.343,0.895],[-72.341,0.915],[-72.338,0.925],[-72.351,0.935],[-72.364,0.925],[-72.387,0.917],[-72.39,0.927],[-72.382,0.939],[-72.376,0.956],[-72.397,0.964],[-72.405,0.98],[-72.401,0.994],[-72.4,1.004],[-72.412,1.011],[-72.424,1.024],[-72.425,1.035],[-72.434,1.048],[-72.444,1.06],[-72.455,1.069],[-72.456,1.08],[-72.468,1.083],[-72.479,1.079],[-72.489,1.072],[-72.501,1.072],[-72.514,1.075],[-72.525,1.082],[-72.557,1.093],[-72.575,1.113],[-72.589,1.124],[-72.604,1.132],[-72.62,1.135],[-72.637,1.153],[-72.644,1.167],[-72.646,1.177],[-72.657,1.154],[-72.667,1.161],[-72.694,1.165],[-72.694,1.176],[-72.718,1.188],[-72.729,1.18],[-72.728,1.167],[-72.723,1.15],[-72.735,1.154],[-72.74,1.143],[-72.745,1.132],[-72.766,1.133],[-72.779,1.149],[-72.777,1.167],[-72.77,1.178],[-72.785,1.176],[-72.798,1.177],[-72.819,1.179],[-72.817,1.167],[-72.827,1.152],[-72.837,1.158],[-72.854,1.162],[-72.85,1.148],[-72.867,1.147],[-72.87,1.125],[-72.853,1.111],[-72.864,1.108],[-72.883,1.101],[-72.871,1.088],[-72.874,1.078],[-72.885,1.077],[-72.874,1.075],[-72.862,1.072],[-72.861,1.055],[-72.859,1.044],[-72.871,1.051],[-72.867,1.041],[-72.87,1.03],[-72.882,1.024],[-72.895,1.014],[-72.907,1.01],[-72.923,1.012],[-72.933,1.011],[-72.931,1.001],[-72.937,0.986],[-72.95,0.984],[-72.955,0.971],[-72.975,0.957],[-72.986,0.961],[-72.995,0.95],[-72.988,0.933],[-73.004,0.933],[-73.009,0.912],[-73.019,0.915],[-73.034,0.913],[-73.049,0.907],[-73.066,0.904],[-73.079,0.895],[-73.08,0.905],[-73.091,0.909],[-73.102,0.912],[-73.11,0.922],[-73.12,0.922],[-73.131,0.915],[-73.141,0.924],[-73.151,0.934],[-73.164,0.942],[-73.165,0.953],[-73.177,0.956],[-73.18,0.968],[-73.174,0.982],[-73.174,0.995],[-73.186,1.001],[-73.199,1.0],[-73.214,0.999],[-73.24,1.012],[-73.246,1.023],[-73.245,1.04],[-73.262,1.045],[-73.276,1.048],[-73.283,1.063],[-73.297,1.068],[-73.324,1.083],[-73.333,1.094],[-73.338,1.106],[-73.341,1.116],[-73.353,1.121],[-73.37,1.131],[-73.377,1.143],[-73.39,1.147],[-73.394,1.162],[-73.397,1.172],[-73.408,1.172],[-73.418,1.192],[-73.409,1.206],[-73.422,1.221],[-73.413,1.233],[-73.422,1.252],[-73.432,1.26],[-73.425,1.271],[-73.425,1.289],[-73.445,1.299],[-73.455,1.309],[-73.46,1.327],[-73.466,1.339],[-73.472,1.358],[-73.483,1.373],[-73.499,1.384],[-73.529,1.395],[-73.54,1.402],[-73.545,1.416],[-73.548,1.439],[-73.555,1.454],[-73.571,1.463],[-73.585,1.485],[-73.598,1.496],[-73.61,1.509],[-73.617,1.528],[-73.627,1.538],[-73.64,1.549],[-73.644,1.561],[-73.658,1.576],[-73.661,1.593],[-73.659,1.615],[-73.67,1.616],[-73.686,1.621],[-73.695,1.632],[-73.707,1.633],[-73.721,1.639],[-73.733,1.633],[-73.746,1.643],[-73.76,1.646],[-73.779,1.655],[-73.791,1.65],[-73.802,1.651],[-73.815,1.652],[-73.827,1.648],[-73.837,1.652],[-73.853,1.654],[-73.863,1.654],[-73.875,1.649],[-73.885,1.647],[-73.925,1.643],[-73.937,1.647],[-73.95,1.641],[-73.954,1.627],[-73.968,1.612],[-73.974,1.602],[-73.986,1.607],[-73.992,1.629],[-74.0,1.644],[-73.997,1.655],[-74.015,1.659],[-74.028,1.662],[-74.039,1.662],[-74.061,1.657],[-74.075,1.645],[-74.091,1.642],[-74.1,1.661],[-74.098,1.677],[-74.108,1.692],[-74.127,1.698],[-74.153,1.715],[-74.166,1.717],[-74.181,1.72],[-74.197,1.714],[-74.208,1.727],[-74.206,1.75],[-74.21,1.762],[-74.226,1.767],[-74.257,1.758],[-74.27,1.754],[-74.288,1.772],[-74.301,1.78],[-74.317,1.786],[-74.344,1.791],[-74.373,1.789],[-74.39,1.793],[-74.399,1.803],[-74.415,1.812],[-74.426,1.811],[-74.45,1.812],[-74.47,1.806],[-74.5,1.818],[-74.516,1.833],[-74.527,1.836],[-74.541,1.842],[-74.558,1.846],[-74.567,1.856],[-74.566,1.876],[-74.565,1.886],[-74.56,1.896],[-74.562,1.908],[-74.57,1.92],[-74.566,1.938],[-74.568,1.953],[-74.572,1.968],[-74.588,2.009],[-74.603,2.029],[-74.604,2.046],[-74.609,2.071],[-74.604,2.088],[-74.592,2.114],[-74.599,2.141],[-74.599,2.161],[-74.588,2.183],[-74.59,2.195],[-74.598,2.206],[-74.627,2.202],[-74.65,2.207],[-74.664,2.22],[-74.674,2.235],[-74.68,2.256],[-74.687,2.269],[-74.677,2.281],[-74.698,2.286],[-74.71,2.276],[-74.721,2.262],[-74.733,2.273],[-74.729,2.301],[-74.733,2.313],[-74.733,2.331],[-74.727,2.355],[-74.71,2.381],[-74.702,2.404],[-74.689,2.419],[-74.677,2.423],[-74.668,2.437],[-74.667,2.464],[-74.664,2.475],[-74.655,2.491],[-74.651,2.503],[-74.687,2.527],[-74.686,2.546],[-74.677,2.564],[-74.664,2.578],[-74.652,2.588],[-74.639,2.609],[-74.606,2.636],[-74.593,2.651],[-74.591,2.666],[-74.603,2.682],[-74.614,2.688],[-74.627,2.693],[-74.638,2.704],[-74.624,2.725],[-74.619,2.737],[-74.617,2.748],[-74.638,2.754],[-74.643,2.774],[-74.666,2.811],[-74.664,2.83],[-74.662,2.841],[-74.663,2.855],[-74.668,2.87],[-74.67,2.881],[-74.689,2.894],[-74.702,2.894],[-74.716,2.888],[-74.757,2.875],[-74.777,2.884],[-74.785,2.895],[-74.786,2.929],[-74.805,2.931],[-74.828,2.916],[-74.845,2.91],[-74.858,2.912],[-74.87,2.912],[-74.891,2.907],[-74.934,2.907],[-74.942,2.895],[-74.953,2.884],[-74.978,2.862],[-74.99,2.85],[-75.002,2.835],[-75.016,2.811],[-75.038,2.781],[-75.052,2.759],[-75.064,2.746],[-75.081,2.732],[-75.095,2.727],[-75.127,2.729],[-75.14,2.726],[-75.153,2.71],[-75.144,2.699],[-75.134,2.694],[-75.141,2.668],[-75.153,2.653],[-75.155,2.642],[-75.149,2.628],[-75.143,2.615],[-75.135,2.605],[-75.14,2.584],[-75.157,2.562],[-75.169,2.552],[-75.178,2.536],[-75.175,2.524],[-75.184,2.513],[-75.201,2.515],[-75.229,2.515],[-75.223,2.499],[-75.222,2.485],[-75.235,2.47],[-75.246,2.442],[-75.265,2.426],[-75.276,2.42],[-75.29,2.393],[-75.301,2.377],[-75.307,2.361],[-75.319,2.356],[-75.332,2.358],[-75.345,2.326],[-75.385,2.315],[-75.39,2.297],[-75.402,2.275],[-75.409,2.258],[-75.418,2.238],[-75.437,2.225],[-75.435,2.214],[-75.424,2.199],[-75.434,2.166],[-75.443,2.153],[-75.461,2.141],[-75.476,2.135],[-75.487,2.134],[-75.516,2.122],[-75.53,2.121],[-75.541,2.098],[-75.551,2.081],[-75.553,2.062],[-75.577,2.046],[-75.582,2.029],[-75.591,2.014],[-75.612,1.996],[-75.623,1.981],[-75.644,1.94],[-75.653,1.908],[-75.689,1.875],[-75.703,1.862],[-75.711,1.845],[-75.713,1.834],[-75.729,1.816],[-75.733,1.794],[-75.767,1.767],[-75.788,1.757],[-75.82,1.749],[-75.846,1.73],[-75.862,1.715],[-75.887,1.72],[-75.901,1.719],[-75.933,1.692],[-75.946,1.677],[-75.956,1.669],[-75.973,1.662],[-75.991,1.64],[-76.002,1.616],[-76.011,1.602],[-76.031,1.582],[-76.048,1.572],[-76.068,1.577],[-76.084,1.574],[-76.1,1.566],[-76.11,1.557],[-76.12,1.555],[-76.134,1.571],[-76.146,1.578],[-76.157,1.585],[-76.168,1.587],[-76.158,1.578],[-76.153,1.564],[-76.149,1.545],[-76.159,1.527],[-76.165,1.516],[-76.183,1.49],[-76.183,1.479],[-76.186,1.462],[-76.177,1.451],[-76.184,1.44],[-76.192,1.424],[-76.197,1.409],[-76.201,1.384],[-76.202,1.369],[-76.203,1.359],[-76.21,1.348],[-76.222,1.34],[-76.216,1.33],[-76.232,1.309],[-76.245,1.301],[-76.25,1.29],[-76.254,1.277],[-76.269,1.267],[-76.287,1.25],[-76.301,1.24],[-76.306,1.229],[-76.295,1.218],[-76.29,1.208],[-76.3,1.193],[-76.302,1.176],[-76.291,1.176],[-76.287,1.161],[-76.285,1.146],[-76.277,1.135],[-76.259,1.124],[-76.249,1.12],[-76.234,1.123],[-76.216,1.11],[-76.193,1.109],[-76.165,1.107],[-76.153,1.11],[-76.148,1.1],[-76.13,1.101],[-76.124,1.087],[-76.113,1.085],[-76.102,1.078],[-76.1,1.068],[-76.088,1.067],[-76.084,1.057],[-76.069,1.053],[-76.051,1.047],[-76.039,1.053],[-76.02,1.048],[-76.008,1.057],[-76.002,1.036],[-75.99,1.032],[-75.987,1.046],[-75.991,1.059],[-75.999,1.071],[-75.987,1.069],[-75.976,1.061],[-75.962,1.043],[-75.948,1.032],[-75.936,1.028],[-75.923,1.031],[-75.92,1.017],[-75.933,1.006],[-75.932,0.992],[-75.949,0.983],[-75.935,0.98],[-75.916,0.976],[-75.904,0.967],[-75.904,0.956],[-75.903,0.946],[-75.891,0.933],[-75.869,0.925],[-75.862,0.914],[-75.866,0.898],[-75.86,0.887],[-75.84,0.877],[-75.822,0.882],[-75.809,0.897],[-75.798,0.894],[-75.789,0.881],[-75.773,0.867],[-75.765,0.852],[-75.763,0.84],[-75.748,0.844],[-75.734,0.86],[-75.719,0.861],[-75.707,0.86],[-75.69,0.863],[-75.678,0.858],[-75.658,0.868],[-75.648,0.878],[-75.634,0.873],[-75.618,0.867],[-75.613,0.852],[-75.608,0.838],[-75.577,0.834],[-75.562,0.829],[-75.548,0.832],[-75.536,0.822],[-75.537,0.8],[-75.537,0.788],[-75.512,0.77],[-75.498,0.77],[-75.486,0.782],[-75.475,0.777],[-75.473,0.762],[-75.461,0.755],[-75.44,0.746],[-75.415,0.737],[-75.401,0.738],[-75.39,0.752],[-75.357,0.753],[-75.343,0.77],[-75.333,0.767],[-75.331,0.752],[-75.317,0.744],[-75.306,0.746],[-75.301,0.734],[-75.289,0.728],[-75.27,0.727],[-75.256,0.706],[-75.263,0.687],[-75.273,0.675],[-75.26,0.653],[-75.247,0.65],[-75.235,0.651],[-75.217,0.627],[-75.219,0.617],[-75.21,0.592],[-75.224,0.583],[-75.235,0.574],[-75.234,0.561],[-75.228,0.543],[-75.211,0.516],[-75.198,0.506],[-75.203,0.493],[-75.219,0.494],[-75.22,0.483],[-75.206,0.482],[-75.192,0.487],[-75.172,0.485],[-75.159,0.482],[-75.144,0.487],[-75.128,0.504],[-75.118,0.512],[-75.105,0.514],[-75.095,0.498],[-75.097,0.486],[-75.106,0.476],[-75.094,0.474],[-75.08,0.48],[-75.059,0.485],[-75.043,0.479],[-75.032,0.483],[-75.019,0.476],[-75.008,0.453],[-75.005,0.439],[-74.987,0.422],[-74.982,0.405],[-75.0,0.393],[-75.011,0.393],[-75.007,0.337],[-74.983,0.322],[-74.98,0.31],[-75.003,0.298],[-75.011,0.284],[-75.004,0.273],[-74.994,0.271],[-74.98,0.263],[-74.968,0.246],[-74.944,0.242],[-74.927,0.251],[-74.904,0.252],[-74.891,0.248],[-74.864,0.224],[-74.846,0.215],[-74.828,0.213],[-74.814,0.217],[-74.787,0.209],[-74.767,0.213],[-74.751,0.212],[-74.726,0.207],[-74.711,0.197],[-74.703,0.184],[-74.685,0.169],[-74.677,0.159],[-74.675,0.138],[-74.672,0.124],[-74.672,0.109],[-74.675,0.097],[-74.689,0.087],[-74.703,0.095],[-74.704,0.082],[-74.692,0.079],[-74.679,0.083],[-74.667,0.082],[-74.655,0.072],[-74.658,0.058],[-74.672,0.048],[-74.682,0.042],[-74.697,0.045],[-74.691,0.021],[-74.679,0.015],[-74.67,0.004],[-74.656,-0.011],[-74.656,-0.028],[-74.668,-0.042],[-74.679,-0.046],[-74.679,-0.06],[-74.653,-0.042],[-74.628,-0.046],[-74.615,-0.061],[-74.619,-0.076],[-74.632,-0.082],[-74.598,-0.099],[-74.576,-0.112],[-74.543,-0.12],[-74.53,-0.127],[-74.525,-0.111],[-74.535,-0.095],[-74.516,-0.089],[-74.508,-0.1],[-74.509,-0.122],[-74.504,-0.135],[-74.485,-0.139],[-74.469,-0.121],[-74.462,-0.109],[-74.462,-0.084],[-74.454,-0.071],[-74.441,-0.074],[-74.429,-0.086],[-74.422,-0.104],[-74.431,-0.118],[-74.446,-0.129],[-74.449,-0.139],[-74.437,-0.137],[-74.407,-0.117],[-74.369,-0.111],[-74.357,-0.107],[-74.333,-0.114],[-74.316,-0.136],[-74.305,-0.147],[-74.278,-0.139],[-74.265,-0.145],[-74.263,-0.157],[-74.283,-0.173],[-74.289,-0.185],[-74.288,-0.202],[-74.277,-0.208],[-74.267,-0.217],[-74.249,-0.225],[-74.234,-0.238],[-74.221,-0.231],[-74.219,-0.213],[-74.208,-0.208],[-74.194,-0.216],[-74.188,-0.246],[-74.188,-0.258],[-74.172,-0.267],[-74.155,-0.261],[-74.151,-0.249],[-74.134,-0.234],[-74.119,-0.232],[-74.106,-0.242],[-74.093,-0.26],[-74.088,-0.273],[-74.077,-0.282],[-74.056,-0.273],[-74.044,-0.273],[-74.04,-0.299],[-74.026,-0.316],[-74.018,-0.331],[-74.005,-0.342],[-73.985,-0.348],[-73.966,-0.349],[-73.948,-0.353],[-73.928,-0.359],[-73.883,-0.369],[-73.864,-0.378],[-73.841,-0.398],[-73.824,-0.409],[-73.813,-0.412],[-73.79,-0.409],[-73.763,-0.409],[-73.753,-0.404],[-73.739,-0.386],[-73.717,-0.381],[-73.691,-0.414],[-73.675,-0.423],[-73.663,-0.422],[-73.646,-0.415],[-73.635,-0.429],[-73.653,-0.451],[-73.639,-0.452],[-73.624,-0.447],[-73.604,-0.439],[-73.592,-0.441],[-73.579,-0.457],[-73.577,-0.483],[-73.568,-0.496],[-73.572,-0.514],[-73.562,-0.519],[-73.544,-0.51],[-73.54,-0.495],[-73.53,-0.49],[-73.527,-0.507],[-73.514,-0.523],[-73.488,-0.529],[-73.447,-0.514],[-73.437,-0.512],[-73.419,-0.514],[-73.403,-0.523],[-73.389,-0.534],[-73.375,-0.533],[-73.361,-0.519],[-73.336,-0.506],[-73.323,-0.524],[-73.299,-0.541],[-73.277,-0.547],[-73.26,-0.561],[-73.256,-0.578],[-73.24,-0.586],[-73.219,-0.608],[-73.212,-0.622],[-73.202,-0.627],[-73.163,-0.622],[-73.143,-0.61],[-73.123,-0.606],[-73.11,-0.606],[-73.098,-0.612],[-73.084,-0.624],[-73.072,-0.618],[-73.071,-0.603],[-73.069,-0.593],[-73.06,-0.576],[-73.055,-0.553],[-73.044,-0.536],[-73.025,-0.529],[-73.014,-0.528],[-72.998,-0.533],[-72.987,-0.539],[-72.972,-0.549],[-72.956,-0.565],[-72.949,-0.576],[-72.943,-0.596],[-72.936,-0.607],[-72.921,-0.616],[-72.907,-0.618],[-72.875,-0.619],[-72.862,-0.616],[-72.83,-0.598],[-72.816,-0.601],[-72.806,-0.586],[-72.795,-0.577],[-72.776,-0.58],[-72.769,-0.569],[-72.759,-0.559],[-72.749,-0.557],[-72.744,-0.577],[-72.733,-0.586],[-72.722,-0.589],[-72.701,-0.605],[-72.677,-0.617],[-72.676,-0.634],[-72.622,-0.67],[-72.603,-0.687],[-72.563,-0.706],[-72.542,-0.687],[-72.534,-0.673],[-72.515,-0.66],[-72.495,-0.631],[-72.478,-0.617],[-72.467,-0.601],[-72.446,-0.581],[-72.434,-0.565],[-72.422,-0.563],[-72.408,-0.568],[-72.404,-0.583],[-72.409,-0.597],[-72.396,-0.614],[-72.372,-0.624],[-72.358,-0.635],[-72.33,-0.644],[-72.273,-0.625],[-72.254,-0.616],[-72.242,-0.611],[-72.235,-0.595],[-72.23,-0.584],[-72.243,-0.557],[-72.243,-0.538],[-72.236,-0.526],[-72.235,-0.499],[-72.212,-0.485],[-72.194,-0.47],[-72.192,-0.456],[-72.176,-0.435],[-72.166,-0.419],[-72.158,-0.392],[-72.158,-0.374],[-72.153,-0.363],[-72.131,-0.343],[-72.115,-0.335],[-72.088,-0.333],[-72.071,-0.324],[-72.06,-0.308],[-72.047,-0.279],[-72.038,-0.267],[-72.003,-0.268],[-71.955,-0.271],[-71.922,-0.267],[-71.872,-0.269],[-71.858,-0.269],[-71.846,-0.272],[-71.829,-0.272],[-71.81,-0.265],[-71.779,-0.263],[-71.766,-0.254],[-71.75,-0.251],[-71.717,-0.225],[-71.717,-0.202],[-71.722,-0.189],[-71.725,-0.176],[-71.731,-0.163],[-71.732,-0.141],[-71.721,-0.116],[-71.721,-0.105],[-71.705,-0.09],[-71.699,-0.079],[-71.688,-0.069],[-71.665,-0.06],[-71.641,-0.047],[-71.629,-0.036],[-71.618,-0.016],[-71.597,-0.006],[-71.583,-0.003],[-71.569,-0.003],[-71.541,-0.001],[-71.504,0.009],[-71.482,0.018],[-71.465,0.02],[-71.438,0.021],[-71.422,0.023],[-71.398,0.031],[-71.369,0.048],[-71.361,0.064],[-71.342,0.077],[-71.333,0.089],[-71.323,0.112]]]}},{"type":"Feature","properties":{"codigo":750,"nombre":"Casanare","nombre_fuente":"Casanare"},"geometry":{"type":"Polygon","coordinates":[[[-71.078,4.925],[-71.068,4.918],[-71.059,4.929],[-71.043,4.938],[-71.032,4.946],[-71.016,4.96],[-71.002,4.98],[-70.999,4.998],[-70.983,5.04],[-70.979,5.052],[-70.97,5.063],[-70.973,5.073],[-70.969,5.084],[-70.954,5.11],[-70.94,5.13],[-70.924,5.137],[-70.896,5.147],[-70.868,5.152],[-70.856,5.154],[-70.845,5.158],[-70.826,5.174],[-70.82,5.188],[-70.798,5.204],[-70.77,5.22],[-70.745,5.245],[-70.724,5.258],[-70.691,5.289],[-70.677,5.32],[-70.678,5.332],[-70.681,5.35],[-70.68,5.36],[-70.69,5.371],[-70.689,5.382],[-70.677,5.388],[-70.666,5.387],[-70.652,5.387],[-70.636,5.401],[-70.625,5.4],[-70.611,5.412],[-70.592,5.427],[-70.577,5.428],[-70.567,5.449],[-70.552,5.455],[-70.529,5.473],[-70.516,5.475],[-70.507,5.491],[-70.491,5.499],[-70.476,5.512],[-70.461,5.518],[-70.441,5.53],[-70.424,5.533],[-70.41,5.55],[-70.396,5.56],[-70.383,5.563],[-70.366,5.584],[-70.356,5.592],[-70.331,5.577],[-70.315,5.568],[-70.293,5.561],[-70.272,5.567],[-70.257,5.568],[-70.242,5.571],[-70.226,5.586],[-70.216,5.59],[-70.194,5.592],[-70.174,5.604],[-70.157,5.609],[-70.13,5.621],[-70.124,5.635],[-70.116,5.648],[-70.1,5.658],[-70.089,5.674],[-70.073,5.689],[-70.06,5.704],[-70.051,5.715],[-70.046,5.729],[-70.044,5.747],[-70.03,5.757],[-70.018,5.768],[-70.013,5.779],[-69.995,5.791],[-69.968,5.827],[-69.97,5.844],[-69.965,5.855],[-69.946,5.871],[-69.935,5.887],[-69.93,5.902],[-69.918,5.915],[-69.892,5.951],[-69.878,5.965],[-69.862,5.975],[-69.847,6.003],[-69.846,6.023],[-69.839,6.035],[-69.826,6.044],[-69.846,6.044],[-69.861,6.039],[-69.872,6.045],[-69.888,6.05],[-69.897,6.066],[-69.907,6.077],[-69.906,6.1],[-69.923,6.11],[-69.934,6.118],[-69.943,6.136],[-69.958,6.144],[-69.972,6.132],[-69.982,6.138],[-69.985,6.149],[-69.982,6.163],[-69.994,6.163],[-69.993,6.151],[-70.003,6.147],[-70.023,6.158],[-70.035,6.154],[-70.058,6.16],[-70.054,6.174],[-70.038,6.177],[-70.043,6.187],[-70.057,6.184],[-70.059,6.207],[-70.076,6.215],[-70.088,6.229],[-70.098,6.235],[-70.109,6.232],[-70.117,6.245],[-70.123,6.264],[-70.138,6.269],[-70.15,6.269],[-70.155,6.287],[-70.16,6.298],[-70.168,6.283],[-70.184,6.282],[-70.195,6.295],[-70.212,6.288],[-70.224,6.292],[-70.237,6.286],[-70.254,6.286],[-70.266,6.275],[-70.29,6.285],[-70.31,6.289],[-70.324,6.289],[-70.337,6.292],[-70.352,6.294],[-70.366,6.302],[-70.381,6.301],[-70.406,6.29],[-70.42,6.29],[-70.431,6.291],[-70.43,6.278],[-70.444,6.274],[-70.455,6.266],[-70.465,6.263],[-70.477,6.262],[-70.482,6.249],[-70.5,6.248],[-70.511,6.24],[-70.529,6.229],[-70.538,6.244],[-70.55,6.237],[-70.56,6.246],[-70.571,6.239],[-70.585,6.238],[-70.596,6.242],[-70.607,6.24],[-70.624,6.234],[-70.638,6.235],[-70.655,6.229],[-70.673,6.22],[-70.683,6.223],[-70.703,6.22],[-70.714,6.224],[-70.725,6.216],[-70.744,6.224],[-70.758,6.232],[-70.769,6.228],[-70.77,6.241],[-70.78,6.243],[-70.801,6.255],[-70.816,6.253],[-70.828,6.247],[-70.841,6.24],[-70.861,6.239],[-70.864,6.224],[-70.876,6.231],[-70.889,6.227],[-70.906,6.231],[-70.922,6.234],[-70.935,6.226],[-70.952,6.235],[-70.963,6.235],[-70.976,6.234],[-70.995,6.235],[-71.012,6.254],[-71.034,6.266],[-71.036,6.255],[-71.051,6.257],[-71.064,6.256],[-71.075,6.264],[-71.089,6.277],[-71.107,6.267],[-71.118,6.273],[-71.129,6.261],[-71.145,6.266],[-71.157,6.263],[-71.172,6.275],[-71.183,6.281],[-71.194,6.283],[-71.205,6.286],[-71.213,6.296],[-71.226,6.295],[-71.22,6.283],[-71.23,6.283],[-71.234,6.271],[-71.249,6.269],[-71.257,6.281],[-71.269,6.283],[-71.271,6.261],[-71.276,6.273],[-71.294,6.274],[-71.312,6.255],[-71.332,6.257],[-71.331,6.246],[-71.343,6.243],[-71.347,6.23],[-71.365,6.229],[-71.376,6.233],[-71.383,6.243],[-71.395,6.237],[-71.405,6.242],[-71.416,6.243],[-71.416,6.227],[-71.426,6.227],[-71.434,6.239],[-71.444,6.246],[-71.441,6.232],[-71.439,6.216],[-71.453,6.224],[-71.46,6.211],[-71.471,6.213],[-71.485,6.202],[-71.492,6.214],[-71.502,6.2],[-71.512,6.205],[-71.523,6.21],[-71.531,6.224],[-71.534,6.211],[-71.548,6.213],[-71.548,6.2],[-71.559,6.198],[-71.565,6.211],[-71.575,6.206],[-71.567,6.194],[-71.584,6.2],[-71.591,6.211],[-71.609,6.207],[-71.608,6.22],[-71.62,6.227],[-71.631,6.224],[-71.641,6.221],[-71.645,6.207],[-71.657,6.197],[-71.672,6.188],[-71.693,6.19],[-71.704,6.193],[-71.717,6.195],[-71.727,6.196],[-71.743,6.192],[-71.756,6.193],[-71.77,6.192],[-71.783,6.193],[-71.798,6.188],[-71.808,6.187],[-71.82,6.191],[-71.838,6.181],[-71.848,6.172],[-71.859,6.163],[-71.87,6.159],[-71.882,6.158],[-71.902,6.157],[-71.915,6.163],[-71.932,6.169],[-71.943,6.169],[-71.955,6.172],[-71.983,6.148],[-72.001,6.138],[-72.012,6.13],[-72.035,6.121],[-72.048,6.124],[-72.07,6.115],[-72.096,6.091],[-72.106,6.08],[-72.119,6.074],[-72.137,6.067],[-72.151,6.071],[-72.171,6.08],[-72.188,6.091],[-72.199,6.099],[-72.215,6.104],[-72.234,6.112],[-72.247,6.117],[-72.26,6.121],[-72.275,6.133],[-72.279,6.157],[-72.279,6.179],[-72.282,6.192],[-72.292,6.203],[-72.306,6.204],[-72.317,6.207],[-72.328,6.219],[-72.34,6.222],[-72.35,6.246],[-72.362,6.261],[-72.367,6.274],[-72.368,6.292],[-72.364,6.307],[-72.375,6.305],[-72.379,6.293],[-72.39,6.283],[-72.397,6.272],[-72.387,6.264],[-72.39,6.254],[-72.397,6.237],[-72.398,6.22],[-72.402,6.208],[-72.409,6.195],[-72.419,6.185],[-72.408,6.187],[-72.394,6.188],[-72.393,6.163],[-72.374,6.151],[-72.382,6.137],[-72.388,6.117],[-72.374,6.111],[-72.372,6.098],[-72.369,6.081],[-72.359,6.075],[-72.342,6.076],[-72.321,6.089],[-72.318,6.079],[-72.321,6.068],[-72.332,6.059],[-72.343,6.053],[-72.354,6.043],[-72.365,6.043],[-72.363,6.027],[-72.349,6.013],[-72.344,6.002],[-72.342,5.989],[-72.342,5.978],[-72.343,5.964],[-72.337,5.954],[-72.328,5.939],[-72.328,5.918],[-72.327,5.903],[-72.334,5.89],[-72.324,5.887],[-72.335,5.881],[-72.343,5.865],[-72.351,5.853],[-72.361,5.851],[-72.363,5.839],[-72.366,5.827],[-72.386,5.828],[-72.391,5.818],[-72.373,5.812],[-72.363,5.81],[-72.353,5.812],[-72.338,5.804],[-72.316,5.795],[-72.303,5.791],[-72.289,5.799],[-72.279,5.8],[-72.264,5.796],[-72.255,5.786],[-72.258,5.762],[-72.268,5.741],[-72.279,5.728],[-72.28,5.715],[-72.286,5.701],[-72.295,5.69],[-72.283,5.675],[-72.272,5.671],[-72.261,5.655],[-72.271,5.639],[-72.28,5.623],[-72.281,5.606],[-72.296,5.601],[-72.298,5.579],[-72.306,5.564],[-72.31,5.553],[-72.326,5.535],[-72.344,5.507],[-72.358,5.517],[-72.374,5.536],[-72.381,5.553],[-72.397,5.57],[-72.409,5.571],[-72.421,5.563],[-72.425,5.548],[-72.437,5.533],[-72.445,5.519],[-72.46,5.508],[-72.471,5.496],[-72.49,5.481],[-72.494,5.462],[-72.5,5.448],[-72.518,5.435],[-72.528,5.427],[-72.541,5.412],[-72.564,5.394],[-72.583,5.382],[-72.57,5.377],[-72.576,5.359],[-72.589,5.358],[-72.608,5.351],[-72.623,5.346],[-72.636,5.341],[-72.645,5.328],[-72.65,5.312],[-72.664,5.301],[-72.679,5.291],[-72.699,5.278],[-72.714,5.281],[-72.719,5.301],[-72.723,5.313],[-72.755,5.331],[-72.775,5.357],[-72.784,5.377],[-72.797,5.395],[-72.815,5.386],[-72.838,5.365],[-72.848,5.352],[-72.859,5.348],[-72.878,5.359],[-72.882,5.334],[-72.897,5.283],[-72.906,5.267],[-72.909,5.25],[-72.916,5.238],[-72.922,5.224],[-72.932,5.213],[-72.939,5.202],[-72.949,5.19],[-72.948,5.18],[-72.958,5.164],[-72.969,5.154],[-72.964,5.134],[-72.949,5.124],[-72.937,5.116],[-72.93,5.102],[-72.916,5.102],[-72.905,5.097],[-72.905,5.079],[-72.926,5.049],[-72.924,5.034],[-72.94,5.022],[-72.954,5.007],[-72.968,4.989],[-72.972,4.976],[-72.987,4.986],[-73.0,4.989],[-73.011,4.997],[-73.021,4.994],[-73.03,4.983],[-73.029,4.969],[-73.039,4.953],[-73.041,4.938],[-73.048,4.924],[-73.048,4.902],[-73.041,4.888],[-73.043,4.876],[-73.051,4.86],[-73.058,4.85],[-73.067,4.839],[-73.071,4.822],[-73.073,4.802],[-73.061,4.789],[-73.046,4.758],[-73.047,4.745],[-73.049,4.731],[-73.054,4.701],[-73.044,4.688],[-73.037,4.665],[-73.017,4.641],[-73.003,4.625],[-72.982,4.61],[-72.971,4.597],[-72.965,4.584],[-72.949,4.556],[-72.932,4.534],[-72.926,4.518],[-72.915,4.512],[-72.906,4.496],[-72.896,4.479],[-72.875,4.462],[-72.861,4.453],[-72.845,4.445],[-72.844,4.431],[-72.829,4.43],[-72.811,4.431],[-72.816,4.415],[-72.805,4.403],[-72.809,4.389],[-72.792,4.399],[-72.79,4.388],[-72.801,4.381],[-72.783,4.374],[-72.773,4.37],[-72.768,4.356],[-72.778,4.351],[-72.766,4.35],[-72.768,4.338],[-72.751,4.33],[-72.74,4.322],[-72.742,4.309],[-72.718,4.297],[-72.702,4.288],[-72.692,4.288],[-72.686,4.304],[-72.675,4.317],[-72.65,4.308],[-72.629,4.301],[-72.619,4.302],[-72.608,4.31],[-72.598,4.309],[-72.584,4.311],[-72.57,4.304],[-72.562,4.32],[-72.573,4.329],[-72.561,4.343],[-72.541,4.341],[-72.53,4.344],[-72.508,4.336],[-72.486,4.331],[-72.477,4.321],[-72.452,4.329],[-72.435,4.353],[-72.419,4.349],[-72.418,4.325],[-72.405,4.319],[-72.388,4.333],[-72.375,4.339],[-72.36,4.34],[-72.346,4.359],[-72.341,4.372],[-72.33,4.368],[-72.317,4.374],[-72.306,4.392],[-72.289,4.415],[-72.275,4.413],[-72.257,4.418],[-72.248,4.433],[-72.237,4.435],[-72.218,4.433],[-72.203,4.432],[-72.181,4.434],[-72.17,4.438],[-72.159,4.442],[-72.141,4.44],[-72.123,4.431],[-72.108,4.426],[-72.088,4.42],[-72.07,4.407],[-72.07,4.396],[-72.066,4.385],[-72.055,4.376],[-72.035,4.384],[-72.01,4.385],[-71.986,4.387],[-71.975,4.393],[-71.965,4.408],[-71.957,4.42],[-71.938,4.436],[-71.932,4.447],[-71.919,4.453],[-71.905,4.467],[-71.897,4.479],[-71.894,4.494],[-71.867,4.515],[-71.851,4.523],[-71.845,4.535],[-71.835,4.543],[-71.832,4.558],[-71.82,4.571],[-71.808,4.583],[-71.79,4.586],[-71.776,4.58],[-71.745,4.575],[-71.733,4.576],[-71.719,4.586],[-71.683,4.601],[-71.668,4.61],[-71.653,4.613],[-71.635,4.623],[-71.616,4.64],[-71.603,4.641],[-71.593,4.655],[-71.579,4.673],[-71.565,4.679],[-71.541,4.684],[-71.524,4.682],[-71.514,4.694],[-71.493,4.702],[-71.474,4.708],[-71.464,4.712],[-71.437,4.718],[-71.425,4.725],[-71.405,4.742],[-71.39,4.757],[-71.377,4.751],[-71.359,4.755],[-71.352,4.767],[-71.326,4.771],[-71.312,4.786],[-71.304,4.796],[-71.29,4.804],[-71.263,4.806],[-71.238,4.815],[-71.214,4.816],[-71.196,4.825],[-71.178,4.838],[-71.167,4.844],[-71.156,4.856],[-71.141,4.869],[-71.128,4.885],[-71.112,4.885],[-71.104,4.897],[-71.095,4.908],[-71.082,4.913],[-71.081,4.925],[-71.078,4.925]]]}},{"type":"Feature","properties":{"codigo":737,"nombre":"Cauca","nombre_fuente":"Cauca"},"geometry":{"type":"Polygon","coordinates":[[[-76.057,3.224],[-76.062,3.213],[-76.083,3.218],[-76.109,3.226],[-76.119,3.222],[-76.133,3.222],[-76.145,3.224],[-76.157,3.235],[-76.17,3.231],[-76.181,3.232],[-76.191,3.228],[-76.202,3.242],[-76.207,3.257],[-76.217,3.268],[-76.23,3.276],[-76.261,3.279],[-76.271,3.277],[-76.282,3.283],[-76.293,3.286],[-76.304,3.286],[-76.323,3.281],[-76.342,3.282],[-76.357,3.289],[-76.373,3.288],[-76.406,3.298],[-76.417,3.31],[-76.433,3.313],[-76.448,3.317],[-76.458,3.329],[-76.461,3.317],[-76.472,3.313],[-76.477,3.301],[-76.489,3.305],[-76.494,3.293],[-76.473,3.29],[-76.486,3.287],[-76.472,3.28],[-76.462,3.269],[-76.459,3.258],[-76.46,3.247],[-76.47,3.251],[-76.468,3.239],[-76.472,3.226],[-76.474,3.215],[-76.486,3.212],[-76.497,3.205],[-76.492,3.194],[-76.494,3.182],[-76.487,3.169],[-76.499,3.171],[-76.501,3.159],[-76.5,3.144],[-76.515,3.148],[-76.517,3.137],[-76.53,3.138],[-76.524,3.127],[-76.513,3.123],[-76.527,3.115],[-76.53,3.126],[-76.534,3.113],[-76.546,3.103],[-76.56,3.105],[-76.564,3.115],[-76.572,3.129],[-76.574,3.117],[-76.585,3.116],[-76.588,3.106],[-76.6,3.105],[-76.593,3.094],[-76.604,3.097],[-76.614,3.092],[-76.624,3.105],[-76.623,3.117],[-76.642,3.117],[-76.648,3.105],[-76.666,3.099],[-76.677,3.1],[-76.695,3.113],[-76.725,3.119],[-76.744,3.136],[-76.749,3.15],[-76.742,3.172],[-76.745,3.191],[-76.754,3.201],[-76.757,3.213],[-76.769,3.231],[-76.783,3.231],[-76.796,3.216],[-76.808,3.21],[-76.826,3.211],[-76.839,3.211],[-76.85,3.208],[-76.865,3.212],[-76.876,3.21],[-76.891,3.203],[-76.908,3.201],[-76.913,3.187],[-76.912,3.172],[-76.916,3.15],[-76.927,3.142],[-76.927,3.127],[-76.939,3.114],[-76.952,3.116],[-76.962,3.119],[-76.979,3.127],[-76.988,3.139],[-76.991,3.149],[-77.013,3.154],[-77.03,3.166],[-77.055,3.171],[-77.07,3.172],[-77.081,3.179],[-77.095,3.183],[-77.105,3.181],[-77.117,3.169],[-77.131,3.161],[-77.14,3.172],[-77.153,3.171],[-77.164,3.166],[-77.181,3.155],[-77.191,3.15],[-77.2,3.137],[-77.212,3.134],[-77.22,3.123],[-77.228,3.111],[-77.245,3.116],[-77.258,3.128],[-77.268,3.133],[-77.279,3.132],[-77.29,3.143],[-77.278,3.148],[-77.279,3.159],[-77.29,3.157],[-77.301,3.163],[-77.316,3.174],[-77.321,3.162],[-77.331,3.154],[-77.345,3.14],[-77.355,3.145],[-77.367,3.15],[-77.364,3.164],[-77.379,3.174],[-77.384,3.194],[-77.391,3.213],[-77.403,3.212],[-77.407,3.225],[-77.415,3.242],[-77.429,3.253],[-77.444,3.247],[-77.454,3.233],[-77.468,3.238],[-77.462,3.225],[-77.476,3.209],[-77.496,3.221],[-77.54,3.218],[-77.549,3.204],[-77.553,3.184],[-77.562,3.164],[-77.577,3.14],[-77.623,3.082],[-77.654,3.061],[-77.654,3.046],[-77.664,3.049],[-77.675,3.028],[-77.689,3.003],[-77.693,2.993],[-77.702,2.974],[-77.689,2.985],[-77.676,2.985],[-77.666,2.983],[-77.673,2.964],[-77.657,2.951],[-77.655,2.941],[-77.668,2.936],[-77.681,2.935],[-77.689,2.92],[-77.691,2.907],[-77.699,2.897],[-77.694,2.886],[-77.684,2.867],[-77.671,2.86],[-77.683,2.854],[-77.705,2.863],[-77.709,2.843],[-77.719,2.829],[-77.722,2.819],[-77.732,2.825],[-77.76,2.802],[-77.763,2.791],[-77.743,2.789],[-77.729,2.782],[-77.735,2.771],[-77.748,2.773],[-77.758,2.762],[-77.77,2.765],[-77.782,2.758],[-77.797,2.752],[-77.8,2.727],[-77.789,2.727],[-77.796,2.716],[-77.797,2.701],[-77.784,2.689],[-77.787,2.673],[-77.79,2.662],[-77.787,2.65],[-77.773,2.655],[-77.795,2.638],[-77.805,2.639],[-77.795,2.642],[-77.798,2.658],[-77.802,2.674],[-77.808,2.689],[-77.823,2.697],[-77.834,2.703],[-77.846,2.702],[-77.849,2.689],[-77.862,2.698],[-77.877,2.693],[-77.885,2.682],[-77.879,2.669],[-77.89,2.684],[-77.907,2.681],[-77.914,2.663],[-77.904,2.662],[-77.907,2.65],[-77.906,2.636],[-77.901,2.622],[-77.885,2.626],[-77.886,2.612],[-77.901,2.61],[-77.911,2.623],[-77.916,2.641],[-77.928,2.64],[-77.924,2.621],[-77.917,2.607],[-77.916,2.594],[-77.915,2.544],[-77.918,2.526],[-77.926,2.51],[-77.925,2.482],[-77.923,2.469],[-77.917,2.455],[-77.919,2.438],[-77.919,2.417],[-77.915,2.406],[-77.9,2.394],[-77.899,2.383],[-77.894,2.366],[-77.883,2.353],[-77.88,2.335],[-77.883,2.319],[-77.878,2.304],[-77.866,2.284],[-77.863,2.271],[-77.849,2.263],[-77.851,2.242],[-77.853,2.215],[-77.849,2.191],[-77.839,2.178],[-77.821,2.178],[-77.807,2.174],[-77.786,2.156],[-77.751,2.141],[-77.739,2.134],[-77.722,2.141],[-77.705,2.149],[-77.686,2.155],[-77.665,2.158],[-77.651,2.167],[-77.604,2.165],[-77.593,2.174],[-77.581,2.179],[-77.569,2.187],[-77.56,2.198],[-77.543,2.196],[-77.53,2.196],[-77.507,2.197],[-77.488,2.195],[-77.485,2.211],[-77.479,2.23],[-77.472,2.241],[-77.472,2.256],[-77.48,2.266],[-77.468,2.275],[-77.459,2.286],[-77.444,2.285],[-77.432,2.282],[-77.418,2.273],[-77.402,2.264],[-77.386,2.256],[-77.375,2.264],[-77.359,2.262],[-77.348,2.247],[-77.33,2.23],[-77.323,2.218],[-77.317,2.2],[-77.315,2.186],[-77.314,2.165],[-77.308,2.155],[-77.311,2.142],[-77.312,2.129],[-77.308,2.107],[-77.316,2.093],[-77.319,2.082],[-77.327,2.066],[-77.335,2.054],[-77.308,2.038],[-77.281,2.021],[-77.274,2.007],[-77.26,1.995],[-77.247,1.993],[-77.227,1.991],[-77.21,1.972],[-77.207,1.958],[-77.208,1.941],[-77.218,1.935],[-77.217,1.919],[-77.229,1.92],[-77.24,1.915],[-77.243,1.901],[-77.243,1.887],[-77.252,1.877],[-77.279,1.861],[-77.279,1.85],[-77.289,1.848],[-77.294,1.831],[-77.295,1.818],[-77.305,1.804],[-77.308,1.786],[-77.296,1.771],[-77.299,1.758],[-77.3,1.744],[-77.309,1.725],[-77.316,1.714],[-77.321,1.7],[-77.331,1.682],[-77.314,1.677],[-77.302,1.674],[-77.286,1.669],[-77.275,1.662],[-77.264,1.667],[-77.253,1.668],[-77.246,1.658],[-77.234,1.658],[-77.223,1.665],[-77.213,1.668],[-77.201,1.671],[-77.186,1.678],[-77.173,1.675],[-77.162,1.675],[-77.151,1.684],[-77.144,1.667],[-77.139,1.656],[-77.125,1.659],[-77.092,1.661],[-77.073,1.669],[-77.061,1.688],[-77.057,1.698],[-77.044,1.701],[-77.023,1.714],[-77.004,1.709],[-76.993,1.713],[-76.968,1.713],[-76.954,1.722],[-76.936,1.729],[-76.926,1.719],[-76.925,1.708],[-76.916,1.696],[-76.911,1.68],[-76.902,1.663],[-76.889,1.656],[-76.87,1.64],[-76.857,1.638],[-76.844,1.627],[-76.835,1.615],[-76.84,1.598],[-76.841,1.585],[-76.857,1.564],[-76.857,1.543],[-76.857,1.527],[-76.873,1.52],[-76.888,1.523],[-76.907,1.51],[-76.917,1.499],[-76.93,1.5],[-76.929,1.483],[-76.925,1.473],[-76.922,1.452],[-76.924,1.441],[-76.918,1.43],[-76.924,1.41],[-76.932,1.399],[-76.932,1.386],[-76.926,1.374],[-76.925,1.356],[-76.921,1.346],[-76.895,1.361],[-76.887,1.372],[-76.876,1.371],[-76.86,1.376],[-76.828,1.392],[-76.817,1.4],[-76.799,1.409],[-76.789,1.412],[-76.771,1.413],[-76.75,1.421],[-76.731,1.431],[-76.716,1.44],[-76.702,1.443],[-76.686,1.455],[-76.676,1.467],[-76.66,1.459],[-76.647,1.455],[-76.636,1.442],[-76.628,1.429],[-76.612,1.422],[-76.602,1.412],[-76.591,1.396],[-76.576,1.39],[-76.578,1.376],[-76.577,1.361],[-76.583,1.346],[-76.576,1.328],[-76.584,1.305],[-76.584,1.29],[-76.581,1.276],[-76.571,1.263],[-76.57,1.245],[-76.548,1.225],[-76.538,1.21],[-76.543,1.195],[-76.542,1.184],[-76.543,1.172],[-76.544,1.159],[-76.55,1.142],[-76.55,1.124],[-76.555,1.114],[-76.566,1.104],[-76.567,1.087],[-76.562,1.075],[-76.555,1.06],[-76.548,1.049],[-76.546,1.038],[-76.529,1.034],[-76.516,1.031],[-76.506,1.03],[-76.493,1.028],[-76.487,1.016],[-76.48,1.002],[-76.467,0.999],[-76.454,0.989],[-76.446,0.978],[-76.437,0.968],[-76.426,0.96],[-76.416,0.963],[-76.403,0.979],[-76.386,0.975],[-76.371,0.984],[-76.349,0.98],[-76.335,0.981],[-76.329,0.969],[-76.33,0.959],[-76.317,0.965],[-76.301,0.963],[-76.284,0.971],[-76.277,0.982],[-76.269,0.971],[-76.259,0.973],[-76.249,0.981],[-76.246,0.969],[-76.234,0.966],[-76.239,0.978],[-76.227,0.98],[-76.206,0.98],[-76.197,0.99],[-76.19,1.003],[-76.203,1.001],[-76.204,1.017],[-76.192,1.01],[-76.185,1.022],[-76.173,1.03],[-76.153,1.019],[-76.133,1.009],[-76.116,1.01],[-76.105,1.024],[-76.092,1.019],[-76.08,1.021],[-76.075,1.033],[-76.081,1.045],[-76.092,1.049],[-76.084,1.06],[-76.092,1.071],[-76.102,1.071],[-76.113,1.085],[-76.124,1.087],[-76.123,1.1],[-76.138,1.1],[-76.153,1.105],[-76.165,1.107],[-76.184,1.106],[-76.206,1.117],[-76.23,1.119],[-76.249,1.12],[-76.259,1.124],[-76.277,1.135],[-76.285,1.146],[-76.287,1.161],[-76.291,1.176],[-76.302,1.176],[-76.3,1.19],[-76.291,1.202],[-76.295,1.218],[-76.306,1.229],[-76.301,1.24],[-76.287,1.25],[-76.277,1.264],[-76.261,1.275],[-76.25,1.286],[-76.245,1.301],[-76.232,1.309],[-76.224,1.321],[-76.221,1.337],[-76.21,1.348],[-76.203,1.359],[-76.202,1.369],[-76.201,1.384],[-76.2,1.401],[-76.201,1.417],[-76.184,1.44],[-76.177,1.451],[-76.186,1.462],[-76.183,1.479],[-76.183,1.49],[-76.172,1.508],[-76.161,1.521],[-76.151,1.536],[-76.154,1.556],[-76.158,1.578],[-76.168,1.587],[-76.184,1.574],[-76.199,1.58],[-76.208,1.6],[-76.212,1.611],[-76.214,1.622],[-76.212,1.645],[-76.212,1.656],[-76.226,1.668],[-76.253,1.657],[-76.267,1.658],[-76.278,1.67],[-76.281,1.683],[-76.299,1.686],[-76.326,1.666],[-76.337,1.663],[-76.378,1.662],[-76.385,1.675],[-76.381,1.702],[-76.369,1.731],[-76.37,1.743],[-76.41,1.725],[-76.424,1.723],[-76.425,1.744],[-76.421,1.755],[-76.422,1.769],[-76.426,1.781],[-76.433,1.792],[-76.452,1.806],[-76.464,1.812],[-76.474,1.82],[-76.511,1.834],[-76.536,1.834],[-76.548,1.837],[-76.558,1.842],[-76.57,1.859],[-76.586,1.872],[-76.584,1.89],[-76.587,1.908],[-76.606,1.924],[-76.616,1.924],[-76.612,1.946],[-76.62,1.956],[-76.624,1.974],[-76.612,1.993],[-76.593,2.0],[-76.58,2.003],[-76.573,2.022],[-76.586,2.037],[-76.586,2.049],[-76.576,2.066],[-76.589,2.089],[-76.59,2.099],[-76.585,2.11],[-76.572,2.12],[-76.556,2.137],[-76.528,2.131],[-76.513,2.135],[-76.501,2.124],[-76.489,2.127],[-76.472,2.103],[-76.451,2.115],[-76.432,2.12],[-76.427,2.133],[-76.433,2.149],[-76.437,2.16],[-76.434,2.175],[-76.435,2.188],[-76.411,2.195],[-76.403,2.205],[-76.396,2.228],[-76.39,2.242],[-76.389,2.254],[-76.381,2.271],[-76.368,2.277],[-76.344,2.272],[-76.333,2.278],[-76.323,2.281],[-76.308,2.281],[-76.295,2.278],[-76.279,2.276],[-76.269,2.263],[-76.251,2.248],[-76.243,2.232],[-76.228,2.221],[-76.222,2.211],[-76.209,2.199],[-76.195,2.195],[-76.153,2.199],[-76.134,2.222],[-76.121,2.224],[-76.147,2.293],[-76.126,2.38],[-76.115,2.392],[-76.103,2.407],[-76.091,2.416],[-76.077,2.415],[-76.055,2.406],[-76.041,2.401],[-76.027,2.417],[-76.02,2.447],[-76.0,2.467],[-75.989,2.481],[-75.986,2.493],[-75.978,2.503],[-75.962,2.499],[-75.952,2.487],[-75.939,2.488],[-75.924,2.479],[-75.918,2.458],[-75.91,2.446],[-75.899,2.44],[-75.886,2.428],[-75.872,2.427],[-75.861,2.429],[-75.858,2.439],[-75.853,2.455],[-75.84,2.461],[-75.831,2.474],[-75.82,2.484],[-75.822,2.495],[-75.821,2.507],[-75.82,2.52],[-75.827,2.531],[-75.837,2.539],[-75.834,2.55],[-75.838,2.565],[-75.827,2.575],[-75.823,2.592],[-75.811,2.6],[-75.8,2.622],[-75.791,2.632],[-75.789,2.654],[-75.774,2.669],[-75.761,2.68],[-75.757,2.693],[-75.754,2.712],[-75.753,2.732],[-75.753,2.743],[-75.772,2.755],[-75.794,2.762],[-75.811,2.768],[-75.818,2.778],[-75.831,2.784],[-75.846,2.784],[-75.857,2.786],[-75.913,2.834],[-75.937,2.852],[-75.949,2.866],[-75.963,2.874],[-75.978,2.888],[-75.997,2.905],[-76.008,2.915],[-76.02,2.925],[-76.029,2.941],[-76.032,2.953],[-76.029,2.984],[-76.02,2.994],[-76.024,3.005],[-76.035,3.013],[-76.039,3.025],[-76.046,3.043],[-76.058,3.044],[-76.074,3.05],[-76.07,3.066],[-76.074,3.078],[-76.082,3.09],[-76.092,3.097],[-76.104,3.096],[-76.108,3.107],[-76.093,3.112],[-76.076,3.119],[-76.076,3.132],[-76.079,3.15],[-76.08,3.162],[-76.083,3.173],[-76.092,3.186],[-76.091,3.198],[-76.076,3.201],[-76.061,3.203],[-76.053,3.216],[-76.057,3.224]]]}},{"type":"Feature","properties":{"codigo":744,"nombre":"Cesar","nombre_fuente":"Cesar"},"geometry":{"type":"Polygon","coordinates":[[[-73.775,8.143],[-73.775,8.121],[-73.763,8.105],[-73.765,8.088],[-73.757,8.075],[-73.75,8.062],[-73.74,8.053],[-73.741,8.042],[-73.738,8.026],[-73.723,8.013],[-73.717,7.997],[-73.718,7.985],[-73.723,7.97],[-73.712,7.969],[-73.696,7.951],[-73.685,7.948],[-73.676,7.935],[-73.677,7.92],[-73.674,7.909],[-73.672,7.892],[-73.685,7.887],[-73.695,7.873],[-73.71,7.863],[-73.723,7.849],[-73.726,7.834],[-73.736,7.834],[-73.751,7.825],[-73.752,7.808],[-73.742,7.797],[-73.737,7.783],[-73.749,7.774],[-73.76,7.773],[-73.753,7.751],[-73.637,7.749],[-73.613,7.743],[-73.588,7.741],[-73.572,7.733],[-73.56,7.728],[-73.552,7.713],[-73.54,7.71],[-73.528,7.708],[-73.519,7.697],[-73.509,7.685],[-73.49,7.676],[-73.469,7.684],[-73.455,7.695],[-73.441,7.695],[-73.428,7.708],[-73.409,7.72],[-73.405,7.734],[-73.397,7.749],[-73.385,7.759],[-73.373,7.77],[-73.363,7.777],[-73.359,7.789],[-73.348,7.81],[-73.347,7.82],[-73.348,7.849],[-73.355,7.86],[-73.35,7.873],[-73.352,7.89],[-73.334,7.905],[-73.32,7.908],[-73.308,7.908],[-73.302,7.923],[-73.29,7.927],[-73.28,7.936],[-73.276,7.959],[-73.278,7.986],[-73.289,7.992],[-73.299,7.994],[-73.302,8.007],[-73.324,8.015],[-73.343,8.017],[-73.358,8.016],[-73.37,8.032],[-73.376,8.053],[-73.372,8.068],[-73.373,8.081],[-73.375,8.098],[-73.384,8.111],[-73.398,8.115],[-73.408,8.115],[-73.416,8.132],[-73.426,8.14],[-73.434,8.153],[-73.429,8.182],[-73.418,8.187],[-73.415,8.2],[-73.407,8.213],[-73.406,8.226],[-73.405,8.238],[-73.398,8.25],[-73.384,8.258],[-73.374,8.273],[-73.377,8.292],[-73.377,8.303],[-73.377,8.315],[-73.358,8.33],[-73.353,8.347],[-73.353,8.366],[-73.348,8.389],[-73.356,8.405],[-73.353,8.417],[-73.356,8.429],[-73.362,8.443],[-73.373,8.456],[-73.391,8.46],[-73.404,8.456],[-73.414,8.46],[-73.415,8.443],[-73.411,8.428],[-73.399,8.418],[-73.398,8.395],[-73.393,8.383],[-73.404,8.373],[-73.415,8.366],[-73.426,8.361],[-73.437,8.359],[-73.442,8.341],[-73.456,8.345],[-73.456,8.362],[-73.47,8.367],[-73.48,8.372],[-73.494,8.384],[-73.518,8.384],[-73.516,8.396],[-73.497,8.411],[-73.488,8.436],[-73.472,8.448],[-73.472,8.46],[-73.48,8.473],[-73.5,8.48],[-73.521,8.482],[-73.534,8.477],[-73.55,8.473],[-73.56,8.481],[-73.575,8.491],[-73.575,8.506],[-73.555,8.507],[-73.545,8.518],[-73.532,8.527],[-73.517,8.527],[-73.515,8.545],[-73.511,8.562],[-73.517,8.578],[-73.51,8.597],[-73.512,8.615],[-73.51,8.626],[-73.522,8.643],[-73.522,8.658],[-73.515,8.672],[-73.505,8.687],[-73.489,8.697],[-73.477,8.704],[-73.474,8.718],[-73.464,8.742],[-73.447,8.754],[-73.419,8.764],[-73.415,8.775],[-73.418,8.788],[-73.423,8.799],[-73.428,8.822],[-73.429,8.834],[-73.445,8.854],[-73.448,8.871],[-73.434,8.871],[-73.426,8.898],[-73.431,8.926],[-73.432,8.941],[-73.439,8.975],[-73.436,9.0],[-73.426,9.009],[-73.423,9.025],[-73.415,9.057],[-73.416,9.085],[-73.428,9.1],[-73.424,9.124],[-73.411,9.155],[-73.399,9.162],[-73.389,9.154],[-73.368,9.161],[-73.364,9.177],[-73.36,9.193],[-73.353,9.211],[-73.334,9.213],[-73.326,9.229],[-73.319,9.241],[-73.313,9.252],[-73.304,9.266],[-73.296,9.277],[-73.293,9.29],[-73.289,9.301],[-73.288,9.315],[-73.273,9.321],[-73.262,9.334],[-73.259,9.345],[-73.263,9.359],[-73.261,9.37],[-73.247,9.38],[-73.242,9.391],[-73.241,9.403],[-73.223,9.417],[-73.207,9.423],[-73.199,9.438],[-73.189,9.446],[-73.194,9.457],[-73.203,9.469],[-73.186,9.475],[-73.175,9.478],[-73.172,9.49],[-73.175,9.504],[-73.164,9.517],[-73.15,9.536],[-73.137,9.55],[-73.127,9.555],[-73.111,9.553],[-73.085,9.556],[-73.087,9.568],[-73.082,9.586],[-73.073,9.605],[-73.074,9.627],[-73.061,9.647],[-73.061,9.658],[-73.055,9.672],[-73.052,9.684],[-73.044,9.694],[-73.034,9.712],[-73.02,9.727],[-73.005,9.741],[-73.004,9.753],[-73.001,9.765],[-72.994,9.783],[-72.984,9.797],[-72.966,9.817],[-72.955,9.829],[-72.945,9.838],[-72.95,9.849],[-72.964,9.854],[-72.971,9.869],[-72.983,9.872],[-72.994,9.878],[-72.977,9.889],[-72.988,9.897],[-72.984,9.908],[-72.994,9.916],[-72.992,9.936],[-72.989,9.948],[-72.98,9.96],[-72.985,9.971],[-72.976,9.988],[-72.961,10.007],[-72.963,10.018],[-72.952,10.032],[-72.958,10.054],[-72.954,10.066],[-72.941,10.08],[-72.927,10.091],[-72.922,10.104],[-72.922,10.138],[-72.918,10.15],[-72.917,10.161],[-72.908,10.176],[-72.907,10.19],[-72.909,10.204],[-72.897,10.217],[-72.904,10.228],[-72.903,10.243],[-72.904,10.258],[-72.906,10.276],[-72.906,10.287],[-72.897,10.312],[-72.906,10.323],[-72.905,10.336],[-72.907,10.353],[-72.895,10.363],[-72.891,10.375],[-72.888,10.393],[-72.899,10.4],[-72.895,10.411],[-72.895,10.425],[-72.908,10.434],[-72.931,10.431],[-72.96,10.414],[-72.971,10.41],[-72.986,10.401],[-72.999,10.404],[-73.009,10.405],[-73.026,10.411],[-73.042,10.405],[-73.052,10.412],[-73.065,10.417],[-73.076,10.423],[-73.098,10.419],[-73.109,10.413],[-73.123,10.404],[-73.142,10.397],[-73.144,10.42],[-73.144,10.432],[-73.148,10.444],[-73.163,10.455],[-73.173,10.459],[-73.177,10.47],[-73.166,10.485],[-73.155,10.497],[-73.145,10.503],[-73.14,10.516],[-73.137,10.53],[-73.125,10.528],[-73.116,10.539],[-73.1,10.55],[-73.101,10.566],[-73.091,10.58],[-73.086,10.601],[-73.088,10.616],[-73.077,10.634],[-73.083,10.645],[-73.096,10.659],[-73.109,10.665],[-73.115,10.677],[-73.127,10.684],[-73.14,10.687],[-73.161,10.711],[-73.171,10.707],[-73.182,10.71],[-73.207,10.705],[-73.212,10.716],[-73.215,10.731],[-73.229,10.731],[-73.241,10.738],[-73.256,10.732],[-73.277,10.725],[-73.275,10.74],[-73.267,10.753],[-73.252,10.77],[-73.259,10.786],[-73.252,10.799],[-73.252,10.814],[-73.256,10.827],[-73.266,10.839],[-73.277,10.848],[-73.29,10.862],[-73.305,10.85],[-73.325,10.858],[-73.337,10.862],[-73.355,10.861],[-73.373,10.858],[-73.384,10.86],[-73.4,10.866],[-73.433,10.867],[-73.449,10.867],[-73.462,10.859],[-73.473,10.867],[-73.488,10.863],[-73.5,10.859],[-73.521,10.848],[-73.534,10.848],[-73.563,10.847],[-73.579,10.843],[-73.593,10.84],[-73.605,10.83],[-73.625,10.812],[-73.632,10.796],[-73.615,10.783],[-73.592,10.781],[-73.575,10.768],[-73.565,10.757],[-73.552,10.759],[-73.542,10.755],[-73.562,10.741],[-73.562,10.727],[-73.569,10.714],[-73.584,10.717],[-73.594,10.705],[-73.595,10.687],[-73.605,10.674],[-73.613,10.652],[-73.598,10.64],[-73.6,10.625],[-73.601,10.613],[-73.595,10.601],[-73.596,10.583],[-73.613,10.565],[-73.594,10.561],[-73.589,10.549],[-73.571,10.543],[-73.565,10.531],[-73.566,10.517],[-73.566,10.502],[-73.584,10.502],[-73.598,10.496],[-73.621,10.499],[-73.638,10.5],[-73.646,10.486],[-73.645,10.473],[-73.651,10.46],[-73.661,10.454],[-73.672,10.458],[-73.682,10.461],[-73.695,10.462],[-73.698,10.451],[-73.699,10.44],[-73.704,10.429],[-73.718,10.433],[-73.729,10.436],[-73.74,10.435],[-73.754,10.418],[-73.765,10.413],[-73.776,10.403],[-73.787,10.395],[-73.798,10.395],[-73.817,10.384],[-73.823,10.395],[-73.834,10.399],[-73.848,10.393],[-73.861,10.392],[-73.872,10.388],[-73.883,10.387],[-73.893,10.39],[-73.906,10.383],[-73.917,10.373],[-73.932,10.366],[-73.932,10.355],[-73.944,10.35],[-73.955,10.342],[-73.96,10.331],[-73.961,10.32],[-73.958,10.308],[-73.963,10.297],[-73.971,10.284],[-73.987,10.272],[-74.0,10.266],[-74.008,10.253],[-74.007,10.24],[-74.018,10.235],[-74.028,10.229],[-74.039,10.22],[-74.038,10.205],[-74.049,10.193],[-74.06,10.18],[-74.066,10.167],[-74.06,10.144],[-74.065,10.133],[-74.074,10.12],[-74.067,10.105],[-74.071,10.094],[-74.084,10.073],[-74.076,10.06],[-74.063,10.041],[-74.053,10.015],[-74.042,10.01],[-74.031,9.992],[-74.022,9.981],[-73.997,9.942],[-73.972,9.936],[-73.958,9.931],[-73.951,9.914],[-73.937,9.905],[-73.924,9.887],[-73.916,9.875],[-73.91,9.864],[-73.904,9.853],[-73.895,9.834],[-73.876,9.815],[-73.864,9.81],[-73.85,9.801],[-73.828,9.753],[-73.837,9.739],[-73.832,9.724],[-73.818,9.708],[-73.81,9.691],[-73.816,9.678],[-73.807,9.666],[-73.807,9.65],[-74.053,9.59],[-74.064,9.581],[-74.07,9.569],[-74.073,9.558],[-74.083,9.547],[-74.096,9.535],[-74.101,9.524],[-74.12,9.505],[-74.14,9.496],[-74.123,9.484],[-74.113,9.48],[-74.102,9.476],[-74.092,9.466],[-74.082,9.459],[-74.07,9.45],[-74.065,9.438],[-74.049,9.424],[-74.025,9.419],[-74.014,9.409],[-74.003,9.397],[-73.992,9.398],[-73.976,9.391],[-73.985,9.365],[-73.99,9.351],[-73.988,9.331],[-73.988,9.316],[-73.978,9.305],[-73.958,9.304],[-73.943,9.29],[-73.946,9.264],[-73.951,9.243],[-73.965,9.22],[-73.96,9.201],[-73.958,9.187],[-73.89,9.175],[-73.879,9.186],[-73.865,9.182],[-73.862,9.169],[-73.875,9.146],[-73.875,9.131],[-73.861,9.109],[-73.848,9.1],[-73.823,9.079],[-73.809,9.071],[-73.798,9.058],[-73.798,9.045],[-73.81,9.045],[-73.812,9.033],[-73.825,9.023],[-73.825,9.005],[-73.832,8.989],[-73.841,8.967],[-73.846,8.954],[-73.857,8.93],[-73.87,8.917],[-73.866,8.885],[-73.853,8.872],[-73.842,8.865],[-73.834,8.852],[-73.823,8.841],[-73.81,8.834],[-73.8,8.82],[-73.791,8.794],[-73.795,8.768],[-73.789,8.752],[-73.806,8.736],[-73.812,8.718],[-73.807,8.691],[-73.819,8.665],[-73.82,8.648],[-73.818,8.637],[-73.808,8.619],[-73.794,8.605],[-73.794,8.592],[-73.787,8.574],[-73.771,8.558],[-73.776,8.547],[-73.779,8.519],[-73.774,8.502],[-73.768,8.489],[-73.752,8.471],[-73.749,8.453],[-73.748,8.431],[-73.75,8.383],[-73.75,8.36],[-73.756,8.344],[-73.757,8.332],[-73.748,8.319],[-73.759,8.304],[-73.751,8.278],[-73.759,8.262],[-73.765,8.251],[-73.767,8.238],[-73.775,8.224],[-73.777,8.201],[-73.774,8.18],[-73.771,8.16],[-73.775,8.143]]]}},{"type":"Feature","properties":{"codigo":745,"nombre":"Chocó","nombre_fuente":"Chocó"},"geometry":{"type":"MultiPolygon","coordinates":[[[[-76.98,8.255],[-77.014,8.25],[-77.037,8.253],[-77.043,8.266],[-77.05,8.277],[-77.058,8.288],[-77.074,8.304],[-77.079,8.317],[-77.088,8.33],[-77.094,8.346],[-77.106,8.355],[-77.118,8.371],[-77.114,8.383],[-77.123,8.393],[-77.128,8.404],[-77.136,8.416],[-77.146,8.418],[-77.163,8.431],[-77.19,8.438],[-77.249,8.473],[-77.253,8.491],[-77.273,8.503],[-77.273,8.516],[-77.27,8.527],[-77.277,8.537],[-77.276,8.548],[-77.28,8.56],[-77.287,8.572],[-77.298,8.583],[-77.308,8.587],[-77.311,8.599],[-77.324,8.613],[-77.336,8.622],[-77.346,8.635],[-77.347,8.649],[-77.359,8.658],[-77.358,8.675],[-77.37,8.661],[-77.367,8.644],[-77.378,8.641],[-77.392,8.651],[-77.409,8.645],[-77.407,8.633],[-77.403,8.62],[-77.396,8.609],[-77.394,8.596],[-77.398,8.585],[-77.41,8.589],[-77.421,8.583],[-77.424,8.562],[-77.435,8.566],[-77.445,8.555],[-77.445,8.529],[-77.448,8.513],[-77.447,8.496],[-77.445,8.481],[-77.412,8.475],[-77.398,8.462],[-77.386,8.439],[-77.379,8.424],[-77.371,8.41],[-77.359,8.402],[-77.355,8.387],[-77.359,8.366],[-77.366,8.354],[-77.35,8.347],[-77.349,8.335],[-77.356,8.317],[-77.35,8.298],[-77.336,8.283],[-77.33,8.267],[-77.314,8.264],[-77.301,8.272],[-77.284,8.253],[-77.281,8.229],[-77.281,8.213],[-77.267,8.205],[-77.259,8.191],[-77.247,8.175],[-77.251,8.16],[-77.234,8.142],[-77.233,8.129],[-77.232,8.118],[-77.226,8.107],[-77.218,8.086],[-77.222,8.072],[-77.229,8.059],[-77.226,8.046],[-77.223,8.035],[-77.235,8.026],[-77.224,8.023],[-77.214,8.019],[-77.202,7.999],[-77.191,7.989],[-77.17,7.976],[-77.153,7.961],[-77.139,7.954],[-77.158,7.961],[-77.171,7.964],[-77.171,7.947],[-77.16,7.934],[-77.177,7.933],[-77.179,7.917],[-77.19,7.922],[-77.202,7.92],[-77.212,7.916],[-77.229,7.921],[-77.239,7.918],[-77.257,7.918],[-77.273,7.907],[-77.287,7.908],[-77.299,7.912],[-77.313,7.904],[-77.335,7.894],[-77.336,7.883],[-77.337,7.872],[-77.34,7.861],[-77.345,7.846],[-77.362,7.843],[-77.366,7.83],[-77.362,7.81],[-77.351,7.799],[-77.342,7.777],[-77.342,7.766],[-77.361,7.768],[-77.382,7.768],[-77.388,7.779],[-77.399,7.772],[-77.389,7.757],[-77.396,7.745],[-77.398,7.725],[-77.408,7.721],[-77.421,7.7],[-77.436,7.685],[-77.441,7.669],[-77.44,7.658],[-77.45,7.658],[-77.461,7.657],[-77.466,7.643],[-77.471,7.627],[-77.482,7.608],[-77.486,7.582],[-77.491,7.567],[-77.504,7.568],[-77.512,7.582],[-77.526,7.57],[-77.526,7.557],[-77.533,7.546],[-77.544,7.536],[-77.548,7.522],[-77.561,7.511],[-77.575,7.513],[-77.588,7.521],[-77.593,7.535],[-77.605,7.537],[-77.612,7.548],[-77.608,7.56],[-77.62,7.579],[-77.625,7.591],[-77.63,7.602],[-77.636,7.622],[-77.645,7.651],[-77.655,7.66],[-77.67,7.667],[-77.678,7.678],[-77.691,7.693],[-77.711,7.693],[-77.725,7.696],[-77.732,7.685],[-77.742,7.679],[-77.741,7.669],[-77.747,7.646],[-77.742,7.634],[-77.745,7.624],[-77.747,7.612],[-77.736,7.603],[-77.738,7.59],[-77.733,7.577],[-77.725,7.565],[-77.718,7.548],[-77.71,7.528],[-77.701,7.507],[-77.716,7.497],[-77.731,7.475],[-77.743,7.466],[-77.754,7.461],[-77.779,7.461],[-77.789,7.473],[-77.8,7.473],[-77.811,7.466],[-77.889,7.228],[-77.884,7.217],[-77.874,7.213],[-77.864,7.202],[-77.854,7.194],[-77.853,7.183],[-77.841,7.183],[-77.835,7.172],[-77.831,7.159],[-77.823,7.148],[-77.811,7.149],[-77.796,7.147],[-77.782,7.131],[-77.774,7.114],[-77.748,7.088],[-77.759,7.099],[-77.748,7.1],[-77.737,7.101],[-77.735,7.09],[-77.725,7.087],[-77.718,7.075],[-77.708,7.085],[-77.708,7.074],[-77.706,7.063],[-77.698,7.051],[-77.681,7.041],[-77.68,7.029],[-77.674,7.018],[-77.663,7.0],[-77.656,6.974],[-77.666,6.953],[-77.679,6.954],[-77.69,6.941],[-77.698,6.93],[-77.695,6.917],[-77.705,6.911],[-77.708,6.898],[-77.711,6.886],[-77.706,6.874],[-77.704,6.86],[-77.701,6.85],[-77.695,6.836],[-77.689,6.851],[-77.684,6.863],[-77.676,6.876],[-77.666,6.875],[-77.66,6.862],[-77.645,6.854],[-77.634,6.85],[-77.617,6.842],[-77.606,6.835],[-77.598,6.822],[-77.587,6.818],[-77.581,6.803],[-77.569,6.793],[-77.567,6.779],[-77.561,6.766],[-77.557,6.752],[-77.55,6.741],[-77.547,6.725],[-77.538,6.714],[-77.533,6.699],[-77.538,6.687],[-77.536,6.675],[-77.533,6.664],[-77.529,6.652],[-77.516,6.656],[-77.505,6.651],[-77.509,6.662],[-77.507,6.673],[-77.506,6.686],[-77.5,6.697],[-77.489,6.703],[-77.479,6.708],[-77.456,6.706],[-77.437,6.702],[-77.43,6.687],[-77.418,6.691],[-77.406,6.687],[-77.4,6.677],[-77.405,6.666],[-77.398,6.651],[-77.402,6.64],[-77.403,6.629],[-77.392,6.619],[-77.381,6.611],[-77.371,6.602],[-77.375,6.589],[-77.365,6.58],[-77.354,6.581],[-77.342,6.577],[-77.335,6.565],[-77.325,6.55],[-77.331,6.537],[-77.335,6.526],[-77.337,6.513],[-77.346,6.502],[-77.355,6.489],[-77.36,6.478],[-77.351,6.466],[-77.361,6.457],[-77.362,6.446],[-77.363,6.431],[-77.373,6.428],[-77.365,6.416],[-77.359,6.394],[-77.371,6.387],[-77.38,6.397],[-77.389,6.387],[-77.4,6.39],[-77.412,6.384],[-77.399,6.378],[-77.39,6.367],[-77.38,6.369],[-77.37,6.357],[-77.369,6.346],[-77.378,6.334],[-77.377,6.32],[-77.379,6.308],[-77.383,6.297],[-77.386,6.286],[-77.388,6.265],[-77.401,6.25],[-77.395,6.236],[-77.409,6.228],[-77.424,6.247],[-77.43,6.263],[-77.447,6.269],[-77.458,6.271],[-77.468,6.289],[-77.466,6.272],[-77.468,6.248],[-77.473,6.237],[-77.474,6.219],[-77.479,6.205],[-77.483,6.192],[-77.477,6.18],[-77.473,6.168],[-77.465,6.153],[-77.456,6.138],[-77.445,6.121],[-77.434,6.112],[-77.431,6.101],[-77.414,6.085],[-77.393,6.067],[-77.373,6.044],[-77.372,6.033],[-77.368,6.023],[-77.364,6.011],[-77.356,6.0],[-77.355,6.028],[-77.36,6.043],[-77.363,6.059],[-77.357,6.048],[-77.348,6.033],[-77.348,6.023],[-77.344,6.009],[-77.333,5.992],[-77.331,5.981],[-77.329,5.969],[-77.322,5.956],[-77.319,5.945],[-77.313,5.932],[-77.31,5.922],[-77.312,5.909],[-77.308,5.895],[-77.304,5.884],[-77.307,5.873],[-77.295,5.874],[-77.297,5.858],[-77.291,5.843],[-77.28,5.847],[-77.276,5.831],[-77.27,5.821],[-77.256,5.792],[-77.246,5.8],[-77.25,5.811],[-77.247,5.796],[-77.241,5.786],[-77.243,5.775],[-77.235,5.763],[-77.245,5.766],[-77.242,5.749],[-77.247,5.76],[-77.25,5.772],[-77.252,5.783],[-77.257,5.77],[-77.254,5.751],[-77.256,5.733],[-77.261,5.72],[-77.272,5.709],[-77.288,5.687],[-77.3,5.673],[-77.312,5.664],[-77.319,5.651],[-77.333,5.623],[-77.343,5.616],[-77.362,5.608],[-77.377,5.61],[-77.388,5.62],[-77.403,5.627],[-77.424,5.624],[-77.444,5.604],[-77.46,5.596],[-77.475,5.598],[-77.487,5.605],[-77.496,5.595],[-77.503,5.573],[-77.506,5.563],[-77.509,5.551],[-77.507,5.528],[-77.516,5.516],[-77.523,5.503],[-77.534,5.49],[-77.524,5.479],[-77.513,5.482],[-77.501,5.479],[-77.487,5.477],[-77.476,5.485],[-77.465,5.486],[-77.45,5.486],[-77.439,5.478],[-77.431,5.46],[-77.429,5.445],[-77.426,5.435],[-77.419,5.446],[-77.408,5.456],[-77.404,5.441],[-77.39,5.443],[-77.389,5.432],[-77.391,5.422],[-77.396,5.409],[-77.386,5.41],[-77.39,5.395],[-77.401,5.401],[-77.412,5.404],[-77.405,5.359],[-77.396,5.346],[-77.393,5.358],[-77.389,5.346],[-77.378,5.345],[-77.389,5.343],[-77.401,5.338],[-77.404,5.326],[-77.392,5.319],[-77.381,5.327],[-77.368,5.328],[-77.375,5.316],[-77.371,5.299],[-77.359,5.291],[-77.371,5.268],[-77.359,5.263],[-77.36,5.251],[-77.349,5.252],[-77.361,5.249],[-77.363,5.26],[-77.369,5.246],[-77.374,5.236],[-77.37,5.246],[-77.366,5.258],[-77.378,5.28],[-77.388,5.289],[-77.391,5.27],[-77.384,5.253],[-77.388,5.224],[-77.389,5.209],[-77.392,5.192],[-77.396,5.169],[-77.391,5.158],[-77.382,5.187],[-77.368,5.2],[-77.356,5.201],[-77.345,5.2],[-77.335,5.195],[-77.345,5.195],[-77.356,5.196],[-77.37,5.196],[-77.377,5.18],[-77.37,5.166],[-77.37,5.155],[-77.358,5.143],[-77.352,5.159],[-77.359,5.173],[-77.348,5.157],[-77.353,5.141],[-77.338,5.14],[-77.338,5.15],[-77.326,5.151],[-77.337,5.15],[-77.336,5.14],[-77.351,5.137],[-77.377,5.15],[-77.379,5.14],[-77.365,5.123],[-77.379,5.137],[-77.38,5.152],[-77.384,5.123],[-77.382,5.112],[-77.372,5.107],[-77.363,5.091],[-77.376,5.085],[-77.376,5.037],[-77.374,5.014],[-77.374,4.987],[-77.375,4.97],[-77.372,4.956],[-77.362,4.953],[-77.347,4.963],[-77.336,4.967],[-77.325,4.959],[-77.337,4.967],[-77.35,4.957],[-77.357,4.944],[-77.368,4.931],[-77.358,4.89],[-77.348,4.893],[-77.342,4.876],[-77.336,4.856],[-77.349,4.864],[-77.352,4.875],[-77.362,4.863],[-77.357,4.851],[-77.352,4.831],[-77.348,4.802],[-77.335,4.807],[-77.331,4.797],[-77.346,4.786],[-77.335,4.78],[-77.324,4.78],[-77.311,4.779],[-77.305,4.757],[-77.291,4.744],[-77.304,4.739],[-77.316,4.744],[-77.327,4.736],[-77.325,4.704],[-77.328,4.686],[-77.315,4.683],[-77.304,4.677],[-77.305,4.644],[-77.313,4.658],[-77.318,4.674],[-77.327,4.658],[-77.325,4.631],[-77.325,4.586],[-77.327,4.57],[-77.333,4.56],[-77.337,4.536],[-77.322,4.532],[-77.324,4.519],[-77.337,4.515],[-77.343,4.475],[-77.349,4.437],[-77.349,4.426],[-77.335,4.433],[-77.351,4.419],[-77.365,4.401],[-77.369,4.387],[-77.368,4.374],[-77.38,4.369],[-77.399,4.358],[-77.411,4.351],[-77.418,4.332],[-77.43,4.316],[-77.409,4.298],[-77.423,4.29],[-77.44,4.285],[-77.453,4.283],[-77.456,4.273],[-77.467,4.273],[-77.489,4.255],[-77.497,4.266],[-77.487,4.277],[-77.481,4.29],[-77.492,4.294],[-77.515,4.279],[-77.523,4.26],[-77.526,4.231],[-77.529,4.218],[-77.531,4.201],[-77.52,4.199],[-77.525,4.187],[-77.524,4.165],[-77.526,4.128],[-77.512,4.117],[-77.499,4.104],[-77.478,4.084],[-77.479,4.1],[-77.477,4.086],[-77.463,4.074],[-77.45,4.065],[-77.439,4.078],[-77.429,4.092],[-77.431,4.105],[-77.444,4.125],[-77.442,4.138],[-77.429,4.145],[-77.417,4.143],[-77.391,4.148],[-77.39,4.161],[-77.378,4.169],[-77.375,4.18],[-77.361,4.194],[-77.344,4.196],[-77.316,4.17],[-77.305,4.166],[-77.288,4.181],[-77.285,4.193],[-77.287,4.206],[-77.281,4.22],[-77.269,4.231],[-77.259,4.234],[-77.249,4.227],[-77.251,4.196],[-77.246,4.181],[-77.229,4.164],[-77.219,4.156],[-77.207,4.17],[-77.188,4.173],[-77.167,4.183],[-77.157,4.182],[-77.148,4.167],[-77.136,4.16],[-77.125,4.126],[-77.112,4.112],[-77.094,4.102],[-77.07,4.1],[-77.055,4.102],[-77.035,4.101],[-77.02,4.098],[-77.0,4.1],[-76.99,4.119],[-76.976,4.12],[-76.964,4.121],[-76.948,4.118],[-76.936,4.107],[-76.926,4.104],[-76.902,4.092],[-76.893,4.08],[-76.889,4.068],[-76.876,4.06],[-76.868,4.046],[-76.867,4.033],[-76.857,4.031],[-76.841,4.039],[-76.828,4.034],[-76.825,4.021],[-76.816,4.008],[-76.795,4.008],[-76.779,3.999],[-76.759,3.998],[-76.746,3.995],[-76.717,3.976],[-76.694,3.966],[-76.678,3.966],[-76.635,4.005],[-76.624,4.009],[-76.607,4.002],[-76.596,3.997],[-76.594,3.973],[-76.569,3.988],[-76.553,4.005],[-76.539,4.016],[-76.541,4.031],[-76.542,4.044],[-76.532,4.058],[-76.515,4.067],[-76.505,4.064],[-76.494,4.07],[-76.49,4.081],[-76.48,4.094],[-76.467,4.122],[-76.457,4.14],[-76.445,4.176],[-76.444,4.191],[-76.447,4.205],[-76.451,4.216],[-76.455,4.229],[-76.465,4.233],[-76.496,4.246],[-76.51,4.271],[-76.522,4.284],[-76.524,4.314],[-76.533,4.328],[-76.546,4.341],[-76.551,4.365],[-76.549,4.389],[-76.552,4.401],[-76.539,4.396],[-76.525,4.404],[-76.513,4.404],[-76.5,4.413],[-76.481,4.415],[-76.453,4.433],[-76.434,4.442],[-76.418,4.447],[-76.409,4.458],[-76.401,4.474],[-76.387,4.481],[-76.383,4.493],[-76.371,4.49],[-76.385,4.521],[-76.397,4.533],[-76.388,4.545],[-76.382,4.558],[-76.364,4.558],[-76.346,4.56],[-76.344,4.576],[-76.333,4.587],[-76.327,4.599],[-76.319,4.621],[-76.3,4.654],[-76.301,4.669],[-76.296,4.687],[-76.291,4.703],[-76.291,4.723],[-76.302,4.736],[-76.306,4.754],[-76.284,4.77],[-76.273,4.775],[-76.26,4.791],[-76.233,4.808],[-76.223,4.82],[-76.211,4.83],[-76.194,4.829],[-76.182,4.833],[-76.164,4.835],[-76.153,4.836],[-76.137,4.842],[-76.135,4.852],[-76.126,4.875],[-76.117,4.886],[-76.107,4.914],[-76.094,4.941],[-76.092,4.984],[-76.098,4.995],[-76.094,5.011],[-76.097,5.03],[-76.094,5.043],[-76.08,5.05],[-76.074,5.07],[-76.07,5.096],[-76.064,5.117],[-76.061,5.13],[-76.079,5.141],[-76.099,5.159],[-76.116,5.169],[-76.129,5.18],[-76.136,5.199],[-76.144,5.231],[-76.158,5.242],[-76.164,5.253],[-76.171,5.285],[-76.182,5.293],[-76.191,5.305],[-76.198,5.318],[-76.198,5.329],[-76.203,5.341],[-76.203,5.353],[-76.201,5.363],[-76.2,5.376],[-76.196,5.393],[-76.189,5.406],[-76.17,5.414],[-76.14,5.416],[-76.121,5.421],[-76.109,5.444],[-76.097,5.451],[-76.08,5.473],[-76.077,5.508],[-76.079,5.532],[-76.075,5.547],[-76.058,5.552],[-76.041,5.564],[-76.014,5.564],[-76.007,5.576],[-76.008,5.587],[-76.003,5.601],[-76.007,5.613],[-76.01,5.626],[-76.022,5.636],[-76.036,5.652],[-76.054,5.661],[-76.067,5.667],[-76.076,5.68],[-76.087,5.689],[-76.08,5.704],[-76.07,5.721],[-76.071,5.744],[-76.067,5.758],[-76.081,5.767],[-76.071,5.781],[-76.084,5.791],[-76.097,5.815],[-76.099,5.826],[-76.099,5.842],[-76.086,5.875],[-76.079,5.911],[-76.07,5.932],[-76.068,5.945],[-76.067,5.978],[-76.08,5.989],[-76.089,6.0],[-76.098,6.015],[-76.109,6.018],[-76.122,6.02],[-76.129,6.007],[-76.141,5.999],[-76.155,6.005],[-76.165,6.007],[-76.173,6.017],[-76.172,6.03],[-76.175,6.044],[-76.187,6.054],[-76.197,6.08],[-76.198,6.098],[-76.202,6.121],[-76.203,6.134],[-76.206,6.147],[-76.201,6.161],[-76.213,6.168],[-76.225,6.189],[-76.239,6.21],[-76.255,6.204],[-76.274,6.2],[-76.284,6.193],[-76.295,6.2],[-76.31,6.2],[-76.326,6.203],[-76.339,6.197],[-76.351,6.196],[-76.361,6.193],[-76.378,6.195],[-76.405,6.186],[-76.409,6.172],[-76.42,6.166],[-76.431,6.167],[-76.449,6.169],[-76.463,6.175],[-76.475,6.172],[-76.489,6.168],[-76.508,6.174],[-76.519,6.18],[-76.533,6.178],[-76.55,6.178],[-76.56,6.18],[-76.571,6.186],[-76.583,6.189],[-76.598,6.187],[-76.62,6.185],[-76.631,6.175],[-76.644,6.168],[-76.655,6.173],[-76.667,6.172],[-76.677,6.173],[-76.687,6.161],[-76.704,6.169],[-76.718,6.172],[-76.715,6.189],[-76.722,6.201],[-76.718,6.218],[-76.724,6.237],[-76.744,6.243],[-76.757,6.254],[-76.755,6.268],[-76.749,6.279],[-76.772,6.284],[-76.784,6.292],[-76.782,6.309],[-76.79,6.322],[-76.778,6.329],[-76.79,6.339],[-76.789,6.35],[-76.775,6.358],[-76.775,6.37],[-76.786,6.373],[-76.772,6.38],[-76.766,6.393],[-76.793,6.41],[-76.795,6.421],[-76.774,6.421],[-76.764,6.427],[-76.764,6.438],[-76.782,6.433],[-76.795,6.438],[-76.793,6.452],[-76.781,6.475],[-76.771,6.465],[-76.767,6.478],[-76.778,6.49],[-76.792,6.496],[-76.799,6.507],[-76.816,6.487],[-76.824,6.51],[-76.82,6.524],[-76.836,6.519],[-76.846,6.533],[-76.848,6.548],[-76.853,6.561],[-76.865,6.571],[-76.877,6.567],[-76.887,6.562],[-76.898,6.578],[-76.897,6.593],[-76.89,6.605],[-76.868,6.609],[-76.86,6.623],[-76.87,6.63],[-76.898,6.625],[-76.91,6.63],[-76.911,6.643],[-76.9,6.654],[-76.897,6.665],[-76.913,6.667],[-76.92,6.651],[-76.934,6.651],[-76.94,6.685],[-76.951,6.674],[-76.961,6.677],[-76.963,6.687],[-76.952,6.691],[-76.942,6.706],[-76.937,6.72],[-76.954,6.723],[-76.962,6.735],[-76.967,6.747],[-76.963,6.761],[-76.964,6.78],[-76.958,6.793],[-76.968,6.795],[-76.973,6.806],[-76.957,6.816],[-76.932,6.814],[-76.926,6.832],[-76.919,6.844],[-76.903,6.836],[-76.891,6.838],[-76.881,6.849],[-76.867,6.845],[-76.854,6.845],[-76.847,6.833],[-76.828,6.838],[-76.818,6.838],[-76.824,6.851],[-76.814,6.859],[-76.798,6.861],[-76.791,6.871],[-76.788,6.89],[-76.796,6.905],[-76.799,6.925],[-76.799,6.94],[-76.809,6.952],[-76.813,6.964],[-76.825,6.955],[-76.819,6.975],[-76.83,6.972],[-76.832,6.989],[-76.843,6.988],[-76.835,6.999],[-76.707,7.025],[-76.696,7.023],[-76.684,7.023],[-76.671,7.023],[-76.656,7.017],[-76.645,7.008],[-76.615,7.016],[-76.604,7.0],[-76.597,7.011],[-76.589,6.999],[-76.584,6.983],[-76.572,6.978],[-76.564,6.988],[-76.547,7.003],[-76.548,7.016],[-76.542,7.029],[-76.543,7.042],[-76.543,7.054],[-76.536,7.074],[-76.531,7.095],[-76.521,7.099],[-76.516,7.111],[-76.511,7.121],[-76.508,7.139],[-76.494,7.128],[-76.483,7.133],[-76.491,7.145],[-76.503,7.149],[-76.505,7.161],[-76.501,7.171],[-76.505,7.196],[-76.514,7.212],[-76.516,7.223],[-76.525,7.243],[-76.533,7.258],[-76.545,7.259],[-76.563,7.274],[-76.569,7.29],[-76.577,7.301],[-76.605,7.31],[-76.619,7.317],[-76.632,7.321],[-76.643,7.327],[-76.695,7.362],[-76.717,7.368],[-76.729,7.386],[-76.78,7.45],[-76.803,7.476],[-76.819,7.504],[-76.826,7.514],[-76.872,7.549],[-76.944,7.613],[-76.959,7.62],[-76.974,7.624],[-76.987,7.632],[-76.991,7.644],[-77.016,7.668],[-77.03,7.69],[-77.039,7.702],[-77.055,7.713],[-77.063,7.732],[-77.075,7.752],[-77.113,7.779],[-77.123,7.789],[-77.127,7.826],[-77.103,7.824],[-77.091,7.827],[-77.08,7.845],[-77.063,7.849],[-77.049,7.864],[-77.031,7.88],[-77.023,7.905],[-77.015,7.924],[-77.014,7.939],[-77.021,7.95],[-77.007,7.951],[-77.0,7.961],[-77.006,7.978],[-76.994,8.024],[-76.971,8.032],[-76.955,8.042],[-76.948,8.067],[-76.958,8.078],[-76.967,8.091],[-76.98,8.099],[-76.982,8.121],[-76.977,8.132],[-76.965,8.127],[-76.955,8.12],[-76.954,8.145],[-76.95,8.171],[-76.967,8.193],[-76.979,8.23],[-76.978,8.248],[-76.98,8.255]]],[[[-77.694,7.039],[-77.703,7.05],[-77.708,7.063],[-77.719,7.067],[-77.731,7.077],[-77.743,7.086],[-77.72,7.065],[-77.694,7.039]]]]}},{"type":"Feature","properties":{"codigo":731,"nombre":"Cundinamarca","nombre_fuente":"Cundinamarca"},"geometry":{"type":"Polygon","coordinates":[[[-74.734,5.286],[-74.727,5.268],[-74.727,5.255],[-74.724,5.239],[-74.731,5.221],[-74.733,5.21],[-74.721,5.199],[-74.715,5.179],[-74.718,5.167],[-74.73,5.15],[-74.729,5.128],[-74.719,5.119],[-74.717,5.093],[-74.729,5.075],[-74.727,5.056],[-74.728,5.042],[-74.738,5.026],[-74.743,5.013],[-74.739,5.0],[-74.726,4.998],[-74.716,4.992],[-74.707,4.981],[-74.729,4.978],[-74.746,4.964],[-74.75,4.954],[-74.736,4.938],[-74.734,4.917],[-74.739,4.902],[-74.738,4.883],[-74.749,4.888],[-74.752,4.874],[-74.757,4.856],[-74.769,4.845],[-74.762,4.834],[-74.749,4.829],[-74.745,4.818],[-74.744,4.804],[-74.744,4.79],[-74.761,4.78],[-74.771,4.772],[-74.778,4.76],[-74.783,4.749],[-74.794,4.747],[-74.805,4.741],[-74.82,4.724],[-74.803,4.704],[-74.803,4.69],[-74.809,4.678],[-74.805,4.667],[-74.794,4.663],[-74.787,4.648],[-74.799,4.64],[-74.8,4.629],[-74.813,4.619],[-74.814,4.607],[-74.799,4.6],[-74.794,4.589],[-74.806,4.591],[-74.812,4.577],[-74.809,4.561],[-74.802,4.547],[-74.805,4.536],[-74.791,4.513],[-74.795,4.5],[-74.801,4.485],[-74.804,4.461],[-74.809,4.451],[-74.819,4.446],[-74.833,4.445],[-74.834,4.435],[-74.831,4.424],[-74.835,4.413],[-74.838,4.398],[-74.84,4.379],[-74.854,4.367],[-74.852,4.356],[-74.856,4.344],[-74.865,4.332],[-74.878,4.319],[-74.874,4.305],[-74.891,4.29],[-74.879,4.266],[-74.869,4.267],[-74.857,4.269],[-74.836,4.275],[-74.826,4.285],[-74.812,4.294],[-74.796,4.288],[-74.779,4.284],[-74.782,4.265],[-74.769,4.265],[-74.767,4.251],[-74.751,4.259],[-74.745,4.248],[-74.734,4.248],[-74.725,4.236],[-74.711,4.233],[-74.701,4.219],[-74.684,4.207],[-74.67,4.209],[-74.658,4.215],[-74.655,4.198],[-74.64,4.211],[-74.633,4.223],[-74.622,4.229],[-74.62,4.241],[-74.62,4.252],[-74.601,4.26],[-74.589,4.267],[-74.578,4.268],[-74.566,4.272],[-74.551,4.265],[-74.545,4.254],[-74.534,4.245],[-74.521,4.24],[-74.513,4.223],[-74.514,4.21],[-74.507,4.198],[-74.501,4.187],[-74.487,4.181],[-74.484,4.157],[-74.482,4.142],[-74.476,4.132],[-74.475,4.116],[-74.484,4.105],[-74.487,4.095],[-74.507,4.08],[-74.516,4.068],[-74.525,4.053],[-74.53,4.032],[-74.527,4.008],[-74.532,3.997],[-74.532,3.97],[-74.513,3.954],[-74.513,3.935],[-74.514,3.925],[-74.525,3.897],[-74.525,3.883],[-74.531,3.869],[-74.535,3.858],[-74.539,3.845],[-74.528,3.83],[-74.513,3.824],[-74.48,3.825],[-74.458,3.817],[-74.447,3.803],[-74.452,3.788],[-74.46,3.774],[-74.461,3.758],[-74.457,3.745],[-74.457,3.735],[-74.452,3.724],[-74.441,3.728],[-74.451,3.739],[-74.45,3.753],[-74.434,3.765],[-74.432,3.778],[-74.42,3.788],[-74.407,3.81],[-74.393,3.835],[-74.388,3.861],[-74.381,3.872],[-74.37,3.889],[-74.36,3.914],[-74.355,3.939],[-74.356,3.97],[-74.374,3.986],[-74.362,4.011],[-74.365,4.033],[-74.359,4.049],[-74.35,4.071],[-74.345,4.09],[-74.34,4.104],[-74.329,4.13],[-74.317,4.124],[-74.296,4.104],[-74.27,4.099],[-74.257,4.089],[-74.253,4.105],[-74.248,4.118],[-74.244,4.138],[-74.241,4.17],[-74.241,4.187],[-74.244,4.198],[-74.232,4.217],[-74.221,4.225],[-74.21,4.241],[-74.206,4.26],[-74.216,4.286],[-74.215,4.308],[-74.22,4.34],[-74.219,4.363],[-74.218,4.378],[-74.21,4.405],[-74.203,4.42],[-74.195,4.435],[-74.187,4.453],[-74.18,4.47],[-74.17,4.479],[-74.161,4.503],[-74.163,4.514],[-74.179,4.523],[-74.178,4.546],[-74.18,4.557],[-74.176,4.575],[-74.184,4.596],[-74.204,4.601],[-74.218,4.616],[-74.222,4.63],[-74.222,4.644],[-74.206,4.641],[-74.196,4.651],[-74.184,4.653],[-74.172,4.657],[-74.159,4.663],[-74.17,4.669],[-74.174,4.682],[-74.172,4.694],[-74.171,4.705],[-74.16,4.72],[-74.149,4.725],[-74.137,4.731],[-74.126,4.729],[-74.132,4.741],[-74.127,4.751],[-74.117,4.762],[-74.114,4.772],[-74.115,4.786],[-74.105,4.797],[-74.094,4.791],[-74.087,4.802],[-74.085,4.812],[-74.081,4.826],[-74.075,4.837],[-74.064,4.83],[-74.053,4.833],[-74.042,4.83],[-74.031,4.823],[-74.011,4.821],[-74.0,4.806],[-74.013,4.797],[-74.016,4.777],[-74.017,4.76],[-74.007,4.741],[-74.009,4.719],[-74.014,4.697],[-74.011,4.684],[-74.007,4.666],[-74.023,4.663],[-74.031,4.645],[-74.015,4.636],[-74.005,4.624],[-73.999,4.607],[-74.001,4.595],[-74.005,4.581],[-74.006,4.562],[-74.026,4.559],[-74.031,4.544],[-74.038,4.53],[-74.041,4.517],[-74.051,4.512],[-74.073,4.511],[-74.073,4.5],[-74.076,4.465],[-74.086,4.461],[-74.101,4.454],[-74.112,4.433],[-74.115,4.404],[-74.114,4.387],[-74.101,4.377],[-74.098,4.351],[-74.106,4.331],[-74.115,4.319],[-74.128,4.303],[-74.151,4.254],[-74.143,4.238],[-74.135,4.221],[-74.136,4.208],[-74.126,4.195],[-74.12,4.182],[-74.109,4.182],[-74.109,4.17],[-74.114,4.155],[-74.107,4.138],[-74.128,4.125],[-74.131,4.114],[-74.121,4.098],[-74.132,4.082],[-74.125,4.065],[-74.131,4.039],[-74.139,4.025],[-74.138,4.014],[-74.144,4.003],[-74.128,4.001],[-74.115,4.01],[-74.103,4.012],[-74.094,4.023],[-74.082,4.039],[-74.077,4.051],[-74.064,4.061],[-74.052,4.065],[-74.038,4.061],[-74.037,4.072],[-74.036,4.084],[-74.024,4.102],[-74.013,4.105],[-74.002,4.105],[-73.987,4.107],[-73.976,4.104],[-73.954,4.113],[-73.943,4.13],[-73.933,4.148],[-73.923,4.144],[-73.913,4.149],[-73.902,4.144],[-73.887,4.152],[-73.873,4.166],[-73.86,4.173],[-73.847,4.176],[-73.836,4.178],[-73.824,4.176],[-73.819,4.187],[-73.811,4.202],[-73.798,4.198],[-73.77,4.196],[-73.757,4.195],[-73.743,4.199],[-73.754,4.211],[-73.756,4.229],[-73.759,4.242],[-73.751,4.259],[-73.753,4.271],[-73.763,4.279],[-73.779,4.295],[-73.782,4.322],[-73.784,4.333],[-73.793,4.359],[-73.792,4.379],[-73.805,4.39],[-73.812,4.402],[-73.806,4.423],[-73.796,4.435],[-73.785,4.444],[-73.761,4.452],[-73.741,4.457],[-73.734,4.475],[-73.738,4.486],[-73.725,4.502],[-73.713,4.513],[-73.691,4.52],[-73.681,4.531],[-73.661,4.545],[-73.651,4.548],[-73.632,4.556],[-73.62,4.56],[-73.6,4.547],[-73.582,4.544],[-73.567,4.525],[-73.582,4.499],[-73.598,4.492],[-73.598,4.476],[-73.601,4.464],[-73.593,4.446],[-73.573,4.42],[-73.576,4.399],[-73.572,4.387],[-73.572,4.374],[-73.554,4.352],[-73.554,4.34],[-73.548,4.329],[-73.55,4.311],[-73.526,4.293],[-73.514,4.292],[-73.498,4.286],[-73.485,4.286],[-73.475,4.28],[-73.464,4.28],[-73.454,4.287],[-73.432,4.304],[-73.413,4.312],[-73.398,4.317],[-73.386,4.319],[-73.366,4.319],[-73.351,4.321],[-73.32,4.304],[-73.288,4.297],[-73.271,4.289],[-73.261,4.291],[-73.244,4.288],[-73.223,4.282],[-73.203,4.274],[-73.193,4.264],[-73.178,4.246],[-73.145,4.224],[-73.124,4.26],[-73.053,4.736],[-73.068,4.741],[-73.077,4.727],[-73.075,4.715],[-73.083,4.696],[-73.09,4.682],[-73.105,4.661],[-73.121,4.671],[-73.135,4.664],[-73.149,4.656],[-73.161,4.663],[-73.196,4.673],[-73.206,4.68],[-73.217,4.677],[-73.233,4.695],[-73.227,4.715],[-73.221,4.728],[-73.234,4.736],[-73.247,4.734],[-73.268,4.74],[-73.285,4.723],[-73.305,4.731],[-73.306,4.747],[-73.314,4.769],[-73.334,4.788],[-73.361,4.796],[-73.371,4.81],[-73.366,4.824],[-73.376,4.84],[-73.391,4.85],[-73.394,4.865],[-73.402,4.879],[-73.425,4.88],[-73.445,4.89],[-73.465,4.893],[-73.48,4.891],[-73.52,4.878],[-73.524,4.891],[-73.538,4.895],[-73.542,4.913],[-73.547,4.925],[-73.544,4.948],[-73.532,4.957],[-73.52,4.977],[-73.515,4.99],[-73.515,5.004],[-73.522,5.017],[-73.522,5.029],[-73.512,5.037],[-73.499,5.04],[-73.488,5.05],[-73.48,5.063],[-73.483,5.076],[-73.484,5.089],[-73.491,5.101],[-73.491,5.116],[-73.491,5.127],[-73.484,5.142],[-73.484,5.154],[-73.499,5.153],[-73.511,5.162],[-73.512,5.173],[-73.507,5.185],[-73.522,5.193],[-73.522,5.204],[-73.524,5.215],[-73.514,5.231],[-73.524,5.243],[-73.527,5.259],[-73.533,5.273],[-73.537,5.285],[-73.55,5.299],[-73.567,5.306],[-73.579,5.302],[-73.589,5.309],[-73.602,5.318],[-73.595,5.329],[-73.596,5.339],[-73.594,5.351],[-73.6,5.366],[-73.598,5.378],[-73.59,5.39],[-73.602,5.402],[-73.623,5.405],[-73.644,5.415],[-73.658,5.418],[-73.674,5.431],[-73.675,5.444],[-73.691,5.447],[-73.71,5.458],[-73.717,5.473],[-73.73,5.478],[-73.743,5.469],[-73.747,5.489],[-73.76,5.485],[-73.771,5.489],[-73.781,5.498],[-73.791,5.532],[-73.789,5.55],[-73.8,5.559],[-73.805,5.574],[-73.812,5.562],[-73.832,5.554],[-73.848,5.546],[-73.856,5.533],[-73.867,5.534],[-73.877,5.522],[-73.89,5.513],[-73.901,5.529],[-73.911,5.521],[-73.907,5.509],[-73.902,5.487],[-73.902,5.476],[-73.902,5.465],[-73.898,5.454],[-73.912,5.433],[-73.927,5.441],[-73.942,5.434],[-73.95,5.422],[-73.964,5.422],[-73.981,5.404],[-73.983,5.389],[-73.991,5.375],[-74.01,5.369],[-74.023,5.365],[-74.021,5.385],[-74.031,5.388],[-74.05,5.403],[-74.068,5.405],[-74.078,5.414],[-74.09,5.428],[-74.096,5.439],[-74.097,5.47],[-74.113,5.473],[-74.115,5.457],[-74.121,5.438],[-74.134,5.436],[-74.144,5.449],[-74.161,5.448],[-74.176,5.462],[-74.187,5.475],[-74.194,5.491],[-74.211,5.497],[-74.222,5.495],[-74.236,5.478],[-74.247,5.477],[-74.255,5.494],[-74.246,5.517],[-74.248,5.531],[-74.244,5.545],[-74.259,5.561],[-74.272,5.561],[-74.287,5.567],[-74.3,5.584],[-74.309,5.617],[-74.309,5.631],[-74.307,5.645],[-74.294,5.661],[-74.282,5.667],[-74.277,5.695],[-74.288,5.7],[-74.298,5.709],[-74.301,5.725],[-74.292,5.737],[-74.293,5.756],[-74.308,5.774],[-74.303,5.794],[-74.315,5.8],[-74.321,5.814],[-74.333,5.827],[-74.344,5.831],[-74.349,5.819],[-74.377,5.796],[-74.385,5.784],[-74.398,5.782],[-74.41,5.774],[-74.422,5.768],[-74.433,5.76],[-74.444,5.764],[-74.458,5.765],[-74.463,5.776],[-74.474,5.777],[-74.487,5.772],[-74.491,5.783],[-74.509,5.787],[-74.522,5.789],[-74.539,5.785],[-74.549,5.774],[-74.563,5.758],[-74.582,5.753],[-74.593,5.759],[-74.593,5.748],[-74.605,5.746],[-74.618,5.759],[-74.63,5.761],[-74.641,5.739],[-74.654,5.752],[-74.663,5.736],[-74.656,5.723],[-74.645,5.719],[-74.638,5.708],[-74.627,5.701],[-74.625,5.684],[-74.636,5.659],[-74.63,5.63],[-74.645,5.61],[-74.642,5.595],[-74.649,5.584],[-74.65,5.563],[-74.641,5.549],[-74.64,5.539],[-74.651,5.526],[-74.67,5.518],[-74.668,5.495],[-74.665,5.478],[-74.664,5.466],[-74.66,5.452],[-74.655,5.441],[-74.672,5.441],[-74.673,5.428],[-74.666,5.417],[-74.667,5.405],[-74.681,5.402],[-74.683,5.388],[-74.679,5.374],[-74.692,5.363],[-74.704,5.372],[-74.699,5.356],[-74.708,5.343],[-74.715,5.315],[-74.726,5.307],[-74.733,5.294],[-74.734,5.286]]]}},{"type":"Feature","properties":{"codigo":726,"nombre":"Córdoba","nombre_fuente":"Córdoba"},"geometry":{"type":"Polygon","coordinates":[[[-74.825,8.199],[-74.831,8.21],[-74.834,8.221],[-74.814,8.229],[-74.807,8.241],[-74.793,8.246],[-74.797,8.26],[-74.807,8.267],[-74.795,8.27],[-74.785,8.276],[-74.797,8.284],[-74.805,8.308],[-74.804,8.321],[-74.799,8.334],[-74.798,8.346],[-74.802,8.357],[-74.812,8.367],[-74.819,8.382],[-74.831,8.391],[-74.85,8.4],[-74.861,8.397],[-74.872,8.402],[-74.872,8.413],[-74.883,8.431],[-74.888,8.443],[-74.899,8.456],[-74.914,8.468],[-74.922,8.48],[-74.934,8.491],[-74.945,8.494],[-74.958,8.495],[-74.976,8.488],[-74.991,8.48],[-75.004,8.478],[-75.023,8.474],[-75.048,8.469],[-75.073,8.457],[-75.128,8.421],[-75.158,8.411],[-75.176,8.401],[-75.203,8.416],[-75.212,8.434],[-75.243,8.461],[-75.253,8.467],[-75.269,8.471],[-75.282,8.475],[-75.303,8.482],[-75.315,8.493],[-75.317,8.509],[-75.325,8.523],[-75.327,8.542],[-75.327,8.559],[-75.323,8.573],[-75.318,8.59],[-75.325,8.604],[-75.331,8.614],[-75.34,8.631],[-75.342,8.643],[-75.331,8.645],[-75.346,8.661],[-75.336,8.686],[-75.341,8.699],[-75.343,8.712],[-75.333,8.727],[-75.338,8.74],[-75.32,8.748],[-75.333,8.754],[-75.346,8.765],[-75.361,8.78],[-75.369,8.792],[-75.369,8.824],[-75.374,8.857],[-75.346,8.868],[-75.325,8.869],[-75.313,8.88],[-75.307,8.868],[-75.297,8.866],[-75.282,8.875],[-75.269,8.881],[-75.267,8.899],[-75.253,8.894],[-75.241,8.896],[-75.227,8.902],[-75.214,8.917],[-75.204,8.917],[-75.207,8.938],[-75.204,8.957],[-75.205,8.968],[-75.181,8.963],[-75.183,8.975],[-75.188,8.988],[-75.201,8.995],[-75.222,9.014],[-75.232,9.022],[-75.22,9.028],[-75.212,9.039],[-75.222,9.05],[-75.234,9.063],[-75.246,9.074],[-75.261,9.076],[-75.271,9.076],[-75.283,9.07],[-75.293,9.067],[-75.293,9.079],[-75.292,9.094],[-75.305,9.098],[-75.322,9.119],[-75.334,9.122],[-75.349,9.132],[-75.363,9.127],[-75.374,9.136],[-75.379,9.148],[-75.39,9.147],[-75.4,9.139],[-75.411,9.143],[-75.421,9.138],[-75.426,9.149],[-75.423,9.159],[-75.443,9.171],[-75.455,9.182],[-75.469,9.194],[-75.471,9.205],[-75.467,9.222],[-75.462,9.237],[-75.458,9.257],[-75.477,9.257],[-75.491,9.246],[-75.496,9.26],[-75.499,9.273],[-75.512,9.265],[-75.53,9.259],[-75.544,9.259],[-75.557,9.267],[-75.563,9.283],[-75.574,9.295],[-75.575,9.307],[-75.586,9.308],[-75.608,9.327],[-75.62,9.341],[-75.626,9.353],[-75.637,9.346],[-75.649,9.33],[-75.66,9.334],[-75.684,9.351],[-75.682,9.363],[-75.693,9.354],[-75.712,9.359],[-75.701,9.374],[-75.687,9.391],[-75.698,9.41],[-75.71,9.414],[-75.72,9.412],[-75.739,9.419],[-75.763,9.404],[-75.776,9.402],[-75.803,9.396],[-75.821,9.398],[-75.834,9.395],[-75.833,9.407],[-75.814,9.418],[-75.8,9.415],[-75.794,9.429],[-75.813,9.432],[-75.825,9.423],[-75.836,9.429],[-75.85,9.426],[-75.874,9.423],[-75.884,9.423],[-75.901,9.427],[-75.915,9.436],[-75.923,9.447],[-75.948,9.443],[-75.956,9.432],[-75.964,9.421],[-75.955,9.406],[-75.959,9.395],[-75.97,9.382],[-76.017,9.354],[-76.082,9.336],[-76.109,9.303],[-76.103,9.29],[-76.101,9.275],[-76.12,9.253],[-76.135,9.245],[-76.171,9.229],[-76.168,9.218],[-76.176,9.206],[-76.181,9.181],[-76.178,9.163],[-76.178,9.152],[-76.183,9.141],[-76.187,9.126],[-76.203,9.1],[-76.217,9.086],[-76.229,9.077],[-76.243,9.065],[-76.261,9.034],[-76.264,9.014],[-76.264,9.001],[-76.302,8.968],[-76.32,8.957],[-76.321,8.945],[-76.327,8.93],[-76.337,8.92],[-76.41,8.892],[-76.385,8.791],[-76.399,8.774],[-76.416,8.758],[-76.408,8.746],[-76.366,8.719],[-76.356,8.695],[-76.353,8.68],[-76.349,8.669],[-76.347,8.657],[-76.341,8.646],[-76.33,8.653],[-76.318,8.657],[-76.302,8.652],[-76.283,8.649],[-76.271,8.638],[-76.266,8.621],[-76.255,8.611],[-76.252,8.6],[-76.253,8.585],[-76.243,8.572],[-76.223,8.573],[-76.229,8.562],[-76.235,8.546],[-76.218,8.516],[-76.213,8.5],[-76.21,8.464],[-76.212,8.44],[-76.193,8.408],[-76.191,8.392],[-76.214,8.381],[-76.235,8.368],[-76.252,8.361],[-76.272,8.344],[-76.284,8.332],[-76.298,8.321],[-76.305,8.308],[-76.305,8.292],[-76.317,8.282],[-76.332,8.233],[-76.337,8.212],[-76.344,8.196],[-76.345,8.174],[-76.36,8.167],[-76.377,8.135],[-76.38,8.114],[-76.384,8.102],[-76.405,8.086],[-76.416,8.071],[-76.423,8.034],[-76.427,8.024],[-76.415,7.996],[-76.417,7.986],[-76.415,7.953],[-76.42,7.91],[-76.437,7.895],[-76.452,7.868],[-76.466,7.856],[-76.469,7.845],[-76.478,7.832],[-76.476,7.817],[-76.483,7.778],[-76.481,7.765],[-76.495,7.75],[-76.491,7.73],[-76.489,7.72],[-76.49,7.702],[-76.488,7.685],[-76.489,7.66],[-76.498,7.644],[-76.505,7.628],[-76.51,7.584],[-76.503,7.56],[-76.489,7.542],[-76.464,7.517],[-76.456,7.505],[-76.45,7.49],[-76.431,7.461],[-76.429,7.45],[-76.42,7.436],[-76.402,7.41],[-76.384,7.392],[-75.966,7.357],[-75.841,7.363],[-75.837,7.387],[-75.833,7.398],[-75.82,7.417],[-75.827,7.43],[-75.822,7.442],[-75.809,7.447],[-75.789,7.459],[-75.788,7.477],[-75.777,7.5],[-75.785,7.514],[-75.771,7.526],[-75.772,7.542],[-75.773,7.556],[-75.762,7.574],[-75.76,7.585],[-75.762,7.599],[-75.747,7.608],[-75.712,7.582],[-75.695,7.58],[-75.683,7.585],[-75.676,7.596],[-75.661,7.593],[-75.65,7.587],[-75.633,7.58],[-75.61,7.58],[-75.602,7.593],[-75.583,7.607],[-75.573,7.618],[-75.572,7.632],[-75.562,7.655],[-75.561,7.675],[-75.557,7.694],[-75.543,7.705],[-75.514,7.711],[-75.497,7.717],[-75.482,7.742],[-75.482,7.759],[-75.474,7.773],[-75.464,7.786],[-75.46,7.823],[-75.454,7.834],[-75.427,7.84],[-75.416,7.837],[-75.398,7.859],[-75.385,7.868],[-75.372,7.871],[-75.359,7.877],[-75.347,7.888],[-75.34,7.91],[-75.336,7.95],[-75.322,7.945],[-75.309,7.954],[-75.296,7.964],[-75.289,7.976],[-75.276,7.993],[-75.261,7.997],[-75.246,8.015],[-75.239,8.028],[-75.238,8.04],[-75.228,8.056],[-75.21,8.063],[-75.192,8.052],[-75.166,8.049],[-75.155,8.055],[-75.14,8.053],[-75.117,8.052],[-75.094,8.057],[-75.08,8.055],[-75.046,8.052],[-75.031,8.06],[-75.006,8.073],[-74.977,8.092],[-74.951,8.08],[-74.931,8.074],[-74.918,8.092],[-74.9,8.11],[-74.892,8.123],[-74.88,8.139],[-74.873,8.174],[-74.876,8.187],[-74.876,8.198],[-74.825,8.199]]]}},{"type":"Feature","properties":{"codigo":752,"nombre":"Guainía","nombre_fuente":"Guainía"},"geometry":{"type":"Polygon","coordinates":[[[-70.507,2.786],[-70.942,2.607],[-70.928,2.576],[-70.919,2.564],[-70.906,2.566],[-70.893,2.559],[-70.878,2.559],[-70.862,2.569],[-70.844,2.563],[-70.836,2.553],[-70.829,2.539],[-70.817,2.533],[-70.8,2.527],[-70.783,2.53],[-70.772,2.538],[-70.757,2.539],[-70.746,2.53],[-70.744,2.519],[-70.744,2.508],[-70.736,2.493],[-70.726,2.48],[-70.716,2.477],[-70.704,2.469],[-70.701,2.455],[-70.69,2.444],[-70.679,2.442],[-70.677,2.43],[-70.68,2.42],[-70.67,2.411],[-70.667,2.399],[-70.661,2.387],[-70.654,2.377],[-70.646,2.364],[-70.641,2.353],[-70.636,2.342],[-70.634,2.33],[-70.632,2.318],[-70.618,2.307],[-70.605,2.298],[-70.595,2.294],[-70.585,2.291],[-70.574,2.293],[-70.563,2.293],[-70.551,2.288],[-70.531,2.268],[-70.519,2.271],[-70.519,2.283],[-70.508,2.279],[-70.51,2.267],[-70.5,2.259],[-70.49,2.256],[-70.504,2.258],[-70.514,2.245],[-70.497,2.234],[-70.484,2.235],[-70.473,2.244],[-70.465,2.233],[-70.454,2.244],[-70.465,2.249],[-70.438,2.26],[-70.428,2.267],[-70.417,2.266],[-70.419,2.256],[-70.408,2.255],[-70.404,2.266],[-70.388,2.252],[-70.376,2.245],[-70.366,2.235],[-70.347,2.247],[-70.341,2.233],[-70.325,2.223],[-70.316,2.209],[-70.304,2.216],[-70.293,2.229],[-70.297,2.241],[-70.307,2.246],[-70.296,2.253],[-70.278,2.238],[-70.268,2.248],[-70.253,2.262],[-70.243,2.265],[-70.237,2.254],[-70.249,2.25],[-70.232,2.24],[-70.215,2.234],[-70.205,2.242],[-70.2,2.231],[-70.187,2.233],[-70.185,2.245],[-70.174,2.237],[-70.164,2.243],[-70.161,2.262],[-70.148,2.249],[-70.138,2.261],[-70.151,2.266],[-70.147,2.278],[-70.123,2.263],[-70.108,2.268],[-70.094,2.266],[-70.075,2.274],[-70.072,2.291],[-70.056,2.293],[-70.045,2.291],[-70.054,2.279],[-70.043,2.275],[-70.029,2.273],[-70.028,2.263],[-70.023,2.252],[-70.025,2.237],[-70.013,2.232],[-69.995,2.224],[-69.996,2.214],[-70.006,2.207],[-70.007,2.196],[-70.014,2.185],[-70.028,2.186],[-70.032,2.173],[-70.033,2.158],[-70.043,2.16],[-70.055,2.162],[-70.058,2.146],[-70.07,2.141],[-70.083,2.135],[-70.094,2.128],[-70.102,2.117],[-70.119,2.111],[-70.115,2.1],[-70.104,2.095],[-70.113,2.084],[-70.112,2.074],[-70.118,2.06],[-70.119,2.046],[-70.119,2.03],[-70.114,2.018],[-70.115,2.007],[-70.122,1.994],[-70.14,1.978],[-70.138,1.965],[-70.139,1.955],[-70.138,1.939],[-70.153,1.937],[-70.164,1.931],[-70.169,1.913],[-70.17,1.899],[-70.181,1.885],[-70.176,1.873],[-70.165,1.869],[-70.155,1.87],[-70.142,1.857],[-70.129,1.846],[-70.122,1.836],[-70.111,1.835],[-70.101,1.824],[-70.095,1.81],[-70.085,1.807],[-70.071,1.802],[-70.065,1.789],[-70.054,1.777],[-70.044,1.774],[-70.029,1.769],[-70.018,1.761],[-70.008,1.761],[-69.996,1.756],[-69.985,1.75],[-69.975,1.742],[-69.964,1.744],[-69.953,1.744],[-69.943,1.746],[-69.932,1.745],[-69.922,1.748],[-69.905,1.742],[-69.892,1.735],[-69.878,1.727],[-69.866,1.719],[-69.86,1.708],[-69.85,1.71],[-69.839,1.719],[-69.835,1.709],[-69.823,1.705],[-69.809,1.695],[-69.804,1.705],[-69.79,1.7],[-69.78,1.695],[-69.772,1.705],[-69.764,1.716],[-69.752,1.715],[-69.747,1.727],[-69.737,1.726],[-69.726,1.731],[-69.715,1.733],[-69.704,1.735],[-69.692,1.728],[-69.677,1.73],[-69.667,1.728],[-69.657,1.719],[-69.641,1.724],[-69.629,1.723],[-69.621,1.736],[-69.606,1.742],[-69.589,1.753],[-69.579,1.755],[-69.566,1.759],[-69.559,1.769],[-69.547,1.776],[-69.535,1.777],[-69.535,1.764],[-69.522,1.768],[-69.51,1.763],[-69.496,1.761],[-69.483,1.755],[-69.476,1.744],[-69.467,1.757],[-69.455,1.753],[-69.446,1.742],[-69.433,1.739],[-69.422,1.744],[-69.41,1.739],[-69.391,1.729],[-68.733,1.73],[-68.164,1.729],[-68.168,1.741],[-68.179,1.732],[-68.193,1.737],[-68.189,1.751],[-68.184,1.762],[-68.188,1.773],[-68.199,1.779],[-68.209,1.78],[-68.22,1.771],[-68.23,1.781],[-68.24,1.77],[-68.242,1.781],[-68.24,1.8],[-68.233,1.813],[-68.227,1.829],[-68.247,1.825],[-68.259,1.824],[-68.274,1.819],[-68.276,1.831],[-68.286,1.831],[-68.273,1.845],[-68.285,1.844],[-68.274,1.853],[-68.269,1.863],[-68.26,1.875],[-68.252,1.887],[-68.249,1.9],[-68.246,1.912],[-68.239,1.923],[-68.232,1.933],[-68.221,1.953],[-68.2,2.001],[-68.197,2.016],[-68.198,2.032],[-68.187,1.999],[-68.184,1.984],[-68.176,1.973],[-68.152,1.983],[-68.118,1.949],[-68.105,1.916],[-68.097,1.905],[-68.084,1.894],[-68.063,1.892],[-68.034,1.891],[-68.022,1.883],[-68.013,1.872],[-68.002,1.86],[-67.991,1.851],[-67.98,1.848],[-67.96,1.849],[-67.946,1.844],[-67.93,1.825],[-67.912,1.816],[-67.902,1.812],[-67.901,1.823],[-67.89,1.862],[-67.872,1.877],[-67.862,1.895],[-67.841,1.899],[-67.835,1.916],[-67.838,1.93],[-67.835,1.947],[-67.826,1.961],[-67.814,1.973],[-67.785,1.993],[-67.767,2.011],[-67.745,2.016],[-67.732,2.029],[-67.715,2.027],[-67.687,2.032],[-67.657,2.031],[-67.639,2.029],[-67.622,2.028],[-67.598,2.035],[-67.581,2.037],[-67.571,2.044],[-67.556,2.045],[-67.539,2.061],[-67.527,2.09],[-67.527,2.104],[-67.515,2.126],[-67.503,2.132],[-67.497,2.145],[-67.497,2.157],[-67.487,2.167],[-67.469,2.168],[-67.449,2.17],[-67.442,2.185],[-67.443,2.205],[-67.437,2.221],[-67.418,2.229],[-67.397,2.23],[-67.373,2.217],[-67.366,2.205],[-67.373,2.193],[-67.37,2.174],[-67.351,2.16],[-67.353,2.144],[-67.348,2.134],[-67.352,2.119],[-67.357,2.106],[-67.348,2.083],[-67.331,2.071],[-67.326,2.055],[-67.332,2.042],[-67.343,2.034],[-67.343,2.022],[-67.353,2.005],[-67.349,1.989],[-67.346,1.974],[-67.329,1.971],[-67.334,1.958],[-67.331,1.942],[-67.318,1.934],[-67.308,1.909],[-67.293,1.898],[-67.282,1.886],[-67.257,1.863],[-67.244,1.855],[-67.234,1.85],[-67.207,1.849],[-67.167,1.84],[-67.154,1.831],[-67.153,1.817],[-67.158,1.797],[-67.148,1.77],[-67.15,1.752],[-67.16,1.735],[-67.162,1.693],[-67.159,1.675],[-67.154,1.663],[-67.144,1.651],[-67.132,1.644],[-67.129,1.628],[-67.14,1.61],[-67.132,1.593],[-67.121,1.589],[-67.12,1.568],[-67.128,1.554],[-67.128,1.543],[-67.117,1.515],[-67.101,1.485],[-67.085,1.464],[-67.083,1.454],[-67.082,1.442],[-67.089,1.407],[-67.08,1.385],[-67.083,1.373],[-67.101,1.366],[-67.113,1.361],[-67.126,1.352],[-67.139,1.329],[-67.135,1.3],[-67.111,1.272],[-67.1,1.258],[-67.102,1.237],[-67.093,1.222],[-67.085,1.201],[-67.089,1.177],[-67.087,1.167],[-66.851,1.229],[-66.856,1.243],[-66.873,1.259],[-66.881,1.287],[-66.873,1.305],[-66.86,1.313],[-66.852,1.342],[-66.855,1.37],[-66.865,1.383],[-66.87,1.395],[-66.892,1.404],[-66.903,1.41],[-66.911,1.424],[-66.911,1.45],[-66.912,1.472],[-66.908,1.488],[-66.916,1.513],[-66.919,1.531],[-66.93,1.549],[-66.933,1.559],[-66.944,1.578],[-66.957,1.584],[-66.965,1.597],[-66.96,1.632],[-66.971,1.657],[-66.986,1.672],[-66.992,1.7],[-66.998,1.716],[-67.003,1.729],[-67.013,1.741],[-67.014,1.759],[-67.021,1.772],[-67.033,1.786],[-67.038,1.809],[-67.035,1.845],[-67.047,1.86],[-67.059,1.893],[-67.061,1.908],[-67.065,1.921],[-67.087,1.944],[-67.104,1.958],[-67.113,1.974],[-67.123,1.977],[-67.121,1.996],[-67.115,2.021],[-67.106,2.036],[-67.097,2.051],[-67.098,2.069],[-67.108,2.1],[-67.107,2.112],[-67.116,2.135],[-67.127,2.137],[-67.148,2.126],[-67.162,2.133],[-67.175,2.151],[-67.191,2.178],[-67.197,2.201],[-67.205,2.215],[-67.21,2.234],[-67.222,2.254],[-67.216,2.269],[-67.214,2.281],[-67.218,2.294],[-67.214,2.31],[-67.197,2.323],[-67.191,2.335],[-67.188,2.35],[-67.203,2.367],[-67.213,2.38],[-67.215,2.39],[-67.239,2.409],[-67.253,2.42],[-67.268,2.43],[-67.281,2.432],[-67.297,2.442],[-67.303,2.457],[-67.313,2.463],[-67.315,2.475],[-67.327,2.485],[-67.334,2.496],[-67.335,2.509],[-67.343,2.523],[-67.366,2.529],[-67.374,2.54],[-67.384,2.545],[-67.387,2.556],[-67.392,2.573],[-67.411,2.579],[-67.422,2.586],[-67.43,2.597],[-67.439,2.609],[-67.45,2.619],[-67.465,2.618],[-67.474,2.638],[-67.482,2.655],[-67.497,2.666],[-67.508,2.667],[-67.523,2.673],[-67.539,2.668],[-67.553,2.654],[-67.563,2.657],[-67.569,2.668],[-67.568,2.689],[-67.566,2.705],[-67.563,2.723],[-67.584,2.744],[-67.586,2.758],[-67.583,2.772],[-67.602,2.797],[-67.612,2.81],[-67.638,2.81],[-67.65,2.797],[-67.67,2.801],[-67.686,2.802],[-67.736,2.817],[-67.736,2.828],[-67.74,2.838],[-67.75,2.838],[-67.764,2.832],[-67.783,2.827],[-67.794,2.827],[-67.811,2.832],[-67.822,2.827],[-67.833,2.81],[-67.835,2.797],[-67.853,2.792],[-67.864,2.789],[-67.864,2.866],[-67.517,3.175],[-67.435,3.248],[-67.405,3.248],[-67.383,3.246],[-67.384,3.261],[-67.381,3.282],[-67.382,3.293],[-67.37,3.305],[-67.357,3.309],[-67.336,3.332],[-67.333,3.342],[-67.325,3.357],[-67.314,3.372],[-67.312,3.382],[-67.313,3.395],[-67.32,3.41],[-67.329,3.423],[-67.333,3.437],[-67.339,3.451],[-67.357,3.458],[-67.37,3.467],[-67.381,3.47],[-67.395,3.472],[-67.407,3.501],[-67.408,3.517],[-67.412,3.539],[-67.431,3.562],[-67.431,3.575],[-67.444,3.585],[-67.449,3.611],[-67.439,3.632],[-67.453,3.655],[-67.449,3.668],[-67.449,3.679],[-67.464,3.683],[-67.471,3.695],[-67.479,3.705],[-67.484,3.718],[-67.485,3.736],[-67.501,3.767],[-67.516,3.775],[-67.537,3.758],[-67.556,3.757],[-67.594,3.751],[-67.607,3.752],[-67.626,3.78],[-67.637,3.797],[-67.644,3.813],[-67.644,3.853],[-67.66,3.882],[-67.664,3.898],[-67.675,3.91],[-67.684,3.927],[-67.691,3.952],[-67.695,3.962],[-67.697,3.977],[-67.698,4.011],[-67.7,4.026],[-67.703,4.04],[-67.718,4.036],[-67.751,4.022],[-67.778,4.007],[-67.797,3.995],[-67.815,3.979],[-67.833,3.968],[-67.857,3.934],[-67.871,3.923],[-67.883,3.915],[-67.913,3.907],[-67.921,3.934],[-67.928,3.954],[-67.944,3.964],[-67.965,3.963],[-67.976,3.966],[-67.991,3.98],[-68.007,3.976],[-68.026,3.977],[-68.03,3.987],[-68.026,4.001],[-68.039,4.011],[-68.049,4.002],[-68.057,3.973],[-68.072,3.941],[-68.084,3.943],[-68.074,3.954],[-68.07,3.971],[-68.082,3.981],[-68.095,3.98],[-68.104,3.951],[-68.12,3.939],[-68.131,3.944],[-68.135,3.954],[-68.123,3.972],[-68.12,3.985],[-68.127,3.996],[-68.141,3.999],[-68.164,3.988],[-68.177,3.985],[-68.189,3.988],[-68.205,3.995],[-68.198,3.98],[-68.2,3.967],[-68.22,3.964],[-68.243,3.974],[-68.255,3.976],[-68.271,3.976],[-68.286,3.978],[-68.305,3.974],[-68.336,3.993],[-68.347,3.989],[-68.347,3.974],[-68.353,3.957],[-68.351,3.943],[-68.344,3.928],[-68.362,3.921],[-68.376,3.912],[-68.392,3.915],[-68.405,3.924],[-68.417,3.926],[-68.429,3.922],[-68.437,3.91],[-68.432,3.898],[-68.398,3.877],[-68.389,3.863],[-68.392,3.852],[-68.406,3.848],[-68.431,3.881],[-68.444,3.885],[-68.45,3.871],[-68.442,3.859],[-68.439,3.844],[-68.449,3.836],[-68.461,3.847],[-68.472,3.852],[-68.504,3.832],[-68.515,3.817],[-68.513,3.807],[-68.502,3.791],[-68.509,3.778],[-68.526,3.785],[-68.547,3.81],[-68.561,3.819],[-68.572,3.816],[-68.573,3.801],[-68.556,3.785],[-68.547,3.765],[-68.562,3.781],[-68.576,3.79],[-68.585,3.777],[-68.598,3.784],[-68.628,3.772],[-68.643,3.782],[-68.65,3.799],[-68.664,3.81],[-68.677,3.809],[-68.681,3.794],[-68.658,3.784],[-68.648,3.777],[-68.645,3.763],[-68.668,3.777],[-68.696,3.769],[-68.715,3.768],[-68.73,3.771],[-68.747,3.783],[-68.758,3.781],[-68.768,3.766],[-68.769,3.746],[-68.779,3.729],[-68.797,3.72],[-68.812,3.721],[-68.828,3.737],[-68.841,3.743],[-68.851,3.739],[-68.854,3.727],[-68.841,3.704],[-68.834,3.689],[-68.829,3.671],[-68.844,3.687],[-68.852,3.701],[-68.863,3.706],[-68.88,3.704],[-68.891,3.694],[-68.903,3.683],[-68.916,3.682],[-68.928,3.691],[-68.925,3.724],[-68.934,3.742],[-68.947,3.737],[-68.939,3.715],[-68.934,3.699],[-68.94,3.682],[-68.954,3.678],[-68.97,3.692],[-68.994,3.693],[-69.012,3.681],[-69.024,3.669],[-69.045,3.643],[-69.058,3.637],[-69.069,3.652],[-69.08,3.655],[-69.084,3.643],[-69.1,3.639],[-69.107,3.651],[-69.109,3.666],[-69.118,3.676],[-69.128,3.671],[-69.143,3.65],[-69.163,3.635],[-69.174,3.631],[-69.185,3.632],[-69.17,3.656],[-69.17,3.673],[-69.186,3.669],[-69.2,3.668],[-69.197,3.689],[-69.201,3.702],[-69.211,3.701],[-69.22,3.679],[-69.234,3.674],[-69.24,3.701],[-69.246,3.713],[-69.282,3.725],[-69.288,3.712],[-69.272,3.696],[-69.269,3.686],[-69.273,3.667],[-69.282,3.652],[-69.294,3.644],[-69.304,3.647],[-69.304,3.667],[-69.291,3.692],[-69.291,3.703],[-69.3,3.715],[-69.31,3.715],[-69.316,3.702],[-69.332,3.692],[-69.352,3.68],[-69.363,3.667],[-69.375,3.666],[-69.378,3.676],[-69.391,3.683],[-69.4,3.663],[-69.413,3.661],[-69.427,3.675],[-69.437,3.701],[-69.453,3.71],[-69.467,3.705],[-69.479,3.693],[-69.487,3.672],[-69.486,3.659],[-69.498,3.652],[-69.497,3.671],[-69.51,3.678],[-69.536,3.674],[-69.581,3.684],[-69.595,3.675],[-69.579,3.678],[-69.571,3.666],[-69.581,3.657],[-69.582,3.642],[-69.576,3.629],[-69.575,3.606],[-69.585,3.583],[-69.591,3.568],[-69.604,3.594],[-69.616,3.593],[-69.621,3.575],[-69.637,3.57],[-69.649,3.58],[-69.66,3.586],[-69.671,3.581],[-69.678,3.559],[-69.693,3.539],[-69.701,3.558],[-69.705,3.572],[-69.728,3.592],[-69.739,3.591],[-69.742,3.577],[-69.729,3.572],[-69.718,3.568],[-69.712,3.553],[-69.728,3.542],[-69.747,3.556],[-69.773,3.565],[-69.783,3.563],[-69.788,3.552],[-69.785,3.526],[-69.799,3.507],[-69.81,3.508],[-69.815,3.524],[-69.811,3.535],[-69.812,3.546],[-69.82,3.557],[-69.83,3.557],[-69.841,3.552],[-69.845,3.537],[-69.837,3.516],[-69.828,3.502],[-69.815,3.487],[-69.816,3.476],[-69.835,3.48],[-69.851,3.491],[-69.859,3.504],[-69.865,3.524],[-69.871,3.536],[-69.882,3.54],[-69.894,3.535],[-69.895,3.518],[-69.871,3.488],[-69.86,3.48],[-69.87,3.466],[-69.869,3.446],[-69.875,3.432],[-69.885,3.426],[-69.901,3.424],[-69.907,3.436],[-69.945,3.459],[-69.956,3.459],[-69.964,3.446],[-69.94,3.418],[-69.939,3.4],[-69.969,3.388],[-69.996,3.373],[-70.011,3.374],[-70.014,3.4],[-70.021,3.414],[-70.031,3.418],[-70.047,3.402],[-70.058,3.393],[-70.078,3.387],[-70.109,3.383],[-70.113,3.398],[-70.126,3.4],[-70.127,3.379],[-70.131,3.365],[-70.169,3.354],[-70.164,3.338],[-70.15,3.324],[-70.12,3.303],[-70.11,3.296],[-70.11,3.282],[-70.125,3.288],[-70.14,3.294],[-70.154,3.285],[-70.157,3.274],[-70.157,3.263],[-70.137,3.25],[-70.129,3.236],[-70.127,3.222],[-70.126,3.208],[-70.137,3.191],[-70.149,3.191],[-70.151,3.212],[-70.156,3.227],[-70.168,3.236],[-70.18,3.231],[-70.177,3.216],[-70.167,3.206],[-70.157,3.192],[-70.165,3.181],[-70.179,3.172],[-70.191,3.172],[-70.2,3.196],[-70.208,3.207],[-70.22,3.203],[-70.209,3.188],[-70.207,3.172],[-70.22,3.17],[-70.228,3.182],[-70.24,3.182],[-70.25,3.171],[-70.247,3.159],[-70.251,3.147],[-70.28,3.133],[-70.287,3.121],[-70.278,3.105],[-70.281,3.09],[-70.296,3.09],[-70.316,3.089],[-70.318,3.073],[-70.297,3.072],[-70.282,3.071],[-70.271,3.064],[-70.254,3.045],[-70.263,3.032],[-70.296,3.036],[-70.296,3.019],[-70.281,2.987],[-70.278,2.959],[-70.278,2.934],[-70.293,2.932],[-70.313,2.919],[-70.336,2.915],[-70.346,2.917],[-70.356,2.904],[-70.349,2.883],[-70.352,2.858],[-70.363,2.851],[-70.373,2.85],[-70.397,2.834],[-70.41,2.828],[-70.436,2.824],[-70.486,2.811],[-70.498,2.807],[-70.496,2.787],[-70.507,2.786]]]}},{"type":"Feature","properties":{"codigo":751,"nombre":"Guaviare","nombre_fuente":"Guaviare"},"geometry":{"type":"Polygon","coordinates":[[[-73.659,1.615],[-73.661,1.593],[-73.658,1.576],[-73.644,1.561],[-73.64,1.549],[-73.627,1.538],[-73.617,1.528],[-73.61,1.509],[-73.598,1.496],[-73.585,1.485],[-73.578,1.469],[-73.562,1.463],[-73.548,1.439],[-73.545,1.416],[-73.54,1.402],[-73.529,1.395],[-73.499,1.384],[-73.483,1.373],[-73.472,1.358],[-73.466,1.339],[-73.46,1.327],[-73.459,1.315],[-73.445,1.299],[-73.425,1.289],[-73.425,1.271],[-73.432,1.26],[-73.422,1.252],[-73.413,1.241],[-73.415,1.229],[-73.417,1.215],[-73.41,1.201],[-73.411,1.176],[-73.397,1.172],[-73.394,1.162],[-73.393,1.149],[-73.377,1.143],[-73.373,1.133],[-73.361,1.127],[-73.345,1.121],[-73.335,1.11],[-73.339,1.1],[-73.327,1.09],[-73.303,1.075],[-73.283,1.063],[-73.279,1.05],[-73.262,1.045],[-73.251,1.041],[-73.241,1.03],[-73.246,1.019],[-73.219,1.003],[-73.206,1.005],[-73.186,1.001],[-73.176,0.997],[-73.174,0.982],[-73.188,0.97],[-73.177,0.96],[-73.165,0.953],[-73.164,0.942],[-73.151,0.943],[-73.147,0.928],[-73.137,0.916],[-73.123,0.921],[-73.113,0.922],[-73.102,0.912],[-73.091,0.909],[-73.08,0.905],[-73.079,0.895],[-73.066,0.904],[-73.054,0.91],[-73.041,0.91],[-73.026,0.921],[-73.012,0.911],[-73.002,0.928],[-72.988,0.929],[-72.995,0.95],[-72.986,0.961],[-72.975,0.957],[-72.964,0.963],[-72.954,0.983],[-72.941,0.981],[-72.931,1.001],[-72.933,1.011],[-72.923,1.012],[-72.911,1.009],[-72.901,1.018],[-72.886,1.023],[-72.869,1.027],[-72.874,1.038],[-72.879,1.048],[-72.859,1.044],[-72.861,1.055],[-72.861,1.069],[-72.874,1.075],[-72.885,1.075],[-72.874,1.078],[-72.871,1.088],[-72.883,1.098],[-72.87,1.104],[-72.857,1.103],[-72.869,1.122],[-72.872,1.138],[-72.856,1.144],[-72.854,1.162],[-72.837,1.158],[-72.827,1.152],[-72.818,1.164],[-72.822,1.177],[-72.804,1.183],[-72.79,1.178],[-72.775,1.183],[-72.777,1.167],[-72.779,1.157],[-72.766,1.133],[-72.751,1.129],[-72.741,1.138],[-72.743,1.148],[-72.724,1.149],[-72.731,1.161],[-72.729,1.18],[-72.718,1.188],[-72.698,1.182],[-72.694,1.165],[-72.67,1.164],[-72.665,1.154],[-72.651,1.172],[-72.653,1.182],[-72.644,1.167],[-72.637,1.153],[-72.625,1.139],[-72.604,1.132],[-72.592,1.127],[-72.585,1.116],[-72.557,1.093],[-72.535,1.083],[-72.519,1.08],[-72.511,1.068],[-72.497,1.074],[-72.485,1.072],[-72.471,1.079],[-72.456,1.08],[-72.455,1.069],[-72.444,1.06],[-72.434,1.048],[-72.425,1.035],[-72.424,1.024],[-72.412,1.011],[-72.4,1.004],[-72.401,0.994],[-72.405,0.98],[-72.4,0.966],[-72.386,0.961],[-72.382,0.939],[-72.39,0.927],[-72.387,0.917],[-72.374,0.916],[-72.357,0.932],[-72.338,0.925],[-72.341,0.915],[-72.347,0.903],[-72.331,0.877],[-72.342,0.87],[-72.33,0.85],[-72.328,0.839],[-72.317,0.845],[-72.317,0.857],[-72.325,0.867],[-72.319,0.877],[-72.309,0.875],[-72.298,0.882],[-72.287,0.87],[-72.287,0.86],[-72.301,0.842],[-72.287,0.823],[-72.304,0.816],[-72.299,0.794],[-72.291,0.779],[-72.27,0.764],[-72.261,0.775],[-72.269,0.786],[-72.256,0.793],[-72.242,0.773],[-72.226,0.758],[-72.222,0.748],[-72.224,0.735],[-72.231,0.718],[-72.22,0.705],[-72.208,0.7],[-72.198,0.706],[-72.193,0.724],[-72.18,0.722],[-72.168,0.712],[-72.161,0.722],[-72.167,0.733],[-72.146,0.719],[-72.136,0.723],[-72.132,0.737],[-72.119,0.732],[-72.122,0.72],[-72.109,0.703],[-72.093,0.698],[-72.081,0.704],[-72.07,0.692],[-72.067,0.681],[-72.07,0.67],[-72.086,0.662],[-72.065,0.657],[-72.051,0.654],[-72.033,0.664],[-71.803,0.888],[-71.787,0.899],[-71.773,0.917],[-71.767,0.931],[-71.768,0.946],[-71.77,0.961],[-71.759,0.963],[-71.748,0.972],[-71.742,0.986],[-71.726,0.985],[-71.71,0.988],[-71.694,0.982],[-71.682,0.972],[-71.663,0.973],[-71.65,0.986],[-71.644,0.999],[-71.635,1.01],[-71.631,1.022],[-71.621,1.027],[-71.615,1.038],[-71.603,1.043],[-71.586,1.046],[-71.589,1.06],[-71.589,1.072],[-71.577,1.081],[-71.573,1.091],[-71.578,1.106],[-71.575,1.117],[-71.584,1.127],[-71.57,1.126],[-71.559,1.122],[-71.544,1.113],[-71.558,1.146],[-71.556,1.157],[-71.54,1.164],[-71.531,1.147],[-71.535,1.136],[-71.536,1.125],[-71.524,1.115],[-71.503,1.104],[-71.493,1.106],[-71.485,1.116],[-71.495,1.134],[-71.508,1.138],[-71.502,1.148],[-71.512,1.15],[-71.511,1.164],[-71.519,1.175],[-71.532,1.18],[-71.527,1.192],[-71.534,1.206],[-71.545,1.208],[-71.551,1.221],[-71.54,1.227],[-71.541,1.24],[-71.544,1.25],[-71.541,1.26],[-71.553,1.277],[-71.54,1.275],[-71.526,1.278],[-71.533,1.29],[-71.523,1.293],[-71.527,1.303],[-71.523,1.317],[-71.513,1.327],[-71.512,1.337],[-71.505,1.348],[-71.505,1.359],[-71.495,1.372],[-71.49,1.386],[-71.478,1.404],[-71.476,1.419],[-71.48,1.434],[-71.49,1.444],[-71.478,1.452],[-71.456,1.471],[-71.454,1.484],[-71.442,1.51],[-71.438,1.532],[-71.431,1.544],[-71.436,1.556],[-71.423,1.583],[-71.41,1.585],[-71.398,1.589],[-71.39,1.599],[-71.395,1.61],[-71.393,1.624],[-71.392,1.644],[-71.387,1.659],[-71.397,1.709],[-71.389,1.72],[-71.39,1.735],[-71.38,1.723],[-71.367,1.71],[-71.346,1.706],[-71.336,1.704],[-71.323,1.707],[-71.309,1.704],[-71.296,1.697],[-71.285,1.685],[-71.268,1.68],[-71.261,1.669],[-71.245,1.673],[-71.239,1.684],[-71.208,1.707],[-71.2,1.726],[-71.18,1.746],[-71.155,1.763],[-71.145,1.759],[-71.137,1.769],[-71.125,1.782],[-71.114,1.784],[-71.098,1.779],[-71.094,1.79],[-71.094,1.801],[-71.082,1.797],[-71.07,1.807],[-71.059,1.806],[-71.048,1.804],[-71.043,1.817],[-71.026,1.81],[-71.02,1.821],[-71.009,1.818],[-70.993,1.822],[-70.99,1.834],[-70.975,1.839],[-70.963,1.841],[-70.947,1.856],[-70.942,1.866],[-70.931,1.874],[-70.907,1.891],[-70.899,1.903],[-70.893,1.918],[-70.894,1.928],[-70.884,1.922],[-70.879,1.933],[-70.877,1.922],[-70.866,1.909],[-70.853,1.911],[-70.847,1.921],[-70.834,1.91],[-70.821,1.909],[-70.81,1.914],[-70.799,1.908],[-70.786,1.915],[-70.775,1.92],[-70.76,1.919],[-70.747,1.913],[-70.733,1.924],[-70.721,1.919],[-70.71,1.913],[-70.699,1.912],[-70.692,1.902],[-70.68,1.907],[-70.668,1.902],[-70.663,1.912],[-70.649,1.904],[-70.637,1.903],[-70.636,1.913],[-70.623,1.918],[-70.621,1.93],[-70.61,1.922],[-70.601,1.934],[-70.59,1.939],[-70.579,1.928],[-70.565,1.933],[-70.549,1.938],[-70.539,1.947],[-70.532,1.957],[-70.524,1.947],[-70.514,1.957],[-70.51,1.945],[-70.496,1.948],[-70.483,1.954],[-70.477,1.967],[-70.464,1.963],[-70.464,1.976],[-70.457,1.988],[-70.444,1.987],[-70.435,1.999],[-70.425,1.99],[-70.413,1.99],[-70.398,1.998],[-70.39,1.986],[-70.379,1.985],[-70.382,1.996],[-70.372,2.002],[-70.365,1.991],[-70.351,1.983],[-70.341,1.988],[-70.34,2.0],[-70.33,1.994],[-70.323,2.006],[-70.31,2.011],[-70.299,2.015],[-70.283,2.015],[-70.271,2.021],[-70.259,2.014],[-70.255,2.026],[-70.242,2.023],[-70.23,2.034],[-70.219,2.028],[-70.208,2.02],[-70.195,2.024],[-70.184,2.027],[-70.176,2.04],[-70.163,2.045],[-70.161,2.058],[-70.151,2.071],[-70.139,2.064],[-70.115,2.08],[-70.104,2.095],[-70.115,2.1],[-70.119,2.111],[-70.109,2.115],[-70.092,2.122],[-70.083,2.135],[-70.073,2.139],[-70.058,2.146],[-70.052,2.157],[-70.042,2.162],[-70.027,2.174],[-70.028,2.186],[-70.018,2.181],[-70.007,2.181],[-70.012,2.193],[-70.003,2.204],[-69.995,2.221],[-70.013,2.232],[-70.025,2.237],[-70.027,2.248],[-70.028,2.263],[-70.027,2.273],[-70.039,2.268],[-70.05,2.276],[-70.045,2.288],[-70.056,2.293],[-70.07,2.294],[-70.073,2.278],[-70.085,2.263],[-70.103,2.262],[-70.119,2.264],[-70.141,2.277],[-70.152,2.275],[-70.141,2.265],[-70.142,2.251],[-70.153,2.261],[-70.157,2.244],[-70.171,2.238],[-70.183,2.25],[-70.194,2.251],[-70.183,2.24],[-70.194,2.23],[-70.205,2.242],[-70.215,2.234],[-70.225,2.247],[-70.247,2.243],[-70.245,2.253],[-70.235,2.257],[-70.247,2.265],[-70.26,2.255],[-70.27,2.24],[-70.296,2.253],[-70.308,2.251],[-70.297,2.241],[-70.293,2.229],[-70.304,2.216],[-70.316,2.209],[-70.325,2.223],[-70.341,2.233],[-70.342,2.248],[-70.358,2.236],[-70.372,2.238],[-70.383,2.245],[-70.394,2.257],[-70.399,2.268],[-70.408,2.255],[-70.419,2.256],[-70.417,2.266],[-70.428,2.267],[-70.438,2.26],[-70.458,2.257],[-70.457,2.247],[-70.463,2.235],[-70.473,2.244],[-70.484,2.235],[-70.497,2.234],[-70.514,2.245],[-70.514,2.256],[-70.498,2.251],[-70.51,2.267],[-70.508,2.279],[-70.519,2.283],[-70.519,2.271],[-70.531,2.268],[-70.543,2.28],[-70.555,2.29],[-70.57,2.291],[-70.58,2.292],[-70.595,2.294],[-70.605,2.298],[-70.616,2.306],[-70.63,2.314],[-70.633,2.325],[-70.635,2.336],[-70.638,2.346],[-70.64,2.358],[-70.649,2.371],[-70.657,2.382],[-70.663,2.394],[-70.667,2.406],[-70.677,2.415],[-70.681,2.429],[-70.679,2.442],[-70.69,2.444],[-70.701,2.455],[-70.703,2.468],[-70.715,2.475],[-70.726,2.48],[-70.734,2.494],[-70.745,2.502],[-70.746,2.512],[-70.746,2.524],[-70.754,2.535],[-70.767,2.54],[-70.777,2.534],[-70.791,2.521],[-70.807,2.524],[-70.819,2.533],[-70.83,2.533],[-70.833,2.545],[-70.844,2.563],[-70.857,2.571],[-70.878,2.559],[-70.893,2.559],[-70.906,2.566],[-70.919,2.564],[-70.928,2.576],[-70.941,2.602],[-70.507,2.786],[-70.53,2.806],[-70.551,2.815],[-70.564,2.829],[-70.585,2.841],[-70.599,2.834],[-70.6,2.819],[-70.606,2.803],[-70.618,2.792],[-70.63,2.806],[-70.632,2.84],[-70.641,2.853],[-70.658,2.856],[-70.663,2.844],[-70.64,2.821],[-70.637,2.809],[-70.656,2.782],[-70.676,2.781],[-70.685,2.762],[-70.696,2.749],[-70.706,2.737],[-70.719,2.745],[-70.716,2.775],[-70.718,2.788],[-70.735,2.788],[-70.756,2.768],[-70.777,2.768],[-70.803,2.758],[-70.814,2.762],[-70.8,2.773],[-70.795,2.784],[-70.803,2.806],[-70.819,2.813],[-70.834,2.804],[-70.851,2.792],[-70.856,2.779],[-70.868,2.775],[-70.874,2.785],[-70.887,2.794],[-70.899,2.809],[-70.911,2.846],[-70.932,2.858],[-70.941,2.848],[-70.94,2.834],[-70.928,2.823],[-70.926,2.811],[-70.93,2.798],[-70.943,2.786],[-70.953,2.789],[-70.962,2.801],[-70.951,2.815],[-70.949,2.835],[-70.978,2.83],[-70.989,2.828],[-71.0,2.839],[-71.007,2.854],[-71.02,2.851],[-71.031,2.846],[-71.043,2.85],[-71.06,2.853],[-71.066,2.87],[-71.077,2.882],[-71.096,2.878],[-71.111,2.873],[-71.127,2.891],[-71.136,2.902],[-71.139,2.889],[-71.142,2.877],[-71.153,2.872],[-71.165,2.883],[-71.176,2.902],[-71.188,2.892],[-71.203,2.891],[-71.22,2.869],[-71.245,2.861],[-71.251,2.88],[-71.267,2.881],[-71.275,2.869],[-71.288,2.868],[-71.299,2.877],[-71.3,2.905],[-71.303,2.917],[-71.319,2.925],[-71.33,2.92],[-71.332,2.909],[-71.328,2.893],[-71.339,2.869],[-71.349,2.858],[-71.358,2.883],[-71.377,2.89],[-71.379,2.87],[-71.383,2.853],[-71.394,2.846],[-71.405,2.854],[-71.416,2.866],[-71.432,2.871],[-71.445,2.88],[-71.458,2.892],[-71.468,2.895],[-71.468,2.885],[-71.464,2.871],[-71.463,2.86],[-71.474,2.852],[-71.486,2.859],[-71.492,2.869],[-71.503,2.875],[-71.523,2.879],[-71.533,2.875],[-71.549,2.868],[-71.58,2.873],[-71.575,2.859],[-71.575,2.845],[-71.6,2.846],[-71.621,2.841],[-71.628,2.831],[-71.647,2.818],[-71.671,2.823],[-71.672,2.837],[-71.66,2.856],[-71.659,2.87],[-71.671,2.874],[-71.683,2.865],[-71.683,2.85],[-71.693,2.839],[-71.711,2.846],[-71.727,2.86],[-71.741,2.882],[-71.754,2.895],[-71.766,2.894],[-71.759,2.87],[-71.76,2.854],[-71.77,2.829],[-71.781,2.817],[-71.79,2.83],[-71.784,2.853],[-71.788,2.867],[-71.8,2.876],[-71.824,2.878],[-71.849,2.872],[-71.834,2.872],[-71.822,2.868],[-71.819,2.855],[-71.825,2.84],[-71.851,2.842],[-71.874,2.838],[-71.887,2.833],[-71.916,2.827],[-71.928,2.829],[-71.939,2.833],[-71.959,2.829],[-71.98,2.803],[-71.995,2.822],[-72.021,2.829],[-72.05,2.816],[-72.065,2.817],[-72.079,2.822],[-72.098,2.837],[-72.113,2.877],[-72.124,2.887],[-72.135,2.889],[-72.14,2.87],[-72.158,2.865],[-72.172,2.874],[-72.184,2.875],[-72.194,2.873],[-72.204,2.863],[-72.206,2.847],[-72.203,2.817],[-72.192,2.801],[-72.184,2.789],[-72.192,2.772],[-72.202,2.77],[-72.215,2.774],[-72.231,2.79],[-72.236,2.801],[-72.245,2.812],[-72.258,2.824],[-72.271,2.815],[-72.265,2.798],[-72.272,2.779],[-72.286,2.773],[-72.296,2.775],[-72.305,2.795],[-72.32,2.799],[-72.336,2.79],[-72.349,2.786],[-72.367,2.767],[-72.372,2.755],[-72.389,2.736],[-72.406,2.725],[-72.424,2.735],[-72.435,2.74],[-72.467,2.734],[-72.466,2.722],[-72.463,2.703],[-72.47,2.689],[-72.484,2.686],[-72.495,2.687],[-72.508,2.691],[-72.52,2.7],[-72.535,2.703],[-72.535,2.683],[-72.565,2.681],[-72.571,2.669],[-72.558,2.662],[-72.557,2.649],[-72.581,2.649],[-72.587,2.636],[-72.582,2.613],[-72.581,2.597],[-72.584,2.585],[-72.597,2.584],[-72.594,2.597],[-72.598,2.615],[-72.615,2.626],[-72.635,2.615],[-72.646,2.603],[-72.642,2.583],[-72.651,2.572],[-72.661,2.581],[-72.663,2.602],[-72.671,2.616],[-72.683,2.623],[-72.699,2.621],[-72.708,2.608],[-72.72,2.583],[-72.733,2.574],[-72.745,2.569],[-72.758,2.572],[-72.769,2.579],[-72.785,2.586],[-72.792,2.605],[-72.811,2.616],[-72.827,2.607],[-72.848,2.597],[-72.858,2.585],[-72.879,2.576],[-72.891,2.571],[-72.913,2.568],[-72.923,2.558],[-72.919,2.54],[-72.933,2.524],[-72.949,2.523],[-72.957,2.511],[-72.958,2.498],[-72.942,2.502],[-72.928,2.476],[-72.934,2.465],[-72.953,2.479],[-72.968,2.476],[-72.971,2.461],[-72.965,2.449],[-72.985,2.453],[-73.013,2.432],[-73.025,2.42],[-73.037,2.42],[-73.037,2.431],[-73.052,2.429],[-73.065,2.428],[-73.072,2.417],[-73.094,2.394],[-73.105,2.386],[-73.117,2.407],[-73.137,2.406],[-73.138,2.394],[-73.127,2.39],[-73.124,2.379],[-73.139,2.378],[-73.154,2.366],[-73.166,2.368],[-73.167,2.38],[-73.165,2.395],[-73.18,2.398],[-73.194,2.387],[-73.217,2.386],[-73.211,2.4],[-73.224,2.391],[-73.24,2.389],[-73.267,2.382],[-73.259,2.372],[-73.247,2.374],[-73.237,2.358],[-73.243,2.347],[-73.254,2.356],[-73.269,2.359],[-73.295,2.339],[-73.311,2.346],[-73.32,2.36],[-73.332,2.361],[-73.33,2.348],[-73.332,2.334],[-73.355,2.324],[-73.356,2.339],[-73.345,2.349],[-73.347,2.362],[-73.357,2.369],[-73.374,2.364],[-73.374,2.333],[-73.388,2.325],[-73.388,2.342],[-73.397,2.355],[-73.414,2.356],[-73.424,2.351],[-73.422,2.334],[-73.438,2.327],[-73.44,2.341],[-73.431,2.36],[-73.433,2.37],[-73.439,2.386],[-73.455,2.383],[-73.45,2.362],[-73.446,2.352],[-73.452,2.339],[-73.462,2.343],[-73.464,2.357],[-73.474,2.362],[-73.487,2.357],[-73.5,2.359],[-73.505,2.338],[-73.517,2.335],[-73.514,2.351],[-73.521,2.365],[-73.523,2.384],[-73.533,2.387],[-73.54,2.377],[-73.556,2.371],[-73.566,2.358],[-73.584,2.357],[-73.588,2.368],[-73.585,2.39],[-73.598,2.381],[-73.616,2.378],[-73.633,2.362],[-73.63,2.352],[-73.617,2.347],[-73.616,2.336],[-73.632,2.33],[-73.633,2.309],[-73.628,2.299],[-73.635,2.287],[-73.651,2.292],[-73.658,1.895],[-73.659,1.615]]]}},{"type":"Feature","properties":{"codigo":738,"nombre":"Huila","nombre_fuente":"Huila"},"geometry":{"type":"Polygon","coordinates":[[[-74.416,3.741],[-74.434,3.738],[-74.452,3.724],[-74.457,3.735],[-74.457,3.745],[-74.461,3.758],[-74.46,3.774],[-74.452,3.788],[-74.447,3.803],[-74.458,3.817],[-74.48,3.825],[-74.513,3.824],[-74.528,3.83],[-74.533,3.841],[-74.535,3.831],[-74.537,3.818],[-74.546,3.792],[-74.553,3.779],[-74.557,3.768],[-74.574,3.753],[-74.585,3.743],[-74.593,3.725],[-74.605,3.721],[-74.625,3.699],[-74.648,3.685],[-74.661,3.678],[-74.674,3.671],[-74.687,3.653],[-74.699,3.639],[-74.701,3.617],[-74.712,3.611],[-74.728,3.6],[-74.739,3.59],[-74.735,3.576],[-74.726,3.562],[-74.732,3.548],[-74.739,3.533],[-74.75,3.529],[-74.761,3.532],[-74.773,3.526],[-74.782,3.5],[-74.781,3.481],[-74.775,3.467],[-74.763,3.454],[-74.765,3.443],[-74.801,3.418],[-74.814,3.407],[-74.815,3.392],[-74.825,3.387],[-74.835,3.367],[-74.846,3.355],[-74.849,3.342],[-74.86,3.334],[-74.873,3.326],[-74.887,3.31],[-74.908,3.29],[-74.929,3.283],[-74.944,3.281],[-74.955,3.28],[-74.966,3.281],[-74.984,3.284],[-74.994,3.278],[-75.004,3.278],[-75.015,3.288],[-75.037,3.287],[-75.053,3.288],[-75.073,3.296],[-75.065,3.311],[-75.059,3.324],[-75.057,3.334],[-75.061,3.358],[-75.058,3.369],[-75.059,3.381],[-75.041,3.383],[-75.038,3.395],[-75.043,3.408],[-75.043,3.418],[-75.044,3.429],[-75.061,3.432],[-75.095,3.431],[-75.116,3.433],[-75.128,3.43],[-75.144,3.435],[-75.152,3.425],[-75.157,3.412],[-75.172,3.412],[-75.174,3.398],[-75.173,3.387],[-75.184,3.382],[-75.198,3.384],[-75.196,3.396],[-75.2,3.409],[-75.211,3.409],[-75.228,3.415],[-75.242,3.405],[-75.245,3.383],[-75.251,3.369],[-75.277,3.384],[-75.29,3.391],[-75.303,3.399],[-75.311,3.412],[-75.324,3.412],[-75.333,3.399],[-75.344,3.406],[-75.359,3.409],[-75.37,3.403],[-75.374,3.389],[-75.378,3.374],[-75.394,3.378],[-75.41,3.37],[-75.425,3.359],[-75.442,3.347],[-75.446,3.357],[-75.462,3.355],[-75.478,3.361],[-75.487,3.348],[-75.486,3.33],[-75.498,3.322],[-75.513,3.328],[-75.526,3.32],[-75.521,3.301],[-75.531,3.287],[-75.544,3.272],[-75.548,3.26],[-75.559,3.248],[-75.569,3.241],[-75.577,3.224],[-75.573,3.211],[-75.578,3.195],[-75.585,3.177],[-75.588,3.156],[-75.577,3.144],[-75.585,3.122],[-75.598,3.116],[-75.606,3.103],[-75.622,3.075],[-75.617,3.062],[-75.601,3.052],[-75.602,3.039],[-75.611,3.028],[-75.622,3.009],[-75.634,2.995],[-75.647,2.996],[-75.658,2.989],[-75.684,2.989],[-75.694,2.995],[-75.697,2.985],[-75.703,2.97],[-75.722,2.962],[-75.733,2.952],[-75.745,2.953],[-75.76,2.943],[-75.765,2.927],[-75.766,2.915],[-75.778,2.913],[-75.79,2.901],[-75.799,2.888],[-75.817,2.884],[-75.825,2.872],[-75.845,2.871],[-75.857,2.871],[-75.87,2.877],[-75.876,2.887],[-75.885,2.898],[-75.901,2.895],[-75.909,2.91],[-75.926,2.914],[-75.938,2.92],[-75.949,2.917],[-75.955,2.93],[-75.965,2.94],[-75.982,2.956],[-75.983,2.966],[-75.989,2.982],[-76.012,2.979],[-76.022,2.973],[-76.025,2.956],[-76.029,2.941],[-76.02,2.925],[-76.008,2.915],[-75.997,2.905],[-75.978,2.888],[-75.963,2.874],[-75.949,2.866],[-75.937,2.852],[-75.913,2.834],[-75.857,2.786],[-75.846,2.784],[-75.831,2.784],[-75.818,2.778],[-75.811,2.768],[-75.794,2.762],[-75.778,2.759],[-75.76,2.75],[-75.753,2.732],[-75.748,2.719],[-75.755,2.701],[-75.757,2.683],[-75.772,2.676],[-75.78,2.66],[-75.791,2.632],[-75.8,2.622],[-75.811,2.6],[-75.823,2.592],[-75.827,2.575],[-75.837,2.568],[-75.839,2.558],[-75.837,2.539],[-75.827,2.531],[-75.82,2.52],[-75.821,2.507],[-75.822,2.495],[-75.814,2.484],[-75.831,2.474],[-75.84,2.461],[-75.853,2.455],[-75.859,2.442],[-75.861,2.429],[-75.872,2.427],[-75.886,2.428],[-75.899,2.44],[-75.91,2.446],[-75.918,2.458],[-75.917,2.472],[-75.932,2.48],[-75.948,2.486],[-75.958,2.491],[-75.978,2.503],[-75.986,2.493],[-75.989,2.481],[-76.0,2.467],[-76.02,2.447],[-76.023,2.426],[-76.031,2.41],[-76.049,2.406],[-76.077,2.415],[-76.091,2.416],[-76.103,2.407],[-76.115,2.392],[-76.126,2.38],[-76.147,2.293],[-76.121,2.224],[-76.134,2.222],[-76.144,2.204],[-76.186,2.197],[-76.209,2.199],[-76.22,2.208],[-76.224,2.222],[-76.243,2.232],[-76.251,2.248],[-76.269,2.263],[-76.276,2.275],[-76.289,2.274],[-76.299,2.282],[-76.323,2.281],[-76.333,2.278],[-76.344,2.272],[-76.361,2.271],[-76.374,2.279],[-76.385,2.264],[-76.39,2.242],[-76.396,2.228],[-76.403,2.205],[-76.411,2.195],[-76.433,2.19],[-76.434,2.178],[-76.437,2.16],[-76.433,2.149],[-76.427,2.133],[-76.43,2.122],[-76.451,2.115],[-76.462,2.103],[-76.484,2.123],[-76.497,2.124],[-76.508,2.133],[-76.528,2.131],[-76.552,2.138],[-76.572,2.12],[-76.585,2.11],[-76.59,2.099],[-76.589,2.089],[-76.576,2.066],[-76.58,2.051],[-76.586,2.037],[-76.575,2.03],[-76.576,2.013],[-76.586,2.001],[-76.602,1.995],[-76.62,1.979],[-76.623,1.965],[-76.612,1.946],[-76.619,1.931],[-76.606,1.924],[-76.587,1.908],[-76.584,1.89],[-76.588,1.88],[-76.579,1.865],[-76.558,1.842],[-76.548,1.837],[-76.536,1.834],[-76.511,1.834],[-76.481,1.824],[-76.464,1.812],[-76.454,1.806],[-76.433,1.792],[-76.426,1.781],[-76.422,1.769],[-76.421,1.755],[-76.425,1.744],[-76.424,1.723],[-76.41,1.725],[-76.38,1.749],[-76.369,1.731],[-76.381,1.702],[-76.385,1.675],[-76.384,1.665],[-76.337,1.663],[-76.326,1.666],[-76.304,1.685],[-76.291,1.687],[-76.278,1.67],[-76.267,1.658],[-76.253,1.657],[-76.226,1.668],[-76.214,1.663],[-76.212,1.645],[-76.214,1.622],[-76.21,1.612],[-76.208,1.6],[-76.198,1.583],[-76.187,1.573],[-76.172,1.586],[-76.157,1.585],[-76.146,1.578],[-76.134,1.571],[-76.124,1.557],[-76.11,1.557],[-76.1,1.566],[-76.084,1.574],[-76.074,1.577],[-76.056,1.576],[-76.031,1.582],[-76.011,1.602],[-76.002,1.616],[-75.991,1.64],[-75.981,1.656],[-75.956,1.669],[-75.946,1.677],[-75.933,1.692],[-75.907,1.715],[-75.894,1.721],[-75.868,1.714],[-75.851,1.723],[-75.829,1.745],[-75.797,1.754],[-75.767,1.767],[-75.739,1.785],[-75.729,1.816],[-75.713,1.834],[-75.711,1.845],[-75.703,1.862],[-75.693,1.869],[-75.66,1.899],[-75.644,1.94],[-75.623,1.981],[-75.612,1.996],[-75.591,2.014],[-75.582,2.029],[-75.577,2.046],[-75.558,2.054],[-75.553,2.072],[-75.541,2.098],[-75.532,2.119],[-75.516,2.122],[-75.487,2.134],[-75.476,2.135],[-75.461,2.141],[-75.45,2.146],[-75.434,2.166],[-75.423,2.189],[-75.435,2.214],[-75.437,2.225],[-75.418,2.238],[-75.408,2.248],[-75.402,2.275],[-75.393,2.288],[-75.388,2.31],[-75.354,2.319],[-75.332,2.358],[-75.319,2.356],[-75.307,2.361],[-75.301,2.377],[-75.29,2.393],[-75.283,2.413],[-75.265,2.426],[-75.253,2.434],[-75.235,2.47],[-75.222,2.485],[-75.223,2.499],[-75.229,2.511],[-75.201,2.515],[-75.184,2.513],[-75.175,2.524],[-75.178,2.536],[-75.169,2.552],[-75.157,2.562],[-75.14,2.584],[-75.134,2.599],[-75.139,2.61],[-75.151,2.621],[-75.155,2.642],[-75.153,2.653],[-75.141,2.668],[-75.134,2.69],[-75.144,2.699],[-75.153,2.71],[-75.148,2.722],[-75.127,2.729],[-75.095,2.727],[-75.081,2.732],[-75.064,2.746],[-75.052,2.759],[-75.038,2.781],[-75.016,2.811],[-75.002,2.835],[-74.99,2.85],[-74.978,2.862],[-74.953,2.884],[-74.942,2.895],[-74.934,2.907],[-74.918,2.926],[-74.907,2.937],[-74.892,2.964],[-74.878,2.974],[-74.868,2.986],[-74.853,2.996],[-74.841,3.01],[-74.82,3.047],[-74.792,3.061],[-74.788,3.072],[-74.789,3.087],[-74.775,3.088],[-74.765,3.093],[-74.754,3.112],[-74.74,3.129],[-74.725,3.141],[-74.722,3.156],[-74.715,3.169],[-74.713,3.181],[-74.694,3.181],[-74.683,3.186],[-74.67,3.201],[-74.665,3.223],[-74.661,3.236],[-74.65,3.254],[-74.635,3.274],[-74.624,3.283],[-74.63,3.296],[-74.629,3.311],[-74.616,3.326],[-74.62,3.341],[-74.635,3.354],[-74.637,3.366],[-74.613,3.411],[-74.615,3.425],[-74.611,3.438],[-74.614,3.449],[-74.632,3.463],[-74.626,3.475],[-74.617,3.486],[-74.603,3.51],[-74.593,3.522],[-74.571,3.525],[-74.554,3.535],[-74.535,3.558],[-74.529,3.58],[-74.518,3.6],[-74.512,3.623],[-74.503,3.641],[-74.493,3.648],[-74.482,3.662],[-74.468,3.668],[-74.46,3.683],[-74.438,3.698],[-74.419,3.72],[-74.413,3.734],[-74.416,3.741]]]}},{"type":"Feature","properties":{"codigo":728,"nombre":"La Guajira","nombre_fuente":"La Guajira"},"geometry":{"type":"Polygon","coordinates":[[[-72.895,10.434],[-72.893,10.447],[-72.883,10.455],[-72.863,10.464],[-72.852,10.481],[-72.846,10.494],[-72.844,10.507],[-72.838,10.532],[-72.831,10.545],[-72.825,10.564],[-72.792,10.587],[-72.791,10.602],[-72.784,10.616],[-72.772,10.619],[-72.753,10.634],[-72.749,10.651],[-72.735,10.651],[-72.736,10.666],[-72.73,10.681],[-72.727,10.691],[-72.711,10.703],[-72.717,10.714],[-72.711,10.732],[-72.714,10.743],[-72.708,10.757],[-72.689,10.757],[-72.683,10.77],[-72.678,10.783],[-72.683,10.796],[-72.675,10.807],[-72.676,10.82],[-72.662,10.83],[-72.658,10.851],[-72.65,10.867],[-72.649,10.879],[-72.639,10.885],[-72.62,10.887],[-72.608,10.889],[-72.594,10.905],[-72.578,10.913],[-72.563,10.928],[-72.554,10.94],[-72.55,10.952],[-72.537,10.975],[-72.536,10.986],[-72.523,10.996],[-72.525,11.007],[-72.518,11.019],[-72.507,11.034],[-72.49,11.052],[-72.49,11.078],[-72.49,11.089],[-72.478,11.102],[-72.465,11.113],[-72.444,11.128],[-72.439,11.116],[-72.425,11.122],[-72.408,11.126],[-72.388,11.134],[-72.374,11.136],[-72.36,11.142],[-72.349,11.151],[-72.334,11.148],[-72.322,11.147],[-72.299,11.145],[-72.287,11.143],[-72.272,11.138],[-72.259,11.138],[-72.249,11.14],[-71.971,11.646],[-71.901,11.66],[-71.783,11.687],[-71.644,11.734],[-71.378,11.812],[-71.39,11.827],[-71.38,11.833],[-71.369,11.833],[-71.357,11.838],[-71.347,11.846],[-71.324,11.853],[-71.317,11.864],[-71.312,11.881],[-71.301,11.9],[-71.295,11.911],[-71.305,11.912],[-71.319,11.902],[-71.33,11.903],[-71.328,11.922],[-71.318,11.919],[-71.306,11.919],[-71.294,11.919],[-71.282,11.908],[-71.269,11.914],[-71.255,11.933],[-71.243,11.944],[-71.23,11.952],[-71.22,11.965],[-71.205,11.971],[-71.193,11.978],[-71.18,11.98],[-71.17,11.987],[-71.158,11.995],[-71.144,11.998],[-71.125,12.021],[-71.119,12.034],[-71.113,12.049],[-71.117,12.069],[-71.115,12.086],[-71.126,12.106],[-71.154,12.147],[-71.166,12.17],[-71.173,12.185],[-71.192,12.212],[-71.202,12.233],[-71.22,12.26],[-71.225,12.273],[-71.226,12.288],[-71.228,12.3],[-71.246,12.316],[-71.257,12.319],[-71.274,12.338],[-71.287,12.344],[-71.3,12.353],[-71.31,12.354],[-71.324,12.348],[-71.34,12.358],[-71.352,12.368],[-71.384,12.378],[-71.398,12.38],[-71.415,12.381],[-71.427,12.386],[-71.438,12.381],[-71.451,12.392],[-71.457,12.404],[-71.469,12.41],[-71.502,12.425],[-71.525,12.436],[-71.543,12.44],[-71.557,12.435],[-71.573,12.443],[-71.585,12.435],[-71.596,12.437],[-71.61,12.437],[-71.621,12.439],[-71.635,12.446],[-71.648,12.453],[-71.669,12.457],[-71.684,12.451],[-71.697,12.442],[-71.719,12.436],[-71.73,12.426],[-71.736,12.413],[-71.718,12.416],[-71.707,12.422],[-71.701,12.436],[-71.684,12.445],[-71.69,12.433],[-71.7,12.421],[-71.687,12.422],[-71.674,12.433],[-71.664,12.433],[-71.653,12.435],[-71.649,12.424],[-71.659,12.416],[-71.672,12.409],[-71.658,12.409],[-71.648,12.413],[-71.633,12.416],[-71.634,12.404],[-71.645,12.404],[-71.658,12.398],[-71.673,12.389],[-71.686,12.391],[-71.7,12.382],[-71.69,12.379],[-71.691,12.368],[-71.702,12.36],[-71.699,12.373],[-71.71,12.369],[-71.72,12.37],[-71.726,12.387],[-71.712,12.394],[-71.716,12.409],[-71.728,12.407],[-71.739,12.389],[-71.75,12.385],[-71.762,12.379],[-71.752,12.379],[-71.738,12.372],[-71.737,12.36],[-71.743,12.346],[-71.755,12.334],[-71.774,12.329],[-71.786,12.331],[-71.799,12.318],[-71.804,12.305],[-71.815,12.308],[-71.827,12.316],[-71.835,12.327],[-71.84,12.339],[-71.827,12.351],[-71.814,12.36],[-71.814,12.372],[-71.825,12.37],[-71.836,12.357],[-71.849,12.352],[-71.86,12.356],[-71.882,12.333],[-71.898,12.319],[-71.925,12.299],[-71.941,12.281],[-71.955,12.273],[-71.945,12.263],[-71.94,12.276],[-71.926,12.275],[-71.915,12.274],[-71.904,12.276],[-71.89,12.274],[-71.892,12.263],[-71.89,12.251],[-71.877,12.252],[-71.875,12.239],[-71.871,12.228],[-71.862,12.217],[-71.864,12.202],[-71.869,12.191],[-71.88,12.194],[-71.897,12.194],[-71.909,12.188],[-71.922,12.182],[-71.92,12.171],[-71.924,12.159],[-71.94,12.153],[-71.965,12.146],[-71.978,12.152],[-71.988,12.161],[-71.982,12.172],[-72.001,12.186],[-71.996,12.197],[-71.989,12.21],[-71.97,12.219],[-71.962,12.239],[-71.958,12.252],[-71.968,12.254],[-71.992,12.248],[-72.012,12.242],[-72.031,12.243],[-72.049,12.24],[-72.074,12.234],[-72.084,12.231],[-72.113,12.234],[-72.139,12.24],[-72.156,12.232],[-72.165,12.22],[-72.178,12.216],[-72.174,12.205],[-72.154,12.206],[-72.146,12.18],[-72.144,12.162],[-72.143,12.148],[-72.142,12.12],[-72.139,12.104],[-72.145,12.086],[-72.16,12.056],[-72.164,12.045],[-72.174,12.029],[-72.184,11.997],[-72.198,11.979],[-72.203,11.966],[-72.208,11.946],[-72.216,11.927],[-72.226,11.911],[-72.241,11.895],[-72.219,11.908],[-72.224,11.893],[-72.236,11.885],[-72.247,11.876],[-72.246,11.891],[-72.281,11.87],[-72.299,11.855],[-72.317,11.849],[-72.339,11.839],[-72.378,11.819],[-72.391,11.81],[-72.402,11.799],[-72.439,11.786],[-72.45,11.778],[-72.467,11.779],[-72.486,11.778],[-72.498,11.775],[-72.509,11.777],[-72.533,11.769],[-72.544,11.758],[-72.561,11.744],[-72.583,11.747],[-72.595,11.745],[-72.61,11.734],[-72.619,11.723],[-72.641,11.717],[-72.659,11.718],[-72.684,11.706],[-72.722,11.7],[-72.736,11.692],[-72.77,11.678],[-72.805,11.647],[-72.827,11.635],[-72.839,11.619],[-72.848,11.608],[-72.87,11.584],[-72.881,11.566],[-72.913,11.552],[-72.928,11.544],[-72.939,11.537],[-72.963,11.522],[-72.992,11.513],[-73.029,11.492],[-73.046,11.477],[-73.085,11.433],[-73.098,11.423],[-73.11,11.417],[-73.135,11.41],[-73.149,11.399],[-73.16,11.384],[-73.189,11.365],[-73.191,11.353],[-73.198,11.342],[-73.217,11.33],[-73.249,11.309],[-73.264,11.296],[-73.277,11.285],[-73.305,11.275],[-73.331,11.271],[-73.346,11.264],[-73.361,11.262],[-73.417,11.263],[-73.44,11.257],[-73.485,11.263],[-73.507,11.258],[-73.527,11.254],[-73.568,11.258],[-73.568,11.247],[-73.568,11.233],[-73.578,11.229],[-73.574,11.218],[-73.584,11.205],[-73.584,11.19],[-73.59,11.177],[-73.603,11.172],[-73.614,11.164],[-73.616,11.153],[-73.627,11.142],[-73.645,11.144],[-73.652,11.133],[-73.643,11.117],[-73.64,11.106],[-73.646,11.091],[-73.648,11.08],[-73.645,11.068],[-73.646,11.054],[-73.636,11.042],[-73.65,11.033],[-73.649,11.02],[-73.658,11.005],[-73.665,10.99],[-73.656,10.978],[-73.645,10.968],[-73.644,10.957],[-73.637,10.946],[-73.64,10.929],[-73.635,10.916],[-73.633,10.905],[-73.628,10.893],[-73.615,10.882],[-73.61,10.859],[-73.605,10.847],[-73.602,10.835],[-73.579,10.843],[-73.563,10.847],[-73.544,10.844],[-73.521,10.848],[-73.508,10.853],[-73.494,10.858],[-73.479,10.867],[-73.462,10.859],[-73.449,10.867],[-73.437,10.865],[-73.4,10.866],[-73.389,10.863],[-73.378,10.861],[-73.365,10.86],[-73.345,10.86],[-73.329,10.857],[-73.312,10.846],[-73.298,10.856],[-73.285,10.857],[-73.265,10.845],[-73.264,10.831],[-73.252,10.814],[-73.252,10.799],[-73.259,10.786],[-73.252,10.775],[-73.26,10.758],[-73.27,10.747],[-73.277,10.725],[-73.265,10.731],[-73.25,10.738],[-73.236,10.74],[-73.221,10.734],[-73.212,10.716],[-73.207,10.705],[-73.185,10.711],[-73.171,10.707],[-73.161,10.711],[-73.144,10.695],[-73.132,10.683],[-73.117,10.682],[-73.112,10.667],[-73.099,10.659],[-73.089,10.654],[-73.084,10.642],[-73.085,10.624],[-73.089,10.609],[-73.086,10.59],[-73.099,10.576],[-73.096,10.558],[-73.107,10.541],[-73.125,10.528],[-73.137,10.53],[-73.14,10.516],[-73.145,10.503],[-73.155,10.497],[-73.167,10.491],[-73.174,10.479],[-73.181,10.466],[-73.168,10.461],[-73.154,10.451],[-73.143,10.437],[-73.145,10.423],[-73.146,10.4],[-73.128,10.399],[-73.117,10.405],[-73.099,10.416],[-73.085,10.426],[-73.07,10.423],[-73.059,10.415],[-73.047,10.408],[-73.035,10.405],[-73.018,10.412],[-73.006,10.405],[-72.993,10.401],[-72.978,10.404],[-72.96,10.414],[-72.939,10.427],[-72.908,10.434],[-72.895,10.434]]]}},{"type":"Feature","properties":{"codigo":746,"nombre":"Magdalena","nombre_fuente":"Magdalena"},"geometry":{"type":"Polygon","coordinates":[[[-74.908,10.253],[-74.911,10.232],[-74.944,10.148],[-74.946,10.136],[-74.943,10.122],[-74.924,10.109],[-74.914,10.107],[-74.896,10.108],[-74.883,10.106],[-74.868,10.101],[-74.845,10.084],[-74.831,10.069],[-74.82,10.046],[-74.789,10.016],[-74.786,9.982],[-74.798,9.968],[-74.823,9.965],[-74.84,9.957],[-74.854,9.952],[-74.864,9.94],[-74.871,9.922],[-74.867,9.909],[-74.864,9.891],[-74.855,9.877],[-74.851,9.85],[-74.846,9.835],[-74.849,9.821],[-74.834,9.804],[-74.822,9.794],[-74.809,9.786],[-74.804,9.759],[-74.814,9.739],[-74.808,9.726],[-74.798,9.708],[-74.787,9.697],[-74.803,9.673],[-74.801,9.662],[-74.785,9.648],[-74.772,9.606],[-74.774,9.585],[-74.798,9.556],[-74.805,9.545],[-74.791,9.532],[-74.791,9.516],[-74.798,9.496],[-74.794,9.475],[-74.807,9.465],[-74.806,9.448],[-74.794,9.458],[-74.783,9.463],[-74.77,9.466],[-74.756,9.461],[-74.742,9.447],[-74.738,9.435],[-74.736,9.423],[-74.726,9.418],[-74.698,9.426],[-74.671,9.413],[-74.664,9.393],[-74.648,9.382],[-74.627,9.379],[-74.613,9.36],[-74.615,9.344],[-74.596,9.326],[-74.576,9.32],[-74.564,9.313],[-74.56,9.293],[-74.546,9.274],[-74.535,9.265],[-74.531,9.254],[-74.53,9.242],[-74.517,9.235],[-74.505,9.236],[-74.485,9.252],[-74.475,9.264],[-74.464,9.271],[-74.446,9.269],[-74.434,9.273],[-74.431,9.26],[-74.425,9.246],[-74.414,9.232],[-74.408,9.22],[-74.393,9.214],[-74.377,9.224],[-74.356,9.233],[-74.34,9.23],[-74.297,9.203],[-74.291,9.192],[-74.299,9.169],[-74.292,9.158],[-74.265,9.169],[-74.253,9.167],[-74.236,9.148],[-74.22,9.135],[-74.228,9.124],[-74.212,9.12],[-74.2,9.1],[-74.19,9.094],[-74.176,9.089],[-74.178,9.078],[-74.159,9.072],[-74.158,9.06],[-74.137,9.064],[-74.119,9.049],[-74.134,9.044],[-74.137,9.029],[-74.126,9.03],[-74.115,9.041],[-74.107,9.025],[-74.097,9.021],[-74.076,9.026],[-74.06,9.019],[-74.047,9.025],[-74.045,9.038],[-74.035,9.045],[-74.032,9.031],[-74.02,9.025],[-74.009,9.032],[-73.998,9.02],[-73.985,9.01],[-73.997,9.011],[-74.003,8.998],[-73.991,8.996],[-73.98,8.986],[-73.963,8.996],[-73.952,8.996],[-73.939,8.986],[-73.924,8.979],[-73.906,8.979],[-73.891,8.981],[-73.868,8.941],[-73.87,8.917],[-73.857,8.93],[-73.847,8.949],[-73.848,8.966],[-73.832,8.98],[-73.831,8.997],[-73.825,9.023],[-73.813,9.027],[-73.806,9.04],[-73.798,9.058],[-73.809,9.071],[-73.823,9.079],[-73.848,9.1],[-73.861,9.109],[-73.875,9.131],[-73.875,9.146],[-73.864,9.163],[-73.862,9.177],[-73.872,9.185],[-73.884,9.182],[-73.958,9.187],[-73.96,9.201],[-73.965,9.213],[-73.951,9.243],[-73.951,9.256],[-73.946,9.283],[-73.951,9.295],[-73.978,9.305],[-73.988,9.316],[-73.991,9.327],[-73.99,9.351],[-73.985,9.365],[-73.984,9.383],[-73.992,9.398],[-74.003,9.397],[-74.014,9.409],[-74.025,9.419],[-74.042,9.422],[-74.055,9.429],[-74.07,9.45],[-74.082,9.459],[-74.092,9.466],[-74.098,9.477],[-74.113,9.48],[-74.123,9.484],[-74.134,9.491],[-74.12,9.505],[-74.107,9.519],[-74.096,9.535],[-74.085,9.545],[-74.077,9.556],[-74.07,9.569],[-74.064,9.581],[-74.053,9.59],[-73.805,9.642],[-73.807,9.666],[-73.816,9.678],[-73.81,9.691],[-73.818,9.708],[-73.827,9.72],[-73.837,9.739],[-73.829,9.75],[-73.843,9.797],[-73.855,9.807],[-73.867,9.814],[-73.886,9.831],[-73.904,9.853],[-73.91,9.864],[-73.916,9.875],[-73.924,9.887],[-73.937,9.905],[-73.951,9.914],[-73.958,9.931],[-73.972,9.936],[-73.989,9.935],[-74.013,9.976],[-74.031,9.992],[-74.037,10.005],[-74.05,10.012],[-74.063,10.041],[-74.074,10.052],[-74.081,10.065],[-74.076,10.085],[-74.07,10.097],[-74.068,10.113],[-74.073,10.125],[-74.061,10.138],[-74.063,10.157],[-74.06,10.172],[-74.058,10.183],[-74.048,10.188],[-74.041,10.2],[-74.039,10.21],[-74.038,10.221],[-74.025,10.228],[-74.015,10.234],[-74.011,10.245],[-74.008,10.257],[-73.991,10.267],[-73.978,10.276],[-73.969,10.288],[-73.962,10.301],[-73.962,10.314],[-73.955,10.325],[-73.961,10.336],[-73.948,10.342],[-73.938,10.354],[-73.928,10.361],[-73.921,10.375],[-73.909,10.379],[-73.899,10.381],[-73.887,10.389],[-73.872,10.388],[-73.861,10.392],[-73.848,10.393],[-73.837,10.4],[-73.826,10.397],[-73.819,10.386],[-73.806,10.395],[-73.795,10.392],[-73.785,10.398],[-73.77,10.404],[-73.759,10.413],[-73.746,10.428],[-73.732,10.435],[-73.72,10.434],[-73.706,10.432],[-73.704,10.445],[-73.703,10.459],[-73.691,10.465],[-73.676,10.461],[-73.663,10.456],[-73.651,10.46],[-73.652,10.471],[-73.646,10.482],[-73.646,10.498],[-73.628,10.495],[-73.603,10.5],[-73.584,10.502],[-73.572,10.499],[-73.561,10.509],[-73.565,10.531],[-73.571,10.543],[-73.589,10.549],[-73.594,10.561],[-73.606,10.565],[-73.598,10.577],[-73.595,10.601],[-73.601,10.613],[-73.6,10.625],[-73.597,10.637],[-73.61,10.642],[-73.612,10.667],[-73.601,10.678],[-73.593,10.699],[-73.584,10.717],[-73.569,10.714],[-73.562,10.727],[-73.562,10.741],[-73.548,10.749],[-73.558,10.757],[-73.575,10.768],[-73.587,10.779],[-73.615,10.783],[-73.628,10.79],[-73.638,10.789],[-73.629,10.806],[-73.605,10.83],[-73.601,10.841],[-73.61,10.859],[-73.615,10.882],[-73.628,10.893],[-73.633,10.905],[-73.635,10.916],[-73.64,10.929],[-73.637,10.946],[-73.644,10.957],[-73.642,10.968],[-73.652,10.977],[-73.665,10.99],[-73.658,11.005],[-73.649,11.016],[-73.653,11.031],[-73.637,11.04],[-73.642,11.054],[-73.645,11.068],[-73.643,11.08],[-73.646,11.091],[-73.642,11.103],[-73.643,11.117],[-73.652,11.128],[-73.645,11.144],[-73.634,11.142],[-73.622,11.15],[-73.619,11.161],[-73.608,11.164],[-73.6,11.178],[-73.588,11.183],[-73.582,11.2],[-73.581,11.211],[-73.575,11.222],[-73.568,11.233],[-73.568,11.247],[-73.568,11.258],[-73.593,11.263],[-73.614,11.258],[-73.625,11.258],[-73.64,11.256],[-73.661,11.252],[-73.699,11.261],[-73.714,11.253],[-73.731,11.256],[-73.762,11.265],[-73.772,11.262],[-73.789,11.256],[-73.824,11.264],[-73.849,11.273],[-73.875,11.283],[-73.889,11.295],[-73.907,11.301],[-73.92,11.308],[-73.934,11.313],[-73.945,11.315],[-73.955,11.32],[-73.967,11.332],[-73.979,11.34],[-73.992,11.34],[-74.004,11.342],[-74.021,11.342],[-74.033,11.344],[-74.043,11.348],[-74.054,11.34],[-74.057,11.328],[-74.064,11.339],[-74.075,11.342],[-74.08,11.33],[-74.077,11.319],[-74.088,11.319],[-74.1,11.322],[-74.095,11.332],[-74.105,11.34],[-74.104,11.326],[-74.114,11.323],[-74.124,11.334],[-74.125,11.319],[-74.135,11.316],[-74.142,11.328],[-74.157,11.324],[-74.154,11.313],[-74.147,11.302],[-74.16,11.3],[-74.17,11.3],[-74.18,11.304],[-74.194,11.304],[-74.191,11.292],[-74.199,11.28],[-74.197,11.268],[-74.205,11.258],[-74.22,11.253],[-74.216,11.242],[-74.226,11.229],[-74.237,11.222],[-74.237,11.21],[-74.232,11.192],[-74.24,11.181],[-74.231,11.167],[-74.227,11.15],[-74.229,11.137],[-74.233,11.126],[-74.231,11.115],[-74.221,11.099],[-74.218,11.088],[-74.214,11.072],[-74.229,11.054],[-74.243,11.036],[-74.245,11.025],[-74.261,11.01],[-74.288,10.995],[-74.304,10.985],[-74.348,10.977],[-74.383,10.975],[-74.446,10.976],[-74.497,10.983],[-74.544,10.993],[-74.601,11.009],[-74.65,11.026],[-74.713,11.051],[-74.769,11.076],[-74.793,11.084],[-74.806,11.086],[-74.832,11.099],[-74.847,11.106],[-74.842,11.066],[-74.827,11.048],[-74.791,11.025],[-74.774,11.009],[-74.765,10.996],[-74.758,10.981],[-74.756,10.961],[-74.756,10.942],[-74.742,10.926],[-74.722,10.912],[-74.715,10.898],[-74.713,10.883],[-74.719,10.867],[-74.735,10.856],[-74.74,10.844],[-74.736,10.8],[-74.727,10.781],[-74.727,10.751],[-74.723,10.672],[-74.741,10.656],[-74.745,10.643],[-74.733,10.632],[-74.725,10.615],[-74.725,10.604],[-74.736,10.582],[-74.737,10.548],[-74.755,10.532],[-74.769,10.527],[-74.784,10.514],[-74.796,10.497],[-74.81,10.478],[-74.813,10.441],[-74.816,10.427],[-74.829,10.409],[-74.836,10.385],[-74.855,10.356],[-74.898,10.288],[-74.908,10.253]]]}},{"type":"Feature","properties":{"codigo":753,"nombre":"Meta","nombre_fuente":"Meta"},"geometry":{"type":"Polygon","coordinates":[[[-74.934,2.907],[-74.891,2.907],[-74.87,2.912],[-74.858,2.912],[-74.845,2.91],[-74.835,2.91],[-74.814,2.926],[-74.795,2.933],[-74.785,2.895],[-74.777,2.884],[-74.766,2.877],[-74.716,2.888],[-74.702,2.894],[-74.689,2.894],[-74.677,2.89],[-74.668,2.87],[-74.663,2.855],[-74.662,2.841],[-74.664,2.83],[-74.666,2.811],[-74.643,2.774],[-74.638,2.754],[-74.62,2.752],[-74.619,2.737],[-74.624,2.725],[-74.634,2.714],[-74.636,2.699],[-74.614,2.688],[-74.603,2.682],[-74.591,2.666],[-74.593,2.651],[-74.606,2.636],[-74.639,2.609],[-74.652,2.588],[-74.664,2.578],[-74.677,2.564],[-74.686,2.546],[-74.688,2.532],[-74.651,2.503],[-74.655,2.491],[-74.664,2.475],[-74.667,2.464],[-74.668,2.437],[-74.677,2.423],[-74.689,2.419],[-74.702,2.404],[-74.71,2.381],[-74.727,2.355],[-74.733,2.331],[-74.733,2.313],[-74.729,2.301],[-74.733,2.273],[-74.721,2.262],[-74.71,2.276],[-74.698,2.286],[-74.682,2.288],[-74.686,2.272],[-74.68,2.256],[-74.674,2.235],[-74.664,2.22],[-74.65,2.207],[-74.636,2.203],[-74.598,2.206],[-74.59,2.195],[-74.588,2.183],[-74.592,2.171],[-74.599,2.149],[-74.592,2.114],[-74.596,2.097],[-74.608,2.077],[-74.604,2.046],[-74.603,2.029],[-74.588,2.009],[-74.572,1.968],[-74.568,1.953],[-74.566,1.938],[-74.57,1.925],[-74.562,1.908],[-74.56,1.896],[-74.565,1.886],[-74.566,1.876],[-74.567,1.856],[-74.558,1.846],[-74.541,1.842],[-74.527,1.836],[-74.516,1.833],[-74.504,1.827],[-74.478,1.807],[-74.457,1.808],[-74.426,1.811],[-74.415,1.812],[-74.399,1.803],[-74.39,1.793],[-74.373,1.789],[-74.344,1.791],[-74.317,1.786],[-74.301,1.78],[-74.288,1.772],[-74.275,1.756],[-74.257,1.758],[-74.234,1.763],[-74.215,1.767],[-74.206,1.75],[-74.208,1.727],[-74.207,1.716],[-74.181,1.72],[-74.166,1.717],[-74.153,1.715],[-74.133,1.697],[-74.117,1.696],[-74.105,1.684],[-74.096,1.669],[-74.097,1.651],[-74.081,1.643],[-74.061,1.657],[-74.039,1.662],[-74.028,1.662],[-74.015,1.659],[-74.0,1.658],[-74.0,1.644],[-73.997,1.633],[-73.986,1.607],[-73.974,1.602],[-73.968,1.612],[-73.957,1.625],[-73.949,1.637],[-73.937,1.647],[-73.925,1.643],[-73.895,1.644],[-73.88,1.651],[-73.867,1.651],[-73.853,1.654],[-73.84,1.651],[-73.827,1.648],[-73.817,1.65],[-73.806,1.653],[-73.795,1.654],[-73.782,1.655],[-73.765,1.65],[-73.746,1.643],[-73.733,1.633],[-73.721,1.639],[-73.707,1.633],[-73.695,1.632],[-73.686,1.621],[-73.67,1.616],[-73.659,1.615],[-73.658,1.895],[-73.656,2.295],[-73.645,2.284],[-73.629,2.296],[-73.633,2.309],[-73.635,2.324],[-73.62,2.332],[-73.614,2.342],[-73.625,2.349],[-73.633,2.362],[-73.616,2.378],[-73.598,2.381],[-73.585,2.39],[-73.582,2.377],[-73.586,2.362],[-73.572,2.355],[-73.559,2.368],[-73.54,2.377],[-73.533,2.387],[-73.523,2.384],[-73.523,2.372],[-73.515,2.356],[-73.517,2.335],[-73.505,2.338],[-73.508,2.353],[-73.487,2.357],[-73.474,2.362],[-73.464,2.357],[-73.462,2.343],[-73.452,2.339],[-73.446,2.352],[-73.45,2.362],[-73.456,2.38],[-73.442,2.388],[-73.433,2.37],[-73.431,2.36],[-73.44,2.341],[-73.438,2.327],[-73.424,2.328],[-73.424,2.351],[-73.414,2.356],[-73.397,2.355],[-73.387,2.347],[-73.397,2.333],[-73.382,2.324],[-73.374,2.364],[-73.362,2.368],[-73.349,2.365],[-73.345,2.349],[-73.356,2.339],[-73.358,2.325],[-73.341,2.328],[-73.329,2.344],[-73.336,2.356],[-73.324,2.361],[-73.311,2.346],[-73.301,2.336],[-73.276,2.356],[-73.262,2.359],[-73.246,2.347],[-73.237,2.358],[-73.24,2.37],[-73.259,2.372],[-73.267,2.382],[-73.249,2.382],[-73.227,2.389],[-73.217,2.406],[-73.217,2.391],[-73.2,2.383],[-73.186,2.389],[-73.17,2.402],[-73.167,2.38],[-73.166,2.368],[-73.154,2.366],[-73.139,2.378],[-73.127,2.377],[-73.127,2.39],[-73.138,2.394],[-73.137,2.406],[-73.124,2.412],[-73.114,2.391],[-73.109,2.381],[-73.094,2.394],[-73.082,2.411],[-73.07,2.426],[-73.052,2.429],[-73.041,2.438],[-73.037,2.42],[-73.025,2.42],[-73.013,2.432],[-72.992,2.445],[-72.974,2.452],[-72.963,2.451],[-72.971,2.466],[-72.963,2.48],[-72.937,2.465],[-72.928,2.476],[-72.932,2.494],[-72.95,2.495],[-72.957,2.511],[-72.949,2.523],[-72.933,2.524],[-72.922,2.531],[-72.92,2.55],[-72.919,2.564],[-72.898,2.562],[-72.879,2.576],[-72.868,2.577],[-72.848,2.597],[-72.827,2.607],[-72.811,2.616],[-72.8,2.612],[-72.792,2.593],[-72.769,2.579],[-72.758,2.572],[-72.745,2.569],[-72.733,2.574],[-72.72,2.583],[-72.708,2.608],[-72.699,2.621],[-72.683,2.623],[-72.671,2.616],[-72.663,2.602],[-72.662,2.587],[-72.651,2.572],[-72.642,2.583],[-72.646,2.598],[-72.641,2.612],[-72.622,2.625],[-72.603,2.621],[-72.594,2.606],[-72.597,2.589],[-72.584,2.585],[-72.581,2.597],[-72.582,2.613],[-72.589,2.627],[-72.584,2.646],[-72.56,2.647],[-72.555,2.659],[-72.567,2.664],[-72.57,2.675],[-72.543,2.68],[-72.538,2.7],[-72.52,2.7],[-72.508,2.691],[-72.495,2.687],[-72.484,2.686],[-72.47,2.689],[-72.463,2.703],[-72.463,2.714],[-72.47,2.726],[-72.444,2.734],[-72.424,2.735],[-72.411,2.725],[-72.389,2.736],[-72.372,2.755],[-72.367,2.767],[-72.357,2.781],[-72.336,2.79],[-72.32,2.799],[-72.305,2.795],[-72.301,2.782],[-72.286,2.773],[-72.276,2.777],[-72.265,2.79],[-72.27,2.806],[-72.267,2.819],[-72.247,2.819],[-72.236,2.801],[-72.231,2.79],[-72.215,2.774],[-72.202,2.77],[-72.192,2.772],[-72.185,2.782],[-72.186,2.797],[-72.201,2.812],[-72.207,2.84],[-72.207,2.854],[-72.201,2.868],[-72.184,2.875],[-72.172,2.874],[-72.158,2.865],[-72.143,2.866],[-72.137,2.886],[-72.124,2.887],[-72.113,2.877],[-72.103,2.847],[-72.079,2.822],[-72.065,2.817],[-72.05,2.816],[-72.021,2.829],[-72.004,2.829],[-71.983,2.801],[-71.965,2.825],[-71.944,2.832],[-71.928,2.829],[-71.916,2.827],[-71.887,2.833],[-71.874,2.838],[-71.857,2.841],[-71.829,2.837],[-71.819,2.855],[-71.822,2.868],[-71.834,2.872],[-71.849,2.868],[-71.824,2.878],[-71.8,2.876],[-71.788,2.867],[-71.784,2.853],[-71.79,2.83],[-71.786,2.818],[-71.77,2.829],[-71.76,2.854],[-71.759,2.87],[-71.767,2.889],[-71.754,2.895],[-71.741,2.882],[-71.727,2.86],[-71.711,2.846],[-71.701,2.839],[-71.683,2.85],[-71.683,2.865],[-71.671,2.874],[-71.659,2.87],[-71.66,2.856],[-71.667,2.842],[-71.674,2.829],[-71.653,2.821],[-71.634,2.821],[-71.626,2.838],[-71.607,2.846],[-71.58,2.843],[-71.573,2.853],[-71.584,2.866],[-71.556,2.866],[-71.54,2.866],[-71.53,2.878],[-71.503,2.875],[-71.492,2.869],[-71.486,2.859],[-71.474,2.852],[-71.463,2.86],[-71.464,2.871],[-71.468,2.885],[-71.468,2.895],[-71.458,2.892],[-71.445,2.88],[-71.432,2.871],[-71.416,2.866],[-71.405,2.854],[-71.394,2.846],[-71.383,2.853],[-71.379,2.87],[-71.384,2.883],[-71.368,2.892],[-71.357,2.861],[-71.345,2.86],[-71.333,2.884],[-71.332,2.909],[-71.33,2.92],[-71.319,2.925],[-71.307,2.921],[-71.3,2.905],[-71.299,2.877],[-71.288,2.868],[-71.275,2.869],[-71.267,2.881],[-71.254,2.884],[-71.249,2.864],[-71.224,2.865],[-71.212,2.886],[-71.197,2.889],[-71.185,2.904],[-71.165,2.883],[-71.153,2.872],[-71.142,2.877],[-71.139,2.889],[-71.141,2.9],[-71.129,2.893],[-71.118,2.877],[-71.099,2.874],[-71.081,2.884],[-71.078,3.356],[-71.078,3.577],[-71.077,4.123],[-71.078,4.582],[-71.078,4.925],[-71.082,4.913],[-71.092,4.908],[-71.103,4.9],[-71.105,4.889],[-71.119,4.887],[-71.141,4.869],[-71.156,4.856],[-71.167,4.844],[-71.178,4.838],[-71.196,4.825],[-71.214,4.816],[-71.238,4.815],[-71.263,4.806],[-71.281,4.806],[-71.304,4.796],[-71.312,4.786],[-71.319,4.775],[-71.346,4.769],[-71.356,4.756],[-71.377,4.751],[-71.39,4.757],[-71.405,4.742],[-71.425,4.725],[-71.437,4.718],[-71.464,4.712],[-71.474,4.708],[-71.485,4.707],[-71.508,4.698],[-71.517,4.686],[-71.533,4.681],[-71.555,4.679],[-71.576,4.676],[-71.593,4.655],[-71.603,4.641],[-71.616,4.64],[-71.635,4.623],[-71.653,4.613],[-71.668,4.61],[-71.683,4.601],[-71.719,4.586],[-71.733,4.576],[-71.745,4.575],[-71.767,4.581],[-71.79,4.586],[-71.801,4.586],[-71.82,4.571],[-71.832,4.558],[-71.835,4.543],[-71.845,4.535],[-71.851,4.523],[-71.867,4.515],[-71.89,4.498],[-71.897,4.479],[-71.905,4.467],[-71.919,4.453],[-71.932,4.447],[-71.938,4.436],[-71.957,4.42],[-71.965,4.408],[-71.975,4.393],[-71.986,4.387],[-72.01,4.385],[-72.028,4.386],[-72.051,4.376],[-72.063,4.381],[-72.07,4.396],[-72.07,4.407],[-72.088,4.42],[-72.108,4.426],[-72.123,4.431],[-72.141,4.44],[-72.159,4.442],[-72.17,4.438],[-72.181,4.434],[-72.199,4.429],[-72.209,4.433],[-72.237,4.435],[-72.248,4.433],[-72.253,4.422],[-72.275,4.413],[-72.289,4.415],[-72.298,4.4],[-72.31,4.383],[-72.323,4.369],[-72.334,4.372],[-72.345,4.367],[-72.353,4.344],[-72.375,4.339],[-72.385,4.336],[-72.399,4.322],[-72.413,4.32],[-72.415,4.344],[-72.429,4.355],[-72.452,4.329],[-72.471,4.317],[-72.486,4.331],[-72.508,4.336],[-72.522,4.344],[-72.541,4.341],[-72.561,4.343],[-72.573,4.336],[-72.564,4.324],[-72.565,4.306],[-72.577,4.305],[-72.593,4.313],[-72.608,4.31],[-72.619,4.302],[-72.629,4.301],[-72.65,4.308],[-72.665,4.317],[-72.685,4.314],[-72.689,4.292],[-72.702,4.288],[-72.718,4.297],[-72.733,4.307],[-72.74,4.322],[-72.751,4.33],[-72.764,4.331],[-72.766,4.342],[-72.778,4.351],[-72.768,4.356],[-72.773,4.37],[-72.783,4.374],[-72.799,4.375],[-72.79,4.388],[-72.785,4.4],[-72.803,4.388],[-72.805,4.403],[-72.816,4.415],[-72.81,4.426],[-72.829,4.43],[-72.844,4.431],[-72.843,4.442],[-72.861,4.453],[-72.875,4.462],[-72.89,4.473],[-72.899,4.489],[-72.91,4.504],[-72.926,4.518],[-72.932,4.534],[-72.945,4.549],[-72.962,4.574],[-72.971,4.597],[-72.982,4.61],[-72.998,4.62],[-73.007,4.632],[-73.028,4.656],[-73.041,4.682],[-73.051,4.697],[-73.049,4.731],[-73.124,4.26],[-73.136,4.215],[-73.146,4.216],[-73.169,4.24],[-73.184,4.256],[-73.2,4.269],[-73.214,4.276],[-73.244,4.288],[-73.261,4.291],[-73.271,4.289],[-73.288,4.297],[-73.32,4.304],[-73.351,4.321],[-73.366,4.319],[-73.386,4.319],[-73.398,4.317],[-73.413,4.312],[-73.423,4.306],[-73.444,4.289],[-73.464,4.28],[-73.475,4.28],[-73.485,4.286],[-73.498,4.286],[-73.514,4.292],[-73.526,4.293],[-73.543,4.304],[-73.548,4.329],[-73.554,4.34],[-73.554,4.352],[-73.572,4.374],[-73.572,4.387],[-73.576,4.399],[-73.573,4.42],[-73.589,4.436],[-73.602,4.455],[-73.602,4.471],[-73.601,4.488],[-73.586,4.496],[-73.574,4.52],[-73.582,4.544],[-73.6,4.547],[-73.611,4.556],[-73.632,4.556],[-73.645,4.547],[-73.661,4.545],[-73.681,4.531],[-73.686,4.519],[-73.703,4.519],[-73.725,4.502],[-73.73,4.491],[-73.734,4.475],[-73.741,4.457],[-73.756,4.452],[-73.777,4.448],[-73.792,4.437],[-73.806,4.423],[-73.812,4.408],[-73.81,4.398],[-73.801,4.384],[-73.793,4.359],[-73.784,4.333],[-73.782,4.322],[-73.784,4.302],[-73.768,4.288],[-73.753,4.271],[-73.751,4.259],[-73.759,4.245],[-73.756,4.229],[-73.754,4.211],[-73.742,4.2],[-73.753,4.192],[-73.77,4.196],[-73.795,4.202],[-73.811,4.202],[-73.816,4.191],[-73.818,4.179],[-73.834,4.179],[-73.847,4.176],[-73.86,4.173],[-73.873,4.166],[-73.879,4.155],[-73.897,4.143],[-73.913,4.149],[-73.923,4.144],[-73.933,4.148],[-73.943,4.13],[-73.954,4.113],[-73.971,4.097],[-73.985,4.103],[-73.999,4.102],[-74.013,4.105],[-74.024,4.102],[-74.032,4.092],[-74.037,4.072],[-74.038,4.061],[-74.052,4.065],[-74.063,4.057],[-74.077,4.051],[-74.082,4.039],[-74.093,4.027],[-74.101,4.013],[-74.115,4.01],[-74.126,4.006],[-74.144,4.003],[-74.156,4.007],[-74.164,4.018],[-74.176,4.016],[-74.193,4.012],[-74.207,4.014],[-74.218,4.008],[-74.227,3.997],[-74.234,3.976],[-74.242,3.96],[-74.252,3.949],[-74.257,3.93],[-74.27,3.927],[-74.276,3.911],[-74.293,3.888],[-74.313,3.885],[-74.319,3.874],[-74.305,3.852],[-74.307,3.84],[-74.295,3.832],[-74.297,3.819],[-74.31,3.818],[-74.327,3.818],[-74.337,3.823],[-74.337,3.812],[-74.349,3.808],[-74.363,3.789],[-74.373,3.783],[-74.389,3.773],[-74.388,3.76],[-74.399,3.754],[-74.4,3.74],[-74.412,3.741],[-74.419,3.72],[-74.429,3.706],[-74.455,3.689],[-74.463,3.675],[-74.482,3.662],[-74.493,3.648],[-74.503,3.641],[-74.512,3.623],[-74.518,3.6],[-74.529,3.58],[-74.535,3.558],[-74.554,3.535],[-74.571,3.525],[-74.585,3.528],[-74.603,3.51],[-74.617,3.486],[-74.626,3.475],[-74.632,3.463],[-74.618,3.456],[-74.611,3.438],[-74.615,3.425],[-74.613,3.411],[-74.633,3.376],[-74.637,3.359],[-74.62,3.341],[-74.616,3.326],[-74.629,3.311],[-74.63,3.296],[-74.624,3.283],[-74.635,3.274],[-74.65,3.254],[-74.661,3.236],[-74.665,3.223],[-74.67,3.201],[-74.683,3.186],[-74.694,3.181],[-74.713,3.181],[-74.715,3.169],[-74.722,3.156],[-74.725,3.141],[-74.74,3.129],[-74.75,3.118],[-74.759,3.099],[-74.775,3.088],[-74.789,3.087],[-74.788,3.072],[-74.792,3.061],[-74.81,3.055],[-74.841,3.01],[-74.853,2.996],[-74.868,2.986],[-74.878,2.974],[-74.892,2.964],[-74.903,2.94],[-74.918,2.926],[-74.926,2.915],[-74.934,2.907]]]}},{"type":"Feature","properties":{"codigo":739,"nombre":"Nariño","nombre_fuente":"Nariño"},"geometry":{"type":"MultiPolygon","coordinates":[[[[-78.754,1.819],[-78.755,1.807],[-78.744,1.807],[-78.734,1.817],[-78.722,1.824],[-78.735,1.83],[-78.754,1.819]]],[[[-78.82,1.464],[-78.833,1.458],[-78.817,1.455],[-78.82,1.464]]],[[[-76.921,1.346],[-76.925,1.356],[-76.927,1.366],[-76.93,1.38],[-76.932,1.399],[-76.924,1.41],[-76.918,1.43],[-76.924,1.441],[-76.922,1.452],[-76.926,1.466],[-76.929,1.483],[-76.927,1.494],[-76.917,1.499],[-76.907,1.51],[-76.896,1.516],[-76.883,1.523],[-76.865,1.521],[-76.851,1.534],[-76.857,1.564],[-76.841,1.585],[-76.84,1.598],[-76.835,1.615],[-76.844,1.627],[-76.854,1.637],[-76.87,1.64],[-76.889,1.656],[-76.902,1.663],[-76.911,1.68],[-76.916,1.696],[-76.925,1.708],[-76.926,1.719],[-76.936,1.729],[-76.954,1.722],[-76.966,1.714],[-76.988,1.714],[-77.0,1.708],[-77.016,1.715],[-77.037,1.707],[-77.051,1.701],[-77.061,1.688],[-77.069,1.677],[-77.088,1.665],[-77.123,1.661],[-77.137,1.655],[-77.144,1.667],[-77.149,1.68],[-77.16,1.679],[-77.171,1.676],[-77.184,1.675],[-77.201,1.671],[-77.211,1.672],[-77.222,1.668],[-77.232,1.661],[-77.242,1.66],[-77.253,1.668],[-77.263,1.67],[-77.274,1.664],[-77.282,1.674],[-77.293,1.67],[-77.308,1.675],[-77.322,1.679],[-77.326,1.692],[-77.316,1.714],[-77.312,1.724],[-77.304,1.74],[-77.298,1.753],[-77.294,1.766],[-77.304,1.786],[-77.303,1.797],[-77.301,1.815],[-77.294,1.831],[-77.287,1.845],[-77.28,1.86],[-77.256,1.869],[-77.247,1.88],[-77.244,1.897],[-77.246,1.907],[-77.231,1.915],[-77.219,1.918],[-77.218,1.935],[-77.208,1.941],[-77.203,1.951],[-77.21,1.972],[-77.221,1.988],[-77.247,1.993],[-77.26,1.995],[-77.274,2.007],[-77.281,2.021],[-77.303,2.028],[-77.331,2.05],[-77.333,2.061],[-77.32,2.072],[-77.316,2.088],[-77.308,2.107],[-77.308,2.125],[-77.309,2.137],[-77.308,2.155],[-77.314,2.165],[-77.318,2.182],[-77.313,2.193],[-77.319,2.211],[-77.323,2.222],[-77.34,2.237],[-77.352,2.257],[-77.375,2.264],[-77.386,2.256],[-77.402,2.264],[-77.418,2.273],[-77.432,2.282],[-77.444,2.285],[-77.459,2.286],[-77.468,2.275],[-77.479,2.274],[-77.479,2.264],[-77.473,2.251],[-77.479,2.236],[-77.488,2.216],[-77.485,2.202],[-77.501,2.193],[-77.521,2.2],[-77.539,2.197],[-77.556,2.203],[-77.569,2.187],[-77.581,2.179],[-77.593,2.174],[-77.604,2.165],[-77.646,2.169],[-77.665,2.158],[-77.679,2.158],[-77.698,2.154],[-77.722,2.141],[-77.739,2.134],[-77.751,2.141],[-77.781,2.148],[-77.798,2.164],[-77.821,2.178],[-77.831,2.176],[-77.849,2.191],[-77.853,2.205],[-77.847,2.232],[-77.848,2.261],[-77.861,2.268],[-77.866,2.284],[-77.873,2.294],[-77.879,2.313],[-77.883,2.325],[-77.884,2.348],[-77.89,2.359],[-77.895,2.375],[-77.9,2.394],[-77.915,2.406],[-77.919,2.417],[-77.918,2.431],[-77.917,2.455],[-77.923,2.469],[-77.925,2.482],[-77.926,2.51],[-77.918,2.526],[-77.915,2.544],[-77.916,2.594],[-77.917,2.607],[-77.924,2.621],[-77.928,2.64],[-77.933,2.624],[-77.947,2.627],[-77.963,2.642],[-77.975,2.642],[-77.963,2.65],[-77.971,2.662],[-77.986,2.657],[-77.998,2.654],[-78.01,2.653],[-78.013,2.642],[-78.027,2.646],[-78.039,2.644],[-78.057,2.618],[-78.051,2.597],[-78.041,2.591],[-78.031,2.581],[-78.031,2.567],[-78.046,2.561],[-78.06,2.559],[-78.071,2.577],[-78.057,2.595],[-78.071,2.61],[-78.076,2.621],[-78.081,2.636],[-78.096,2.647],[-78.109,2.635],[-78.113,2.624],[-78.123,2.629],[-78.123,2.642],[-78.14,2.644],[-78.143,2.655],[-78.141,2.672],[-78.151,2.683],[-78.161,2.678],[-78.174,2.675],[-78.196,2.669],[-78.208,2.669],[-78.198,2.648],[-78.188,2.638],[-78.193,2.623],[-78.186,2.612],[-78.179,2.587],[-78.194,2.597],[-78.219,2.613],[-78.226,2.626],[-78.237,2.63],[-78.243,2.641],[-78.241,2.66],[-78.257,2.662],[-78.276,2.655],[-78.297,2.657],[-78.304,2.646],[-78.287,2.614],[-78.297,2.599],[-78.311,2.588],[-78.323,2.588],[-78.326,2.601],[-78.334,2.616],[-78.34,2.628],[-78.331,2.641],[-78.329,2.652],[-78.348,2.649],[-78.375,2.634],[-78.396,2.604],[-78.412,2.601],[-78.432,2.599],[-78.449,2.595],[-78.452,2.584],[-78.465,2.565],[-78.478,2.554],[-78.489,2.545],[-78.504,2.527],[-78.508,2.514],[-78.502,2.502],[-78.511,2.49],[-78.513,2.501],[-78.524,2.499],[-78.538,2.497],[-78.552,2.479],[-78.556,2.462],[-78.555,2.448],[-78.565,2.436],[-78.567,2.447],[-78.601,2.399],[-78.611,2.387],[-78.619,2.373],[-78.615,2.349],[-78.632,2.318],[-78.657,2.281],[-78.667,2.271],[-78.659,2.257],[-78.67,2.247],[-78.68,2.246],[-78.685,2.233],[-78.69,2.219],[-78.692,2.206],[-78.698,2.194],[-78.711,2.173],[-78.707,2.162],[-78.703,2.115],[-78.682,2.126],[-78.67,2.121],[-78.66,2.098],[-78.67,2.101],[-78.688,2.107],[-78.689,2.095],[-78.679,2.059],[-78.665,2.049],[-78.651,2.05],[-78.669,2.043],[-78.668,2.018],[-78.668,1.996],[-78.674,1.98],[-78.66,1.976],[-78.647,1.98],[-78.638,1.996],[-78.637,2.012],[-78.624,2.001],[-78.611,1.998],[-78.601,1.994],[-78.597,1.98],[-78.586,1.972],[-78.588,1.958],[-78.598,1.95],[-78.601,1.934],[-78.6,1.919],[-78.599,1.905],[-78.597,1.894],[-78.584,1.898],[-78.573,1.902],[-78.553,1.901],[-78.549,1.89],[-78.546,1.873],[-78.544,1.857],[-78.542,1.841],[-78.549,1.827],[-78.547,1.807],[-78.531,1.799],[-78.549,1.799],[-78.561,1.794],[-78.562,1.762],[-78.565,1.748],[-78.582,1.741],[-78.57,1.748],[-78.575,1.761],[-78.589,1.771],[-78.601,1.745],[-78.6,1.769],[-78.607,1.784],[-78.596,1.788],[-78.607,1.795],[-78.625,1.791],[-78.642,1.79],[-78.653,1.793],[-78.655,1.782],[-78.673,1.787],[-78.683,1.785],[-78.676,1.76],[-78.686,1.749],[-78.681,1.763],[-78.69,1.775],[-78.694,1.786],[-78.695,1.774],[-78.707,1.778],[-78.713,1.79],[-78.717,1.767],[-78.719,1.75],[-78.727,1.739],[-78.741,1.746],[-78.731,1.749],[-78.727,1.76],[-78.736,1.77],[-78.726,1.763],[-78.732,1.779],[-78.738,1.796],[-78.752,1.801],[-78.764,1.808],[-78.759,1.82],[-78.776,1.817],[-78.764,1.817],[-78.775,1.807],[-78.786,1.801],[-78.797,1.806],[-78.799,1.816],[-78.814,1.817],[-78.81,1.807],[-78.823,1.815],[-78.841,1.811],[-78.857,1.8],[-78.871,1.793],[-78.891,1.768],[-78.917,1.748],[-78.928,1.738],[-78.938,1.722],[-78.954,1.695],[-78.955,1.683],[-78.968,1.675],[-78.989,1.669],[-79.002,1.66],[-79.003,1.646],[-78.989,1.647],[-79.004,1.639],[-78.996,1.61],[-78.982,1.602],[-78.97,1.599],[-78.943,1.579],[-78.93,1.562],[-78.915,1.562],[-78.904,1.542],[-78.892,1.544],[-78.882,1.554],[-78.871,1.555],[-78.874,1.541],[-78.866,1.53],[-78.874,1.517],[-78.872,1.504],[-78.865,1.492],[-78.851,1.477],[-78.841,1.478],[-78.819,1.473],[-78.809,1.481],[-78.814,1.468],[-78.82,1.458],[-78.809,1.455],[-78.806,1.444],[-78.79,1.444],[-78.793,1.431],[-78.792,1.413],[-78.782,1.415],[-78.769,1.415],[-78.781,1.414],[-78.779,1.395],[-78.768,1.391],[-78.757,1.394],[-78.747,1.379],[-78.731,1.368],[-78.72,1.369],[-78.71,1.359],[-78.703,1.349],[-78.702,1.338],[-78.69,1.331],[-78.679,1.329],[-78.671,1.318],[-78.66,1.312],[-78.657,1.302],[-78.653,1.292],[-78.648,1.277],[-78.64,1.265],[-78.63,1.265],[-78.625,1.254],[-78.615,1.246],[-78.604,1.25],[-78.556,1.25],[-78.544,1.244],[-78.547,1.23],[-78.531,1.224],[-78.521,1.221],[-78.515,1.204],[-78.517,1.19],[-78.505,1.197],[-78.492,1.196],[-78.49,1.185],[-78.479,1.194],[-78.47,1.183],[-78.457,1.178],[-78.445,1.183],[-78.439,1.194],[-78.429,1.181],[-78.426,1.171],[-78.434,1.16],[-78.433,1.144],[-78.418,1.138],[-78.417,1.149],[-78.418,1.16],[-78.407,1.16],[-78.395,1.153],[-78.382,1.16],[-78.381,1.17],[-78.368,1.176],[-78.357,1.177],[-78.345,1.183],[-78.33,1.184],[-78.325,1.196],[-78.314,1.19],[-78.308,1.18],[-78.296,1.172],[-78.295,1.161],[-78.296,1.15],[-78.291,1.139],[-78.289,1.127],[-78.28,1.115],[-78.265,1.112],[-78.264,1.1],[-78.253,1.102],[-78.256,1.09],[-78.252,1.08],[-78.262,1.082],[-78.274,1.075],[-78.277,1.062],[-78.271,1.047],[-78.26,1.041],[-78.25,1.028],[-78.24,1.028],[-78.235,1.018],[-78.223,1.011],[-78.213,1.005],[-78.202,0.997],[-78.195,0.985],[-78.195,0.973],[-78.191,0.961],[-78.201,0.95],[-78.185,0.937],[-78.173,0.935],[-78.159,0.925],[-78.145,0.927],[-78.121,0.936],[-78.107,0.928],[-78.107,0.918],[-78.099,0.905],[-78.088,0.897],[-78.073,0.896],[-78.06,0.889],[-78.042,0.88],[-78.031,0.878],[-78.021,0.875],[-78.004,0.859],[-77.985,0.853],[-77.977,0.837],[-77.965,0.832],[-77.954,0.824],[-77.936,0.816],[-77.921,0.813],[-77.911,0.811],[-77.893,0.811],[-77.873,0.805],[-77.862,0.803],[-77.851,0.803],[-77.84,0.804],[-77.828,0.806],[-77.815,0.816],[-77.807,0.827],[-77.789,0.836],[-77.778,0.836],[-77.767,0.838],[-77.752,0.837],[-77.741,0.836],[-77.726,0.847],[-77.715,0.849],[-77.705,0.843],[-77.695,0.84],[-77.687,0.83],[-77.676,0.824],[-77.665,0.818],[-77.669,0.804],[-77.677,0.792],[-77.661,0.79],[-77.672,0.78],[-77.683,0.776],[-77.691,0.765],[-77.693,0.751],[-77.697,0.74],[-77.675,0.737],[-77.674,0.721],[-77.67,0.711],[-77.659,0.704],[-77.646,0.703],[-77.631,0.698],[-77.619,0.691],[-77.608,0.686],[-77.602,0.675],[-77.589,0.674],[-77.577,0.66],[-77.565,0.652],[-77.551,0.651],[-77.536,0.653],[-77.526,0.656],[-77.511,0.657],[-77.497,0.658],[-77.485,0.656],[-77.482,0.645],[-77.478,0.632],[-77.479,0.62],[-77.481,0.605],[-77.488,0.585],[-77.498,0.58],[-77.503,0.568],[-77.511,0.55],[-77.518,0.539],[-77.52,0.525],[-77.52,0.512],[-77.516,0.495],[-77.521,0.483],[-77.525,0.471],[-77.518,0.453],[-77.518,0.437],[-77.519,0.421],[-77.529,0.408],[-77.459,0.428],[-77.444,0.438],[-77.434,0.435],[-77.419,0.435],[-77.42,0.421],[-77.412,0.409],[-77.398,0.401],[-77.393,0.391],[-77.379,0.385],[-77.383,0.395],[-77.371,0.401],[-77.359,0.393],[-77.34,0.391],[-77.326,0.389],[-77.312,0.381],[-77.302,0.368],[-77.292,0.366],[-77.282,0.364],[-77.27,0.364],[-77.259,0.369],[-77.249,0.365],[-77.238,0.366],[-77.226,0.363],[-77.215,0.363],[-77.2,0.368],[-77.192,0.38],[-77.179,0.39],[-77.166,0.39],[-77.152,0.379],[-77.135,0.375],[-77.125,0.377],[-77.113,0.372],[-77.113,0.382],[-77.1,0.379],[-77.097,0.396],[-77.094,0.414],[-77.089,0.426],[-77.102,0.428],[-77.108,0.443],[-77.102,0.46],[-77.105,0.478],[-77.117,0.484],[-77.117,0.495],[-77.124,0.505],[-77.122,0.515],[-77.13,0.526],[-77.131,0.538],[-77.13,0.55],[-77.119,0.562],[-77.119,0.579],[-77.117,0.59],[-77.126,0.602],[-77.14,0.604],[-77.157,0.606],[-77.17,0.613],[-77.187,0.631],[-77.14,0.82],[-77.118,0.827],[-77.102,0.834],[-77.108,0.844],[-77.117,0.854],[-77.116,0.865],[-77.116,0.876],[-77.119,0.901],[-77.108,0.904],[-77.09,0.915],[-77.084,0.929],[-77.078,0.941],[-77.074,0.952],[-77.078,0.963],[-77.066,0.974],[-77.048,0.978],[-77.039,0.993],[-77.029,0.996],[-77.027,1.012],[-77.034,1.028],[-77.039,1.046],[-77.053,1.034],[-77.064,1.042],[-77.065,1.053],[-77.083,1.063],[-77.095,1.083],[-77.091,1.107],[-77.091,1.118],[-77.095,1.132],[-77.097,1.164],[-77.089,1.174],[-77.092,1.184],[-77.103,1.189],[-77.115,1.194],[-77.122,1.215],[-77.106,1.216],[-77.09,1.219],[-77.076,1.236],[-77.071,1.25],[-77.054,1.262],[-77.049,1.272],[-77.037,1.274],[-77.022,1.284],[-77.012,1.286],[-77.002,1.299],[-76.991,1.302],[-76.979,1.305],[-76.979,1.315],[-76.964,1.311],[-76.951,1.3],[-76.945,1.289],[-76.934,1.286],[-76.927,1.274],[-76.916,1.281],[-76.904,1.298],[-76.906,1.31],[-76.904,1.321],[-76.915,1.333],[-76.921,1.346]]],[[[-78.631,2.328],[-78.625,2.339],[-78.623,2.354],[-78.632,2.331],[-78.631,2.328]]],[[[-78.047,2.588],[-78.067,2.578],[-78.059,2.566],[-78.039,2.567],[-78.035,2.584],[-78.047,2.588]]]]}},{"type":"Feature","properties":{"codigo":749,"nombre":"Norte de Santander","nombre_fuente":"Norte de Santander"},"geometry":{"type":"Polygon","coordinates":[[[-73.637,7.749],[-73.622,7.74],[-73.608,7.729],[-73.593,7.727],[-73.575,7.726],[-73.566,7.713],[-73.547,7.689],[-73.555,7.678],[-73.545,7.665],[-73.53,7.667],[-73.518,7.655],[-73.517,7.637],[-73.503,7.62],[-73.498,7.608],[-73.492,7.594],[-73.476,7.585],[-73.465,7.575],[-73.441,7.574],[-73.428,7.569],[-73.417,7.57],[-73.406,7.566],[-73.396,7.571],[-73.385,7.58],[-73.375,7.569],[-73.364,7.554],[-73.355,7.544],[-73.32,7.548],[-73.297,7.547],[-73.283,7.55],[-73.269,7.54],[-73.261,7.529],[-73.252,7.543],[-73.248,7.56],[-73.258,7.579],[-73.246,7.599],[-73.241,7.611],[-73.234,7.621],[-73.221,7.633],[-73.21,7.627],[-73.197,7.627],[-73.181,7.62],[-73.165,7.626],[-73.131,7.614],[-73.117,7.61],[-73.1,7.62],[-73.089,7.61],[-73.078,7.612],[-73.064,7.61],[-73.048,7.607],[-73.039,7.621],[-73.028,7.623],[-73.01,7.623],[-72.998,7.618],[-72.988,7.618],[-72.985,7.606],[-72.989,7.586],[-72.987,7.563],[-72.985,7.55],[-72.977,7.539],[-72.97,7.523],[-72.957,7.519],[-72.945,7.515],[-72.931,7.504],[-72.922,7.492],[-72.91,7.488],[-72.902,7.477],[-72.902,7.446],[-72.9,7.435],[-72.892,7.42],[-72.877,7.406],[-72.874,7.392],[-72.852,7.373],[-72.855,7.362],[-72.841,7.362],[-72.84,7.35],[-72.84,7.331],[-72.84,7.321],[-72.838,7.307],[-72.847,7.295],[-72.863,7.283],[-72.87,7.273],[-72.868,7.257],[-72.865,7.246],[-72.866,7.234],[-72.858,7.222],[-72.842,7.206],[-72.832,7.208],[-72.842,7.193],[-72.841,7.173],[-72.859,7.155],[-72.856,7.14],[-72.844,7.125],[-72.835,7.106],[-72.835,7.095],[-72.819,7.09],[-72.822,7.077],[-72.811,7.075],[-72.8,7.072],[-72.793,7.053],[-72.78,7.052],[-72.764,7.061],[-72.75,7.06],[-72.757,7.048],[-72.751,7.035],[-72.743,7.012],[-72.742,6.997],[-72.726,6.994],[-72.722,7.006],[-72.71,7.006],[-72.698,7.0],[-72.685,7.01],[-72.679,6.997],[-72.671,6.979],[-72.66,6.981],[-72.657,6.992],[-72.638,6.989],[-72.621,6.987],[-72.599,6.99],[-72.589,6.999],[-72.574,7.002],[-72.563,7.001],[-72.552,6.987],[-72.553,6.969],[-72.543,6.953],[-72.542,6.935],[-72.552,6.923],[-72.551,6.912],[-72.549,6.897],[-72.537,6.889],[-72.516,6.882],[-72.507,6.906],[-72.496,6.921],[-72.483,6.93],[-72.472,6.912],[-72.462,6.901],[-72.442,6.892],[-72.431,6.883],[-72.419,6.879],[-72.406,6.873],[-72.392,6.873],[-72.379,6.883],[-72.362,6.894],[-72.349,6.893],[-72.337,6.91],[-72.327,6.92],[-72.307,6.945],[-72.302,6.963],[-72.294,6.986],[-72.281,7.011],[-72.268,7.01],[-72.256,7.009],[-72.255,6.985],[-72.237,6.98],[-72.219,6.986],[-72.213,7.001],[-72.2,7.007],[-72.204,7.024],[-72.198,7.043],[-72.185,7.053],[-72.175,7.055],[-72.159,7.047],[-72.154,7.035],[-72.139,7.034],[-72.121,7.031],[-72.095,7.037],[-72.082,7.045],[-72.058,7.038],[-72.048,7.038],[-72.174,7.252],[-72.171,7.269],[-72.172,7.288],[-72.165,7.303],[-72.16,7.32],[-72.172,7.345],[-72.184,7.363],[-72.189,7.375],[-72.202,7.386],[-72.214,7.391],[-72.242,7.392],[-72.252,7.38],[-72.262,7.381],[-72.278,7.384],[-72.294,7.391],[-72.304,7.39],[-72.32,7.377],[-72.338,7.388],[-72.354,7.397],[-72.372,7.396],[-72.386,7.395],[-72.439,7.403],[-72.442,7.421],[-72.441,7.432],[-72.442,7.446],[-72.447,7.462],[-72.456,7.473],[-72.47,7.483],[-72.473,7.497],[-72.474,7.512],[-72.471,7.523],[-72.468,7.533],[-72.457,7.545],[-72.453,7.56],[-72.454,7.572],[-72.46,7.587],[-72.467,7.599],[-72.472,7.623],[-72.474,7.641],[-72.473,7.652],[-72.475,7.663],[-72.475,7.681],[-72.474,7.698],[-72.472,7.712],[-72.471,7.734],[-72.472,7.746],[-72.474,7.759],[-72.468,7.777],[-72.47,7.789],[-72.465,7.8],[-72.455,7.809],[-72.449,7.822],[-72.448,7.834],[-72.446,7.846],[-72.444,7.858],[-72.448,7.871],[-72.457,7.882],[-72.459,7.901],[-72.461,7.912],[-72.473,7.924],[-72.484,7.931],[-72.488,7.944],[-72.475,7.955],[-72.463,7.963],[-72.45,7.966],[-72.44,7.98],[-72.433,7.992],[-72.419,7.995],[-72.421,8.009],[-72.412,8.021],[-72.416,8.034],[-72.403,8.035],[-72.389,8.035],[-72.378,8.03],[-72.365,8.018],[-72.354,8.007],[-72.347,8.018],[-72.354,8.032],[-72.348,8.046],[-72.348,8.058],[-72.352,8.072],[-72.358,8.089],[-72.371,8.094],[-72.372,8.105],[-72.368,8.117],[-72.362,8.128],[-72.362,8.14],[-72.364,8.151],[-72.354,8.155],[-72.354,8.166],[-72.362,8.178],[-72.364,8.19],[-72.369,8.201],[-72.375,8.215],[-72.384,8.232],[-72.387,8.242],[-72.386,8.253],[-72.389,8.269],[-72.388,8.28],[-72.387,8.291],[-72.384,8.302],[-72.382,8.316],[-72.393,8.321],[-72.395,8.332],[-72.395,8.344],[-72.392,8.357],[-72.403,8.355],[-72.407,8.367],[-72.42,8.383],[-72.61,8.579],[-72.613,8.59],[-72.628,8.598],[-72.639,8.608],[-72.655,8.615],[-72.698,8.806],[-72.719,8.935],[-72.747,9.014],[-72.763,9.077],[-72.772,9.09],[-72.766,9.106],[-72.777,9.106],[-72.788,9.113],[-72.798,9.108],[-72.797,9.12],[-72.811,9.121],[-72.812,9.135],[-72.822,9.141],[-72.822,9.125],[-72.835,9.122],[-72.846,9.13],[-72.867,9.129],[-72.881,9.133],[-72.885,9.117],[-72.887,9.103],[-72.897,9.098],[-72.908,9.097],[-72.919,9.094],[-72.932,9.083],[-72.948,9.092],[-72.948,9.106],[-72.958,9.111],[-72.965,9.126],[-72.987,9.142],[-72.974,9.154],[-72.963,9.166],[-72.956,9.181],[-72.964,9.199],[-72.971,9.213],[-72.983,9.221],[-72.994,9.22],[-72.988,9.238],[-72.986,9.253],[-72.997,9.261],[-72.994,9.271],[-73.006,9.275],[-73.003,9.286],[-73.026,9.286],[-73.036,9.282],[-73.04,9.271],[-73.045,9.261],[-73.056,9.261],[-73.07,9.265],[-73.078,9.251],[-73.079,9.239],[-73.089,9.23],[-73.099,9.227],[-73.111,9.23],[-73.123,9.227],[-73.136,9.218],[-73.147,9.212],[-73.15,9.199],[-73.163,9.192],[-73.172,9.18],[-73.185,9.175],[-73.196,9.178],[-73.207,9.181],[-73.222,9.179],[-73.235,9.174],[-73.248,9.16],[-73.263,9.161],[-73.276,9.165],[-73.301,9.171],[-73.317,9.169],[-73.328,9.17],[-73.347,9.173],[-73.348,9.184],[-73.35,9.2],[-73.347,9.211],[-73.357,9.202],[-73.36,9.187],[-73.368,9.161],[-73.38,9.153],[-73.393,9.157],[-73.407,9.161],[-73.417,9.131],[-73.428,9.107],[-73.421,9.094],[-73.415,9.057],[-73.417,9.032],[-73.422,9.019],[-73.433,9.001],[-73.439,8.975],[-73.432,8.941],[-73.431,8.926],[-73.426,8.898],[-73.433,8.873],[-73.448,8.871],[-73.445,8.854],[-73.429,8.834],[-73.428,8.822],[-73.423,8.799],[-73.418,8.788],[-73.415,8.775],[-73.419,8.764],[-73.439,8.761],[-73.458,8.75],[-73.471,8.728],[-73.474,8.711],[-73.489,8.697],[-73.505,8.687],[-73.515,8.672],[-73.522,8.658],[-73.522,8.643],[-73.51,8.634],[-73.51,8.62],[-73.513,8.605],[-73.517,8.585],[-73.515,8.571],[-73.509,8.553],[-73.517,8.527],[-73.529,8.529],[-73.545,8.518],[-73.555,8.507],[-73.575,8.506],[-73.575,8.491],[-73.562,8.491],[-73.552,8.476],[-73.534,8.477],[-73.521,8.482],[-73.5,8.48],[-73.48,8.473],[-73.472,8.46],[-73.472,8.448],[-73.488,8.436],[-73.497,8.411],[-73.51,8.4],[-73.519,8.387],[-73.494,8.384],[-73.483,8.381],[-73.478,8.366],[-73.463,8.363],[-73.459,8.348],[-73.442,8.341],[-73.437,8.353],[-73.433,8.366],[-73.421,8.367],[-73.409,8.367],[-73.398,8.376],[-73.398,8.39],[-73.404,8.408],[-73.402,8.421],[-73.411,8.433],[-73.415,8.453],[-73.404,8.456],[-73.391,8.46],[-73.377,8.461],[-73.371,8.445],[-73.36,8.432],[-73.353,8.417],[-73.356,8.405],[-73.346,8.391],[-73.353,8.366],[-73.352,8.354],[-73.35,8.333],[-73.375,8.32],[-73.374,8.307],[-73.377,8.292],[-73.37,8.277],[-73.376,8.265],[-73.388,8.258],[-73.4,8.246],[-73.409,8.233],[-73.408,8.219],[-73.41,8.205],[-73.415,8.192],[-73.429,8.182],[-73.43,8.159],[-73.435,8.147],[-73.416,8.132],[-73.408,8.115],[-73.398,8.115],[-73.384,8.111],[-73.375,8.098],[-73.375,8.085],[-73.373,8.073],[-73.376,8.053],[-73.372,8.042],[-73.366,8.023],[-73.352,8.018],[-73.332,8.022],[-73.309,8.016],[-73.301,8.004],[-73.298,7.984],[-73.281,7.993],[-73.276,7.959],[-73.276,7.945],[-73.287,7.933],[-73.302,7.923],[-73.304,7.908],[-73.32,7.908],[-73.33,7.904],[-73.347,7.899],[-73.35,7.88],[-73.353,7.868],[-73.35,7.855],[-73.346,7.83],[-73.344,7.818],[-73.351,7.795],[-73.363,7.777],[-73.373,7.77],[-73.385,7.759],[-73.397,7.749],[-73.405,7.734],[-73.409,7.72],[-73.423,7.709],[-73.441,7.695],[-73.455,7.695],[-73.469,7.684],[-73.481,7.681],[-73.509,7.685],[-73.519,7.697],[-73.525,7.708],[-73.54,7.71],[-73.552,7.713],[-73.56,7.728],[-73.572,7.733],[-73.585,7.74],[-73.613,7.743],[-73.629,7.747],[-73.637,7.749]]]}},{"type":"Feature","properties":{"codigo":740,"nombre":"Putumayo","nombre_fuente":"Putumayo"},"geometry":{"type":"Polygon","coordinates":[[[-73.841,-0.398],[-73.864,-0.378],[-73.883,-0.369],[-73.928,-0.359],[-73.948,-0.353],[-73.966,-0.349],[-73.985,-0.348],[-74.005,-0.342],[-74.018,-0.331],[-74.022,-0.321],[-74.039,-0.307],[-74.04,-0.282],[-74.05,-0.271],[-74.07,-0.281],[-74.084,-0.279],[-74.093,-0.26],[-74.106,-0.242],[-74.119,-0.232],[-74.134,-0.234],[-74.146,-0.241],[-74.155,-0.261],[-74.172,-0.267],[-74.187,-0.261],[-74.188,-0.246],[-74.19,-0.225],[-74.201,-0.209],[-74.215,-0.209],[-74.221,-0.231],[-74.234,-0.238],[-74.249,-0.225],[-74.267,-0.217],[-74.277,-0.208],[-74.288,-0.202],[-74.289,-0.185],[-74.283,-0.173],[-74.267,-0.162],[-74.263,-0.151],[-74.274,-0.139],[-74.296,-0.148],[-74.316,-0.136],[-74.327,-0.119],[-74.349,-0.107],[-74.369,-0.111],[-74.4,-0.115],[-74.437,-0.137],[-74.449,-0.139],[-74.446,-0.129],[-74.431,-0.118],[-74.422,-0.104],[-74.429,-0.086],[-74.441,-0.074],[-74.454,-0.071],[-74.462,-0.084],[-74.462,-0.109],[-74.469,-0.121],[-74.479,-0.136],[-74.496,-0.138],[-74.508,-0.129],[-74.505,-0.109],[-74.516,-0.089],[-74.528,-0.088],[-74.534,-0.101],[-74.523,-0.118],[-74.543,-0.12],[-74.576,-0.112],[-74.589,-0.105],[-74.633,-0.088],[-74.619,-0.076],[-74.615,-0.061],[-74.628,-0.046],[-74.645,-0.038],[-74.673,-0.062],[-74.681,-0.048],[-74.668,-0.042],[-74.656,-0.028],[-74.656,-0.011],[-74.67,0.004],[-74.679,0.015],[-74.691,0.021],[-74.704,0.038],[-74.682,0.042],[-74.672,0.048],[-74.658,0.058],[-74.655,0.072],[-74.667,0.082],[-74.679,0.083],[-74.692,0.079],[-74.704,0.082],[-74.712,0.097],[-74.696,0.089],[-74.681,0.09],[-74.672,0.109],[-74.672,0.124],[-74.675,0.138],[-74.677,0.159],[-74.685,0.169],[-74.703,0.184],[-74.711,0.197],[-74.726,0.207],[-74.751,0.212],[-74.767,0.213],[-74.787,0.209],[-74.814,0.217],[-74.828,0.213],[-74.846,0.215],[-74.864,0.224],[-74.882,0.243],[-74.904,0.252],[-74.927,0.251],[-74.944,0.242],[-74.96,0.242],[-74.98,0.263],[-74.994,0.271],[-75.004,0.273],[-75.011,0.284],[-75.003,0.298],[-74.985,0.302],[-74.983,0.322],[-74.998,0.333],[-75.017,0.385],[-75.0,0.393],[-74.986,0.399],[-74.984,0.415],[-75.005,0.439],[-75.008,0.453],[-75.019,0.476],[-75.032,0.483],[-75.043,0.479],[-75.059,0.485],[-75.072,0.486],[-75.094,0.474],[-75.104,0.473],[-75.097,0.486],[-75.095,0.498],[-75.097,0.511],[-75.118,0.512],[-75.128,0.504],[-75.144,0.487],[-75.159,0.482],[-75.172,0.485],[-75.185,0.485],[-75.206,0.482],[-75.22,0.483],[-75.219,0.494],[-75.206,0.492],[-75.198,0.506],[-75.211,0.516],[-75.228,0.543],[-75.234,0.561],[-75.235,0.574],[-75.224,0.583],[-75.212,0.587],[-75.213,0.608],[-75.217,0.627],[-75.226,0.645],[-75.247,0.65],[-75.26,0.653],[-75.274,0.666],[-75.263,0.687],[-75.256,0.706],[-75.261,0.719],[-75.28,0.726],[-75.293,0.727],[-75.302,0.743],[-75.317,0.744],[-75.331,0.752],[-75.333,0.767],[-75.343,0.77],[-75.351,0.759],[-75.382,0.755],[-75.401,0.738],[-75.415,0.737],[-75.433,0.745],[-75.456,0.755],[-75.47,0.759],[-75.473,0.769],[-75.483,0.782],[-75.498,0.77],[-75.512,0.77],[-75.534,0.783],[-75.537,0.8],[-75.538,0.812],[-75.54,0.831],[-75.556,0.83],[-75.577,0.834],[-75.608,0.838],[-75.613,0.852],[-75.614,0.864],[-75.634,0.873],[-75.648,0.878],[-75.658,0.868],[-75.678,0.858],[-75.69,0.863],[-75.707,0.86],[-75.719,0.861],[-75.734,0.86],[-75.745,0.852],[-75.754,0.838],[-75.765,0.852],[-75.773,0.867],[-75.789,0.881],[-75.798,0.894],[-75.809,0.897],[-75.822,0.882],[-75.833,0.877],[-75.851,0.88],[-75.866,0.898],[-75.862,0.914],[-75.869,0.925],[-75.891,0.933],[-75.903,0.946],[-75.904,0.956],[-75.904,0.967],[-75.916,0.976],[-75.93,0.98],[-75.942,0.976],[-75.934,0.989],[-75.934,1.0],[-75.92,1.017],[-75.92,1.029],[-75.936,1.028],[-75.948,1.032],[-75.962,1.043],[-75.976,1.061],[-75.987,1.069],[-75.999,1.071],[-75.991,1.059],[-75.987,1.046],[-75.99,1.032],[-76.0,1.029],[-76.001,1.052],[-76.02,1.048],[-76.033,1.05],[-76.047,1.048],[-76.069,1.053],[-76.084,1.057],[-76.081,1.045],[-76.075,1.033],[-76.08,1.021],[-76.092,1.019],[-76.103,1.025],[-76.112,1.013],[-76.125,1.007],[-76.145,1.018],[-76.167,1.03],[-76.184,1.025],[-76.183,1.013],[-76.201,1.018],[-76.209,1.006],[-76.198,1.006],[-76.189,0.996],[-76.203,0.981],[-76.227,0.98],[-76.239,0.978],[-76.234,0.966],[-76.246,0.969],[-76.249,0.981],[-76.259,0.973],[-76.269,0.971],[-76.277,0.982],[-76.284,0.971],[-76.297,0.963],[-76.311,0.966],[-76.33,0.959],[-76.329,0.969],[-76.335,0.981],[-76.346,0.975],[-76.371,0.984],[-76.386,0.975],[-76.397,0.98],[-76.409,0.968],[-76.424,0.96],[-76.437,0.968],[-76.446,0.978],[-76.454,0.989],[-76.467,0.999],[-76.48,1.002],[-76.487,1.016],[-76.493,1.028],[-76.506,1.03],[-76.516,1.031],[-76.529,1.034],[-76.546,1.038],[-76.548,1.049],[-76.555,1.06],[-76.562,1.075],[-76.566,1.085],[-76.563,1.095],[-76.555,1.114],[-76.55,1.124],[-76.55,1.142],[-76.548,1.152],[-76.545,1.165],[-76.545,1.178],[-76.543,1.195],[-76.538,1.206],[-76.544,1.223],[-76.57,1.245],[-76.571,1.263],[-76.581,1.276],[-76.584,1.29],[-76.584,1.305],[-76.574,1.319],[-76.584,1.338],[-76.578,1.352],[-76.578,1.376],[-76.574,1.388],[-76.591,1.39],[-76.601,1.406],[-76.612,1.422],[-76.625,1.424],[-76.635,1.433],[-76.644,1.45],[-76.66,1.459],[-76.676,1.467],[-76.686,1.455],[-76.702,1.443],[-76.716,1.44],[-76.731,1.431],[-76.741,1.43],[-76.765,1.418],[-76.781,1.411],[-76.794,1.41],[-76.807,1.401],[-76.828,1.392],[-76.854,1.384],[-76.868,1.375],[-76.881,1.373],[-76.895,1.361],[-76.914,1.342],[-76.913,1.328],[-76.903,1.318],[-76.903,1.306],[-76.913,1.288],[-76.923,1.275],[-76.934,1.286],[-76.945,1.289],[-76.951,1.3],[-76.964,1.311],[-76.975,1.322],[-76.979,1.305],[-76.991,1.302],[-77.002,1.299],[-77.012,1.286],[-77.022,1.284],[-77.037,1.274],[-77.049,1.272],[-77.054,1.262],[-77.071,1.25],[-77.076,1.236],[-77.081,1.224],[-77.096,1.22],[-77.122,1.215],[-77.119,1.199],[-77.103,1.189],[-77.092,1.184],[-77.089,1.174],[-77.097,1.164],[-77.095,1.132],[-77.091,1.118],[-77.091,1.107],[-77.095,1.083],[-77.091,1.071],[-77.067,1.055],[-77.064,1.042],[-77.053,1.034],[-77.039,1.046],[-77.034,1.028],[-77.027,1.012],[-77.029,0.996],[-77.039,0.993],[-77.048,0.978],[-77.058,0.977],[-77.078,0.963],[-77.074,0.952],[-77.078,0.941],[-77.084,0.929],[-77.09,0.915],[-77.108,0.904],[-77.119,0.901],[-77.124,0.882],[-77.116,0.865],[-77.117,0.854],[-77.108,0.844],[-77.102,0.834],[-77.118,0.827],[-77.137,0.823],[-77.187,0.631],[-77.176,0.617],[-77.157,0.606],[-77.14,0.604],[-77.128,0.597],[-77.117,0.593],[-77.117,0.583],[-77.119,0.57],[-77.125,0.556],[-77.131,0.538],[-77.13,0.526],[-77.122,0.515],[-77.124,0.505],[-77.117,0.495],[-77.117,0.484],[-77.105,0.478],[-77.102,0.46],[-77.107,0.45],[-77.102,0.428],[-77.089,0.426],[-77.094,0.414],[-77.095,0.402],[-77.096,0.384],[-77.107,0.378],[-77.111,0.365],[-77.106,0.355],[-77.107,0.345],[-77.094,0.325],[-77.082,0.317],[-77.087,0.305],[-77.081,0.291],[-77.065,0.287],[-77.053,0.285],[-77.04,0.286],[-77.027,0.277],[-77.015,0.291],[-76.998,0.288],[-76.986,0.266],[-76.967,0.272],[-76.946,0.268],[-76.933,0.277],[-76.935,0.265],[-76.923,0.256],[-76.908,0.246],[-76.896,0.248],[-76.879,0.251],[-76.859,0.246],[-76.846,0.239],[-76.823,0.255],[-76.811,0.256],[-76.798,0.264],[-76.783,0.26],[-76.773,0.245],[-76.756,0.248],[-76.756,0.259],[-76.767,0.261],[-76.753,0.275],[-76.742,0.278],[-76.733,0.289],[-76.717,0.273],[-76.702,0.279],[-76.688,0.275],[-76.664,0.272],[-76.654,0.266],[-76.656,0.254],[-76.637,0.26],[-76.626,0.262],[-76.614,0.245],[-76.605,0.231],[-76.594,0.227],[-76.581,0.222],[-76.575,0.235],[-76.533,0.259],[-76.514,0.241],[-76.487,0.242],[-76.447,0.239],[-76.444,0.249],[-76.426,0.255],[-76.43,0.241],[-76.413,0.241],[-76.411,0.38],[-76.397,0.382],[-76.375,0.393],[-76.362,0.391],[-76.355,0.381],[-76.344,0.381],[-76.331,0.413],[-76.314,0.434],[-76.304,0.423],[-76.292,0.423],[-76.283,0.435],[-76.262,0.427],[-76.259,0.416],[-76.257,0.401],[-76.238,0.405],[-76.228,0.379],[-76.209,0.386],[-76.198,0.377],[-76.181,0.372],[-76.167,0.379],[-76.151,0.38],[-76.133,0.371],[-76.119,0.346],[-76.121,0.33],[-76.117,0.319],[-76.097,0.318],[-76.086,0.335],[-76.068,0.336],[-76.057,0.333],[-76.045,0.313],[-76.034,0.305],[-76.009,0.3],[-75.998,0.289],[-75.996,0.267],[-75.985,0.264],[-75.986,0.253],[-76.003,0.255],[-75.976,0.24],[-75.959,0.238],[-75.958,0.227],[-75.951,0.215],[-75.955,0.203],[-75.943,0.201],[-75.931,0.196],[-75.921,0.177],[-75.898,0.162],[-75.897,0.151],[-75.905,0.14],[-75.886,0.142],[-75.881,0.121],[-75.867,0.13],[-75.855,0.132],[-75.846,0.114],[-75.832,0.094],[-75.814,0.075],[-75.81,0.056],[-75.788,0.056],[-75.775,0.052],[-75.76,0.04],[-75.742,0.04],[-75.726,0.039],[-75.712,0.041],[-75.684,0.037],[-75.672,0.042],[-75.658,0.036],[-75.648,0.032],[-75.64,0.047],[-75.629,0.045],[-75.622,0.033],[-75.61,0.017],[-75.588,0.017],[-75.579,0.005],[-75.582,-0.006],[-75.582,-0.018],[-75.568,-0.027],[-75.536,-0.018],[-75.526,-0.025],[-75.511,-0.037],[-75.49,-0.048],[-75.469,-0.05],[-75.452,-0.069],[-75.428,-0.086],[-75.393,-0.097],[-75.379,-0.095],[-75.367,-0.091],[-75.355,-0.092],[-75.34,-0.104],[-75.33,-0.107],[-75.306,-0.106],[-75.289,-0.113],[-75.278,-0.124],[-75.258,-0.116],[-75.223,-0.08],[-75.211,-0.049],[-75.193,-0.039],[-75.176,-0.04],[-75.162,-0.045],[-75.132,-0.071],[-75.121,-0.074],[-75.108,-0.075],[-75.091,-0.08],[-75.077,-0.082],[-75.054,-0.11],[-75.041,-0.113],[-75.012,-0.149],[-74.985,-0.148],[-74.973,-0.155],[-74.97,-0.167],[-74.96,-0.177],[-74.956,-0.195],[-74.935,-0.202],[-74.931,-0.221],[-74.918,-0.224],[-74.916,-0.202],[-74.903,-0.214],[-74.895,-0.236],[-74.883,-0.243],[-74.858,-0.239],[-74.845,-0.231],[-74.831,-0.205],[-74.82,-0.199],[-74.806,-0.188],[-74.793,-0.189],[-74.781,-0.204],[-74.762,-0.224],[-74.754,-0.247],[-74.741,-0.279],[-74.729,-0.297],[-74.729,-0.309],[-74.733,-0.334],[-74.719,-0.348],[-74.708,-0.349],[-74.694,-0.334],[-74.679,-0.331],[-74.68,-0.348],[-74.676,-0.366],[-74.66,-0.374],[-74.65,-0.363],[-74.612,-0.351],[-74.616,-0.373],[-74.608,-0.384],[-74.589,-0.383],[-74.578,-0.39],[-74.554,-0.408],[-74.544,-0.419],[-74.537,-0.459],[-74.521,-0.47],[-74.504,-0.462],[-74.501,-0.482],[-74.487,-0.489],[-74.483,-0.477],[-74.47,-0.478],[-74.451,-0.49],[-74.438,-0.497],[-74.422,-0.499],[-74.424,-0.521],[-74.424,-0.55],[-74.42,-0.56],[-74.408,-0.557],[-74.398,-0.54],[-74.387,-0.555],[-73.841,-0.398]]]}},{"type":"Feature","properties":{"codigo":733,"nombre":"Quindío","nombre_fuente":"Quindío"},"geometry":{"type":"Polygon","coordinates":[[[-75.388,4.716],[-75.401,4.711],[-75.413,4.698],[-75.425,4.694],[-75.437,4.697],[-75.44,4.685],[-75.457,4.681],[-75.472,4.674],[-75.484,4.665],[-75.495,4.67],[-75.504,4.682],[-75.521,4.694],[-75.533,4.695],[-75.552,4.703],[-75.567,4.701],[-75.582,4.699],[-75.595,4.703],[-75.607,4.709],[-75.621,4.701],[-75.635,4.705],[-75.647,4.71],[-75.66,4.7],[-75.67,4.705],[-75.684,4.715],[-75.696,4.719],[-75.709,4.716],[-75.708,4.678],[-75.705,4.656],[-75.716,4.652],[-75.739,4.655],[-75.758,4.651],[-75.768,4.652],[-75.778,4.655],[-75.789,4.66],[-75.802,4.66],[-75.814,4.659],[-75.826,4.663],[-75.829,4.652],[-75.845,4.641],[-75.851,4.628],[-75.86,4.617],[-75.861,4.601],[-75.869,4.588],[-75.866,4.573],[-75.866,4.563],[-75.876,4.556],[-75.872,4.544],[-75.881,4.531],[-75.87,4.519],[-75.873,4.5],[-75.876,4.488],[-75.873,4.473],[-75.875,4.458],[-75.865,4.454],[-75.876,4.449],[-75.887,4.445],[-75.889,4.427],[-75.894,4.415],[-75.88,4.412],[-75.867,4.41],[-75.851,4.411],[-75.835,4.402],[-75.82,4.406],[-75.809,4.398],[-75.805,4.381],[-75.804,4.368],[-75.789,4.354],[-75.797,4.314],[-75.787,4.293],[-75.797,4.278],[-75.798,4.265],[-75.808,4.256],[-75.812,4.245],[-75.819,4.233],[-75.825,4.214],[-75.822,4.204],[-75.823,4.193],[-75.828,4.181],[-75.837,4.161],[-75.841,4.133],[-75.836,4.114],[-75.84,4.102],[-75.827,4.1],[-75.8,4.092],[-75.783,4.088],[-75.781,4.075],[-75.755,4.076],[-75.751,4.086],[-75.744,4.098],[-75.733,4.103],[-75.734,4.113],[-75.719,4.113],[-75.715,4.126],[-75.702,4.132],[-75.692,4.142],[-75.692,4.161],[-75.684,4.171],[-75.671,4.184],[-75.666,4.195],[-75.654,4.213],[-75.658,4.225],[-75.638,4.231],[-75.63,4.243],[-75.629,4.254],[-75.62,4.269],[-75.608,4.273],[-75.597,4.279],[-75.604,4.29],[-75.601,4.302],[-75.598,4.313],[-75.594,4.325],[-75.598,4.337],[-75.591,4.349],[-75.595,4.361],[-75.588,4.372],[-75.583,4.387],[-75.579,4.406],[-75.579,4.417],[-75.583,4.429],[-75.576,4.445],[-75.571,4.457],[-75.559,4.473],[-75.547,4.48],[-75.535,4.495],[-75.524,4.502],[-75.527,4.516],[-75.522,4.528],[-75.522,4.544],[-75.515,4.556],[-75.505,4.559],[-75.492,4.568],[-75.484,4.581],[-75.471,4.589],[-75.45,4.603],[-75.432,4.603],[-75.421,4.61],[-75.416,4.625],[-75.418,4.639],[-75.423,4.656],[-75.418,4.667],[-75.404,4.686],[-75.389,4.698],[-75.385,4.709],[-75.388,4.716]]]}},{"type":"Feature","properties":{"codigo":734,"nombre":"Risaralda","nombre_fuente":"Risaralda"},"geometry":{"type":"Polygon","coordinates":[[[-75.867,5.488],[-75.884,5.484],[-75.906,5.48],[-75.923,5.494],[-75.931,5.506],[-75.954,5.509],[-75.964,5.512],[-75.983,5.519],[-75.99,5.536],[-76.002,5.553],[-76.009,5.568],[-76.037,5.565],[-76.05,5.555],[-76.067,5.552],[-76.078,5.537],[-76.077,5.508],[-76.08,5.473],[-76.087,5.445],[-76.104,5.451],[-76.113,5.431],[-76.132,5.422],[-76.17,5.414],[-76.184,5.411],[-76.19,5.399],[-76.197,5.379],[-76.204,5.367],[-76.203,5.353],[-76.203,5.341],[-76.198,5.329],[-76.198,5.318],[-76.191,5.305],[-76.182,5.293],[-76.171,5.285],[-76.164,5.253],[-76.158,5.242],[-76.144,5.231],[-76.136,5.199],[-76.129,5.18],[-76.116,5.169],[-76.099,5.159],[-76.085,5.145],[-76.067,5.138],[-76.064,5.117],[-76.069,5.104],[-76.07,5.078],[-76.074,5.06],[-76.086,5.048],[-76.096,5.035],[-76.079,5.035],[-76.068,5.024],[-76.054,5.01],[-76.045,4.994],[-76.039,4.973],[-76.034,4.957],[-76.027,4.938],[-76.013,4.93],[-76.002,4.921],[-75.988,4.912],[-75.99,4.881],[-75.971,4.859],[-75.956,4.864],[-75.945,4.857],[-75.928,4.863],[-75.915,4.875],[-75.912,4.861],[-75.901,4.854],[-75.903,4.837],[-75.911,4.826],[-75.912,4.815],[-75.927,4.812],[-75.931,4.8],[-75.918,4.794],[-75.929,4.784],[-75.929,4.77],[-75.915,4.764],[-75.907,4.752],[-75.889,4.755],[-75.878,4.769],[-75.863,4.774],[-75.851,4.779],[-75.845,4.766],[-75.846,4.748],[-75.856,4.731],[-75.844,4.728],[-75.831,4.737],[-75.821,4.734],[-75.808,4.73],[-75.797,4.721],[-75.786,4.719],[-75.775,4.721],[-75.764,4.716],[-75.753,4.71],[-75.742,4.712],[-75.731,4.708],[-75.72,4.712],[-75.709,4.716],[-75.697,4.721],[-75.684,4.715],[-75.67,4.707],[-75.66,4.7],[-75.647,4.708],[-75.635,4.705],[-75.621,4.701],[-75.608,4.707],[-75.595,4.703],[-75.582,4.699],[-75.567,4.701],[-75.552,4.703],[-75.537,4.697],[-75.526,4.693],[-75.504,4.682],[-75.495,4.67],[-75.484,4.665],[-75.472,4.674],[-75.457,4.681],[-75.442,4.682],[-75.439,4.696],[-75.425,4.694],[-75.413,4.698],[-75.407,4.71],[-75.395,4.717],[-75.378,4.73],[-75.386,4.744],[-75.381,4.76],[-75.381,4.774],[-75.377,4.788],[-75.375,4.804],[-75.39,4.803],[-75.407,4.805],[-75.418,4.813],[-75.43,4.826],[-75.439,4.84],[-75.439,4.855],[-75.452,4.869],[-75.456,4.884],[-75.471,4.887],[-75.476,4.904],[-75.48,4.915],[-75.494,4.921],[-75.51,4.925],[-75.524,4.923],[-75.54,4.917],[-75.552,4.924],[-75.569,4.936],[-75.584,4.932],[-75.595,4.927],[-75.609,4.933],[-75.617,4.955],[-75.625,4.968],[-75.636,4.971],[-75.653,4.958],[-75.653,4.947],[-75.675,4.944],[-75.688,4.944],[-75.699,4.944],[-75.71,4.959],[-75.716,4.97],[-75.717,4.981],[-75.721,4.996],[-75.726,5.007],[-75.735,5.02],[-75.744,5.044],[-75.759,5.037],[-75.763,5.024],[-75.774,5.015],[-75.78,5.003],[-75.786,4.99],[-75.791,4.975],[-75.793,4.955],[-75.792,4.938],[-75.804,4.936],[-75.813,4.923],[-75.826,4.922],[-75.836,4.926],[-75.846,4.928],[-75.858,4.932],[-75.861,4.943],[-75.872,4.951],[-75.887,4.957],[-75.895,4.969],[-75.897,4.981],[-75.904,4.993],[-75.905,5.007],[-75.904,5.024],[-75.915,5.035],[-75.921,5.048],[-75.918,5.06],[-75.911,5.074],[-75.909,5.087],[-75.903,5.098],[-75.902,5.11],[-75.891,5.118],[-75.889,5.129],[-75.877,5.13],[-75.865,5.121],[-75.854,5.112],[-75.844,5.107],[-75.837,5.124],[-75.832,5.139],[-75.834,5.15],[-75.826,5.162],[-75.819,5.173],[-75.816,5.185],[-75.804,5.195],[-75.808,5.207],[-75.806,5.218],[-75.806,5.236],[-75.82,5.243],[-75.825,5.26],[-75.813,5.272],[-75.803,5.281],[-75.787,5.285],[-75.774,5.274],[-75.763,5.274],[-75.748,5.284],[-75.744,5.273],[-75.73,5.266],[-75.719,5.261],[-75.708,5.26],[-75.697,5.262],[-75.666,5.268],[-75.663,5.281],[-75.662,5.291],[-75.651,5.307],[-75.639,5.305],[-75.635,5.316],[-75.636,5.329],[-75.64,5.339],[-75.653,5.351],[-75.666,5.35],[-75.678,5.361],[-75.69,5.371],[-75.7,5.376],[-75.707,5.39],[-75.726,5.397],[-75.739,5.396],[-75.741,5.384],[-75.755,5.384],[-75.766,5.387],[-75.779,5.375],[-75.795,5.368],[-75.805,5.364],[-75.823,5.364],[-75.833,5.361],[-75.847,5.369],[-75.86,5.373],[-75.859,5.386],[-75.851,5.402],[-75.851,5.413],[-75.854,5.424],[-75.858,5.438],[-75.867,5.488]]]}},{"type":"Feature","properties":{"codigo":729,"nombre":"San Andrés y Providencia","nombre_fuente":"Archipiélago de San Andrés, Providencia y Santa Catalina"},"geometry":{"type":"MultiPolygon","coordinates":[[[[-81.733,12.538],[-81.73,12.526],[-81.73,12.505],[-81.735,12.492],[-81.733,12.482],[-81.716,12.505],[-81.713,12.523],[-81.708,12.541],[-81.703,12.561],[-81.707,12.572],[-81.696,12.58],[-81.704,12.595],[-81.723,12.578],[-81.723,12.567],[-81.732,12.555],[-81.733,12.538]]],[[[-81.394,13.344],[-81.391,13.331],[-81.388,13.32],[-81.375,13.325],[-81.36,13.334],[-81.357,13.353],[-81.355,13.365],[-81.355,13.377],[-81.366,13.386],[-81.37,13.374],[-81.382,13.372],[-81.392,13.359],[-81.393,13.348],[-81.394,13.344]]],[[[-81.376,13.382],[-81.369,13.394],[-81.38,13.391],[-81.376,13.382]]]]}},{"type":"Feature","properties":{"codigo":727,"nombre":"Santander","nombre_fuente":"Santander"},"geometry":{"type":"Polygon","coordinates":[[[-74.521,6.276],[-74.526,6.262],[-74.519,6.24],[-74.51,6.219],[-74.495,6.21],[-74.482,6.202],[-74.471,6.2],[-74.473,6.187],[-74.473,6.173],[-74.478,6.159],[-74.454,6.137],[-74.454,6.122],[-74.451,6.11],[-74.449,6.098],[-74.428,6.088],[-74.412,6.088],[-74.401,6.077],[-74.398,6.063],[-74.387,6.053],[-74.38,6.041],[-74.369,6.045],[-74.358,6.039],[-74.347,6.041],[-74.341,6.058],[-74.314,6.07],[-74.301,6.08],[-74.278,6.079],[-74.263,6.068],[-74.263,6.054],[-74.264,6.036],[-74.26,6.023],[-74.259,6.011],[-74.226,5.975],[-74.225,5.961],[-74.237,5.95],[-74.236,5.935],[-74.225,5.925],[-74.228,5.912],[-74.239,5.899],[-74.251,5.894],[-74.258,5.883],[-74.269,5.876],[-74.277,5.866],[-74.278,5.853],[-74.268,5.838],[-74.263,5.826],[-74.239,5.834],[-74.226,5.84],[-74.218,5.851],[-74.202,5.853],[-74.199,5.871],[-74.191,5.884],[-74.184,5.903],[-74.165,5.897],[-74.147,5.888],[-74.135,5.877],[-74.124,5.875],[-74.107,5.877],[-74.093,5.857],[-74.089,5.843],[-74.08,5.82],[-74.066,5.816],[-74.055,5.82],[-74.026,5.807],[-74.025,5.788],[-74.018,5.776],[-74.013,5.762],[-74.003,5.76],[-73.998,5.747],[-73.993,5.735],[-73.982,5.721],[-73.961,5.739],[-73.945,5.737],[-73.924,5.742],[-73.908,5.736],[-73.897,5.736],[-73.883,5.737],[-73.878,5.724],[-73.884,5.713],[-73.874,5.707],[-73.861,5.712],[-73.857,5.724],[-73.845,5.734],[-73.83,5.739],[-73.819,5.734],[-73.82,5.717],[-73.801,5.726],[-73.791,5.734],[-73.782,5.748],[-73.758,5.77],[-73.744,5.771],[-73.733,5.77],[-73.719,5.774],[-73.704,5.767],[-73.698,5.756],[-73.686,5.753],[-73.674,5.748],[-73.665,5.727],[-73.657,5.713],[-73.64,5.724],[-73.637,5.736],[-73.63,5.759],[-73.626,5.771],[-73.63,5.791],[-73.624,5.811],[-73.619,5.827],[-73.609,5.846],[-73.6,5.868],[-73.614,5.89],[-73.626,5.893],[-73.63,5.909],[-73.622,5.923],[-73.611,5.926],[-73.591,5.965],[-73.591,5.98],[-73.585,6.007],[-73.565,6.018],[-73.557,6.03],[-73.547,6.032],[-73.534,6.048],[-73.525,6.06],[-73.526,6.075],[-73.515,6.088],[-73.514,6.099],[-73.498,6.109],[-73.487,6.101],[-73.476,6.096],[-73.454,6.08],[-73.435,6.07],[-73.414,6.075],[-73.404,6.057],[-73.397,6.043],[-73.389,6.032],[-73.371,6.004],[-73.375,5.978],[-73.374,5.967],[-73.382,5.952],[-73.388,5.93],[-73.396,5.919],[-73.401,5.903],[-73.406,5.89],[-73.418,5.89],[-73.431,5.889],[-73.442,5.886],[-73.437,5.863],[-73.433,5.85],[-73.451,5.851],[-73.461,5.849],[-73.463,5.837],[-73.471,5.819],[-73.461,5.814],[-73.451,5.808],[-73.434,5.793],[-73.432,5.782],[-73.431,5.768],[-73.417,5.768],[-73.396,5.758],[-73.378,5.764],[-73.374,5.778],[-73.366,5.789],[-73.359,5.799],[-73.358,5.816],[-73.353,5.832],[-73.347,5.843],[-73.359,5.863],[-73.369,5.872],[-73.355,5.874],[-73.343,5.863],[-73.33,5.851],[-73.316,5.855],[-73.305,5.852],[-73.292,5.849],[-73.279,5.855],[-73.266,5.844],[-73.265,5.834],[-73.252,5.819],[-73.236,5.819],[-73.216,5.824],[-73.201,5.833],[-73.186,5.847],[-73.188,5.859],[-73.196,5.871],[-73.208,5.881],[-73.221,5.89],[-73.238,5.897],[-73.241,5.908],[-73.232,5.931],[-73.22,5.947],[-73.216,5.962],[-73.22,5.972],[-73.217,5.983],[-73.205,5.992],[-73.2,6.004],[-73.176,5.996],[-73.157,5.982],[-73.15,5.993],[-73.148,6.004],[-73.149,6.019],[-73.141,6.002],[-73.124,5.995],[-73.104,5.999],[-73.094,5.99],[-73.07,6.005],[-73.055,6.014],[-73.043,6.022],[-73.031,6.025],[-73.017,6.003],[-73.016,5.986],[-73.009,5.966],[-72.996,5.986],[-72.99,5.996],[-72.985,6.01],[-72.971,6.018],[-72.96,6.036],[-72.955,6.048],[-72.955,6.063],[-72.945,6.076],[-72.932,6.086],[-72.924,6.097],[-72.916,6.108],[-72.901,6.112],[-72.898,6.123],[-72.876,6.124],[-72.872,6.137],[-72.858,6.142],[-72.847,6.142],[-72.831,6.147],[-72.825,6.169],[-72.819,6.181],[-72.811,6.195],[-72.804,6.21],[-72.794,6.217],[-72.779,6.21],[-72.767,6.219],[-72.755,6.219],[-72.744,6.234],[-72.75,6.249],[-72.744,6.259],[-72.746,6.275],[-72.756,6.284],[-72.755,6.295],[-72.758,6.308],[-72.755,6.319],[-72.751,6.336],[-72.74,6.354],[-72.731,6.368],[-72.729,6.382],[-72.732,6.397],[-72.736,6.43],[-72.738,6.442],[-72.727,6.453],[-72.733,6.466],[-72.738,6.486],[-72.749,6.495],[-72.767,6.5],[-72.775,6.522],[-72.793,6.53],[-72.807,6.54],[-72.808,6.559],[-72.795,6.569],[-72.781,6.58],[-72.764,6.583],[-72.75,6.57],[-72.742,6.559],[-72.729,6.551],[-72.719,6.553],[-72.711,6.542],[-72.702,6.53],[-72.694,6.515],[-72.687,6.504],[-72.68,6.489],[-72.673,6.473],[-72.666,6.457],[-72.648,6.436],[-72.632,6.438],[-72.62,6.442],[-72.609,6.448],[-72.601,6.459],[-72.591,6.464],[-72.583,6.476],[-72.569,6.483],[-72.54,6.488],[-72.534,6.503],[-72.546,6.516],[-72.544,6.53],[-72.538,6.542],[-72.54,6.557],[-72.543,6.583],[-72.528,6.593],[-72.521,6.604],[-72.519,6.619],[-72.505,6.632],[-72.492,6.644],[-72.487,6.655],[-72.486,6.674],[-72.486,6.694],[-72.489,6.714],[-72.498,6.729],[-72.489,6.742],[-72.493,6.763],[-72.495,6.79],[-72.492,6.803],[-72.484,6.815],[-72.48,6.834],[-72.481,6.844],[-72.491,6.866],[-72.502,6.873],[-72.497,6.885],[-72.497,6.896],[-72.501,6.909],[-72.508,6.886],[-72.53,6.884],[-72.544,6.889],[-72.547,6.903],[-72.551,6.916],[-72.542,6.935],[-72.543,6.953],[-72.553,6.969],[-72.552,6.987],[-72.562,6.998],[-72.574,7.002],[-72.585,6.997],[-72.595,6.991],[-72.612,6.994],[-72.638,6.989],[-72.649,6.997],[-72.657,6.985],[-72.666,6.972],[-72.674,6.989],[-72.677,7.008],[-72.689,7.009],[-72.703,7.005],[-72.722,7.006],[-72.726,6.994],[-72.742,6.997],[-72.743,7.012],[-72.752,7.027],[-72.756,7.041],[-72.75,7.06],[-72.764,7.061],[-72.775,7.059],[-72.786,7.049],[-72.794,7.063],[-72.811,7.075],[-72.822,7.077],[-72.819,7.09],[-72.835,7.095],[-72.835,7.106],[-72.836,7.117],[-72.85,7.13],[-72.855,7.148],[-72.848,7.163],[-72.843,7.188],[-72.837,7.198],[-72.851,7.215],[-72.858,7.227],[-72.867,7.24],[-72.868,7.251],[-72.877,7.266],[-72.871,7.277],[-72.856,7.285],[-72.84,7.298],[-72.842,7.316],[-72.841,7.327],[-72.84,7.342],[-72.837,7.355],[-72.855,7.362],[-72.852,7.373],[-72.865,7.386],[-72.877,7.401],[-72.884,7.415],[-72.893,7.427],[-72.902,7.446],[-72.894,7.472],[-72.908,7.482],[-72.922,7.492],[-72.931,7.504],[-72.945,7.515],[-72.957,7.519],[-72.97,7.523],[-72.977,7.539],[-72.985,7.55],[-72.987,7.563],[-72.989,7.586],[-72.989,7.597],[-72.981,7.609],[-72.983,7.62],[-72.998,7.618],[-73.01,7.623],[-73.024,7.621],[-73.035,7.623],[-73.048,7.607],[-73.064,7.61],[-73.078,7.612],[-73.089,7.61],[-73.1,7.62],[-73.116,7.612],[-73.131,7.614],[-73.157,7.62],[-73.174,7.621],[-73.191,7.623],[-73.204,7.629],[-73.216,7.632],[-73.228,7.629],[-73.241,7.611],[-73.246,7.599],[-73.259,7.588],[-73.25,7.567],[-73.252,7.543],[-73.256,7.531],[-73.266,7.535],[-73.277,7.543],[-73.288,7.55],[-73.311,7.546],[-73.355,7.544],[-73.364,7.554],[-73.367,7.565],[-73.385,7.58],[-73.397,7.578],[-73.397,7.568],[-73.413,7.566],[-73.428,7.569],[-73.441,7.574],[-73.465,7.575],[-73.476,7.585],[-73.488,7.593],[-73.498,7.608],[-73.503,7.62],[-73.515,7.633],[-73.518,7.655],[-73.525,7.666],[-73.545,7.665],[-73.555,7.672],[-73.547,7.689],[-73.557,7.706],[-73.575,7.726],[-73.593,7.727],[-73.608,7.729],[-73.622,7.74],[-73.634,7.748],[-73.753,7.751],[-73.762,7.764],[-73.749,7.774],[-73.737,7.783],[-73.742,7.797],[-73.752,7.808],[-73.751,7.825],[-73.736,7.834],[-73.726,7.834],[-73.723,7.849],[-73.71,7.857],[-73.698,7.872],[-73.689,7.884],[-73.676,7.888],[-73.674,7.909],[-73.677,7.92],[-73.676,7.935],[-73.685,7.948],[-73.696,7.951],[-73.707,7.968],[-73.721,7.968],[-73.718,7.985],[-73.717,7.997],[-73.723,8.013],[-73.738,8.026],[-73.741,8.042],[-73.74,8.053],[-73.75,8.062],[-73.757,8.075],[-73.765,8.088],[-73.763,8.105],[-73.775,8.121],[-73.774,8.14],[-73.796,8.134],[-73.81,8.126],[-73.818,8.111],[-73.842,8.093],[-73.857,8.064],[-73.866,8.049],[-73.867,8.02],[-73.863,8.0],[-73.866,7.986],[-73.862,7.974],[-73.843,7.956],[-73.831,7.926],[-73.835,7.906],[-73.832,7.888],[-73.825,7.876],[-73.822,7.855],[-73.817,7.819],[-73.805,7.787],[-73.799,7.774],[-73.803,7.762],[-73.819,7.745],[-73.83,7.736],[-73.831,7.725],[-73.817,7.717],[-73.811,7.701],[-73.816,7.69],[-73.807,7.668],[-73.799,7.652],[-73.814,7.647],[-73.812,7.624],[-73.814,7.611],[-73.825,7.603],[-73.831,7.59],[-73.832,7.577],[-73.843,7.562],[-73.849,7.538],[-73.865,7.532],[-73.878,7.522],[-73.881,7.506],[-73.906,7.501],[-73.916,7.487],[-73.91,7.468],[-73.904,7.451],[-73.898,7.437],[-73.895,7.419],[-73.903,7.393],[-73.909,7.369],[-73.912,7.341],[-73.914,7.32],[-73.913,7.298],[-73.917,7.287],[-73.924,7.271],[-73.925,7.256],[-73.922,7.243],[-73.924,7.213],[-73.938,7.183],[-73.927,7.152],[-73.925,7.124],[-73.92,7.11],[-73.911,7.096],[-73.895,7.081],[-73.888,7.07],[-73.886,7.048],[-73.882,7.029],[-73.88,7.015],[-73.884,7.004],[-73.898,6.992],[-73.919,6.971],[-73.937,6.956],[-73.949,6.953],[-73.985,6.929],[-74.005,6.913],[-74.032,6.883],[-74.047,6.867],[-74.067,6.852],[-74.074,6.837],[-74.08,6.82],[-74.097,6.796],[-74.107,6.787],[-74.12,6.778],[-74.132,6.764],[-74.148,6.751],[-74.17,6.729],[-74.185,6.722],[-74.201,6.718],[-74.22,6.717],[-74.23,6.712],[-74.243,6.696],[-74.254,6.68],[-74.278,6.663],[-74.308,6.656],[-74.33,6.63],[-74.342,6.635],[-74.361,6.633],[-74.384,6.604],[-74.4,6.591],[-74.406,6.564],[-74.412,6.544],[-74.41,6.53],[-74.394,6.505],[-74.395,6.492],[-74.405,6.477],[-74.399,6.459],[-74.389,6.446],[-74.37,6.43],[-74.368,6.409],[-74.384,6.397],[-74.405,6.392],[-74.422,6.393],[-74.432,6.386],[-74.44,6.37],[-74.449,6.336],[-74.466,6.313],[-74.482,6.304],[-74.497,6.286],[-74.511,6.284],[-74.521,6.276]]]}},{"type":"Feature","properties":{"codigo":747,"nombre":"Sucre","nombre_fuente":"Sucre"},"geometry":{"type":"Polygon","coordinates":[[[-75.565,10.122],[-75.579,10.127],[-75.569,10.075],[-75.572,10.056],[-75.571,10.018],[-75.576,10.006],[-75.576,9.987],[-75.575,9.973],[-75.581,9.951],[-75.594,9.936],[-75.592,9.922],[-75.6,9.899],[-75.613,9.88],[-75.621,9.866],[-75.614,9.851],[-75.612,9.84],[-75.621,9.827],[-75.623,9.806],[-75.627,9.795],[-75.644,9.775],[-75.641,9.764],[-75.655,9.748],[-75.671,9.737],[-75.688,9.723],[-75.693,9.71],[-75.704,9.699],[-75.693,9.705],[-75.677,9.704],[-75.654,9.707],[-75.638,9.698],[-75.625,9.694],[-75.611,9.693],[-75.604,9.681],[-75.595,9.658],[-75.582,9.645],[-75.571,9.608],[-75.573,9.57],[-75.579,9.544],[-75.586,9.522],[-75.597,9.49],[-75.606,9.472],[-75.625,9.441],[-75.634,9.43],[-75.644,9.421],[-75.673,9.405],[-75.688,9.408],[-75.687,9.391],[-75.701,9.374],[-75.712,9.359],[-75.702,9.357],[-75.687,9.357],[-75.669,9.334],[-75.649,9.33],[-75.637,9.346],[-75.626,9.353],[-75.62,9.341],[-75.608,9.327],[-75.594,9.311],[-75.575,9.307],[-75.574,9.295],[-75.563,9.283],[-75.557,9.267],[-75.544,9.259],[-75.53,9.259],[-75.518,9.262],[-75.506,9.276],[-75.504,9.265],[-75.494,9.255],[-75.482,9.249],[-75.467,9.258],[-75.457,9.247],[-75.463,9.225],[-75.471,9.205],[-75.469,9.194],[-75.455,9.182],[-75.443,9.171],[-75.422,9.165],[-75.426,9.149],[-75.425,9.138],[-75.411,9.143],[-75.4,9.139],[-75.39,9.147],[-75.379,9.148],[-75.374,9.136],[-75.363,9.127],[-75.349,9.132],[-75.334,9.122],[-75.322,9.119],[-75.312,9.103],[-75.296,9.099],[-75.294,9.087],[-75.295,9.068],[-75.283,9.07],[-75.271,9.076],[-75.261,9.076],[-75.246,9.074],[-75.234,9.063],[-75.222,9.05],[-75.208,9.048],[-75.216,9.03],[-75.232,9.023],[-75.222,9.014],[-75.209,9.004],[-75.194,8.992],[-75.183,8.975],[-75.175,8.963],[-75.199,8.97],[-75.204,8.957],[-75.207,8.946],[-75.207,8.925],[-75.223,8.91],[-75.241,8.896],[-75.253,8.894],[-75.265,8.896],[-75.269,8.881],[-75.282,8.875],[-75.297,8.866],[-75.307,8.868],[-75.313,8.88],[-75.325,8.869],[-75.346,8.868],[-75.368,8.858],[-75.371,8.824],[-75.369,8.792],[-75.361,8.78],[-75.35,8.773],[-75.333,8.754],[-75.321,8.755],[-75.333,8.746],[-75.333,8.727],[-75.343,8.712],[-75.341,8.699],[-75.336,8.686],[-75.347,8.669],[-75.336,8.652],[-75.341,8.638],[-75.338,8.62],[-75.325,8.604],[-75.318,8.59],[-75.318,8.578],[-75.327,8.559],[-75.327,8.542],[-75.325,8.523],[-75.32,8.511],[-75.315,8.493],[-75.303,8.482],[-75.291,8.48],[-75.274,8.474],[-75.253,8.467],[-75.243,8.461],[-75.219,8.442],[-75.203,8.416],[-75.184,8.398],[-75.158,8.411],[-75.128,8.421],[-75.073,8.457],[-75.048,8.469],[-75.032,8.473],[-75.014,8.477],[-74.991,8.48],[-74.976,8.488],[-74.964,8.491],[-74.945,8.494],[-74.934,8.491],[-74.931,8.477],[-74.918,8.477],[-74.899,8.456],[-74.888,8.449],[-74.882,8.434],[-74.875,8.422],[-74.873,8.403],[-74.861,8.397],[-74.85,8.4],[-74.831,8.391],[-74.819,8.382],[-74.812,8.37],[-74.802,8.357],[-74.798,8.346],[-74.799,8.334],[-74.804,8.321],[-74.804,8.31],[-74.797,8.293],[-74.794,8.281],[-74.78,8.279],[-74.77,8.28],[-74.767,8.295],[-74.749,8.307],[-74.737,8.306],[-74.735,8.289],[-74.725,8.297],[-74.714,8.303],[-74.702,8.298],[-74.691,8.297],[-74.673,8.295],[-74.661,8.29],[-74.658,8.279],[-74.652,8.297],[-74.65,8.31],[-74.635,8.322],[-74.62,8.343],[-74.61,8.358],[-74.611,8.376],[-74.616,8.387],[-74.61,8.403],[-74.597,8.403],[-74.582,8.384],[-74.567,8.39],[-74.556,8.412],[-74.546,8.423],[-74.539,8.435],[-74.541,8.455],[-74.534,8.477],[-74.544,8.491],[-74.556,8.509],[-74.568,8.507],[-74.571,8.522],[-74.575,8.542],[-74.564,8.549],[-74.565,8.56],[-74.572,8.581],[-74.586,8.589],[-74.594,8.603],[-74.589,8.617],[-74.589,8.629],[-74.59,8.641],[-74.597,8.655],[-74.589,8.669],[-74.593,8.69],[-74.598,8.706],[-74.608,8.722],[-74.599,8.74],[-74.609,8.753],[-74.594,8.763],[-74.576,8.774],[-74.574,8.786],[-74.558,8.803],[-74.56,8.817],[-74.565,8.831],[-74.571,8.843],[-74.571,8.854],[-74.581,8.87],[-74.596,8.9],[-74.609,8.918],[-74.609,8.931],[-74.619,8.931],[-74.638,8.969],[-74.652,8.989],[-74.665,8.994],[-74.67,9.006],[-74.683,9.011],[-74.699,9.008],[-74.722,9.013],[-74.738,9.017],[-74.748,9.029],[-74.749,9.044],[-74.761,9.042],[-74.78,9.038],[-74.792,9.045],[-74.81,9.049],[-74.821,9.055],[-74.829,9.068],[-74.831,9.08],[-74.834,9.091],[-74.837,9.101],[-74.847,9.122],[-74.853,9.133],[-74.865,9.136],[-74.872,9.148],[-74.882,9.164],[-74.895,9.166],[-74.9,9.181],[-74.916,9.195],[-74.913,9.215],[-74.915,9.226],[-74.911,9.238],[-74.92,9.252],[-74.93,9.256],[-74.931,9.272],[-74.936,9.284],[-74.947,9.292],[-74.943,9.306],[-74.931,9.315],[-74.929,9.326],[-74.943,9.334],[-74.948,9.345],[-74.937,9.355],[-74.927,9.366],[-74.919,9.381],[-74.924,9.392],[-74.913,9.415],[-74.895,9.422],[-74.883,9.427],[-74.896,9.43],[-74.909,9.433],[-74.926,9.444],[-74.942,9.445],[-74.961,9.441],[-74.981,9.442],[-75.002,9.446],[-75.015,9.459],[-75.026,9.457],[-75.036,9.477],[-75.029,9.501],[-75.031,9.514],[-75.02,9.527],[-75.031,9.531],[-75.043,9.541],[-75.057,9.534],[-75.075,9.533],[-75.086,9.54],[-75.093,9.552],[-75.104,9.566],[-75.119,9.574],[-75.129,9.579],[-75.134,9.595],[-75.15,9.597],[-75.163,9.606],[-75.177,9.603],[-75.179,9.616],[-75.188,9.628],[-75.176,9.634],[-75.165,9.646],[-75.18,9.639],[-75.195,9.645],[-75.21,9.652],[-75.229,9.651],[-75.243,9.658],[-75.254,9.66],[-75.265,9.67],[-75.267,9.683],[-75.281,9.684],[-75.3,9.67],[-75.3,9.656],[-75.315,9.652],[-75.319,9.638],[-75.325,9.622],[-75.335,9.611],[-75.336,9.625],[-75.344,9.644],[-75.357,9.647],[-75.369,9.632],[-75.365,9.649],[-75.376,9.654],[-75.376,9.666],[-75.372,9.682],[-75.361,9.689],[-75.362,9.713],[-75.364,9.723],[-75.357,9.737],[-75.347,9.746],[-75.344,9.761],[-75.338,9.777],[-75.335,9.793],[-75.349,9.806],[-75.342,9.82],[-75.333,9.841],[-75.332,9.854],[-75.324,9.867],[-75.325,9.881],[-75.337,9.887],[-75.342,9.904],[-75.353,9.909],[-75.358,9.874],[-75.37,9.87],[-75.399,9.882],[-75.431,9.888],[-75.443,9.892],[-75.458,9.899],[-75.463,9.913],[-75.481,9.906],[-75.477,9.918],[-75.481,9.93],[-75.472,9.947],[-75.463,9.962],[-75.466,9.973],[-75.474,9.992],[-75.483,10.015],[-75.483,10.037],[-75.5,10.035],[-75.517,10.025],[-75.534,10.039],[-75.545,10.046],[-75.499,10.148],[-75.565,10.122]]]}},{"type":"Feature","properties":{"codigo":735,"nombre":"Tolima","nombre_fuente":"Tolima"},"geometry":{"type":"Polygon","coordinates":[[[-75.375,4.804],[-75.377,4.788],[-75.381,4.774],[-75.381,4.76],[-75.388,4.747],[-75.384,4.736],[-75.387,4.722],[-75.385,4.709],[-75.389,4.698],[-75.404,4.686],[-75.418,4.667],[-75.423,4.656],[-75.418,4.639],[-75.416,4.625],[-75.421,4.61],[-75.432,4.603],[-75.45,4.603],[-75.468,4.599],[-75.475,4.586],[-75.488,4.576],[-75.5,4.564],[-75.515,4.556],[-75.522,4.544],[-75.522,4.528],[-75.527,4.516],[-75.524,4.502],[-75.535,4.495],[-75.547,4.48],[-75.559,4.473],[-75.569,4.462],[-75.576,4.445],[-75.578,4.433],[-75.58,4.422],[-75.579,4.406],[-75.583,4.394],[-75.591,4.377],[-75.591,4.364],[-75.594,4.353],[-75.598,4.337],[-75.597,4.326],[-75.598,4.313],[-75.601,4.302],[-75.604,4.29],[-75.597,4.279],[-75.608,4.273],[-75.62,4.269],[-75.623,4.258],[-75.63,4.243],[-75.638,4.231],[-75.654,4.229],[-75.66,4.217],[-75.656,4.204],[-75.671,4.184],[-75.684,4.171],[-75.692,4.161],[-75.692,4.142],[-75.697,4.132],[-75.715,4.126],[-75.719,4.113],[-75.731,4.114],[-75.733,4.103],[-75.744,4.098],[-75.751,4.086],[-75.752,4.069],[-75.74,4.058],[-75.754,4.033],[-75.77,4.02],[-75.776,4.008],[-75.787,4.009],[-75.796,3.991],[-75.792,3.978],[-75.796,3.961],[-75.809,3.939],[-75.81,3.924],[-75.822,3.905],[-75.833,3.907],[-75.842,3.897],[-75.859,3.88],[-75.861,3.863],[-75.863,3.845],[-75.867,3.832],[-75.893,3.811],[-75.902,3.796],[-75.906,3.781],[-75.915,3.759],[-75.921,3.741],[-75.938,3.734],[-75.945,3.719],[-75.955,3.714],[-75.96,3.694],[-75.952,3.674],[-75.968,3.663],[-75.978,3.644],[-75.991,3.642],[-75.988,3.622],[-75.994,3.607],[-75.991,3.597],[-75.986,3.581],[-75.985,3.56],[-75.994,3.546],[-75.999,3.532],[-76.003,3.517],[-76.015,3.509],[-76.025,3.493],[-76.022,3.478],[-76.027,3.465],[-76.037,3.45],[-76.042,3.437],[-76.038,3.42],[-76.043,3.408],[-76.043,3.397],[-76.031,3.391],[-76.034,3.381],[-76.048,3.374],[-76.057,3.358],[-76.055,3.344],[-76.054,3.327],[-76.044,3.319],[-76.039,3.302],[-76.044,3.29],[-76.05,3.28],[-76.047,3.265],[-76.039,3.251],[-76.058,3.232],[-76.053,3.216],[-76.061,3.203],[-76.076,3.201],[-76.09,3.201],[-76.09,3.191],[-76.092,3.178],[-76.08,3.166],[-76.086,3.154],[-76.073,3.14],[-76.073,3.123],[-76.084,3.115],[-76.105,3.109],[-76.104,3.096],[-76.092,3.097],[-76.082,3.09],[-76.074,3.078],[-76.07,3.066],[-76.074,3.053],[-76.062,3.046],[-76.046,3.043],[-76.039,3.025],[-76.035,3.013],[-76.024,3.005],[-76.02,2.994],[-76.029,2.984],[-76.033,2.962],[-76.034,2.945],[-76.025,2.956],[-76.026,2.969],[-76.014,2.977],[-75.989,2.982],[-75.983,2.972],[-75.98,2.96],[-75.972,2.946],[-75.963,2.936],[-75.957,2.924],[-75.945,2.922],[-75.933,2.922],[-75.909,2.91],[-75.903,2.899],[-75.885,2.898],[-75.876,2.887],[-75.87,2.877],[-75.857,2.871],[-75.845,2.871],[-75.834,2.873],[-75.817,2.884],[-75.803,2.885],[-75.791,2.898],[-75.781,2.91],[-75.766,2.915],[-75.765,2.927],[-75.761,2.938],[-75.748,2.948],[-75.736,2.954],[-75.725,2.957],[-75.711,2.964],[-75.699,2.975],[-75.693,2.99],[-75.665,2.988],[-75.647,2.996],[-75.637,2.994],[-75.627,3.009],[-75.617,3.021],[-75.61,3.035],[-75.602,3.047],[-75.608,3.058],[-75.622,3.075],[-75.606,3.103],[-75.602,3.114],[-75.591,3.116],[-75.582,3.136],[-75.584,3.149],[-75.583,3.169],[-75.578,3.185],[-75.573,3.201],[-75.573,3.218],[-75.569,3.241],[-75.559,3.248],[-75.548,3.257],[-75.544,3.272],[-75.531,3.287],[-75.521,3.301],[-75.527,3.317],[-75.517,3.326],[-75.498,3.322],[-75.488,3.327],[-75.488,3.339],[-75.478,3.361],[-75.462,3.355],[-75.446,3.357],[-75.442,3.347],[-75.428,3.354],[-75.417,3.364],[-75.394,3.378],[-75.378,3.374],[-75.374,3.389],[-75.37,3.403],[-75.359,3.409],[-75.344,3.406],[-75.333,3.399],[-75.324,3.412],[-75.311,3.412],[-75.303,3.399],[-75.29,3.391],[-75.277,3.384],[-75.26,3.378],[-75.256,3.368],[-75.245,3.383],[-75.246,3.395],[-75.228,3.415],[-75.215,3.414],[-75.204,3.411],[-75.196,3.396],[-75.198,3.384],[-75.184,3.382],[-75.173,3.387],[-75.174,3.398],[-75.176,3.409],[-75.164,3.411],[-75.154,3.418],[-75.153,3.429],[-75.128,3.43],[-75.116,3.433],[-75.095,3.431],[-75.067,3.431],[-75.044,3.429],[-75.043,3.418],[-75.043,3.408],[-75.038,3.395],[-75.036,3.384],[-75.054,3.385],[-75.058,3.369],[-75.061,3.358],[-75.057,3.334],[-75.059,3.324],[-75.065,3.311],[-75.074,3.3],[-75.053,3.288],[-75.037,3.287],[-75.023,3.288],[-75.006,3.281],[-74.994,3.278],[-74.984,3.284],[-74.972,3.284],[-74.96,3.282],[-74.944,3.281],[-74.929,3.283],[-74.915,3.289],[-74.887,3.31],[-74.873,3.326],[-74.863,3.334],[-74.849,3.342],[-74.846,3.355],[-74.835,3.367],[-74.828,3.378],[-74.822,3.391],[-74.817,3.402],[-74.801,3.418],[-74.77,3.438],[-74.762,3.45],[-74.775,3.467],[-74.781,3.481],[-74.782,3.5],[-74.773,3.526],[-74.761,3.532],[-74.75,3.529],[-74.739,3.533],[-74.732,3.548],[-74.726,3.562],[-74.735,3.576],[-74.739,3.59],[-74.728,3.6],[-74.721,3.613],[-74.709,3.611],[-74.699,3.639],[-74.687,3.653],[-74.674,3.671],[-74.662,3.674],[-74.656,3.684],[-74.633,3.693],[-74.615,3.713],[-74.593,3.725],[-74.585,3.743],[-74.574,3.753],[-74.557,3.768],[-74.553,3.779],[-74.546,3.792],[-74.545,3.811],[-74.535,3.831],[-74.539,3.845],[-74.535,3.858],[-74.531,3.869],[-74.525,3.883],[-74.525,3.897],[-74.523,3.916],[-74.515,3.929],[-74.512,3.951],[-74.523,3.961],[-74.533,3.994],[-74.529,4.005],[-74.524,4.022],[-74.528,4.044],[-74.518,4.059],[-74.509,4.074],[-74.487,4.095],[-74.484,4.105],[-74.475,4.116],[-74.476,4.132],[-74.482,4.142],[-74.484,4.157],[-74.482,4.175],[-74.497,4.184],[-74.501,4.195],[-74.511,4.206],[-74.513,4.223],[-74.521,4.24],[-74.534,4.245],[-74.545,4.254],[-74.551,4.265],[-74.562,4.271],[-74.578,4.268],[-74.589,4.267],[-74.601,4.26],[-74.62,4.252],[-74.62,4.241],[-74.622,4.229],[-74.633,4.223],[-74.64,4.211],[-74.655,4.198],[-74.655,4.211],[-74.667,4.211],[-74.678,4.203],[-74.692,4.21],[-74.703,4.213],[-74.708,4.224],[-74.715,4.235],[-74.734,4.248],[-74.744,4.243],[-74.749,4.254],[-74.764,4.254],[-74.769,4.265],[-74.782,4.265],[-74.776,4.28],[-74.796,4.288],[-74.807,4.286],[-74.826,4.285],[-74.836,4.275],[-74.857,4.269],[-74.869,4.267],[-74.879,4.266],[-74.885,4.28],[-74.883,4.301],[-74.884,4.318],[-74.874,4.326],[-74.856,4.335],[-74.852,4.356],[-74.854,4.367],[-74.843,4.376],[-74.838,4.398],[-74.833,4.409],[-74.831,4.424],[-74.834,4.435],[-74.833,4.445],[-74.819,4.446],[-74.809,4.451],[-74.804,4.461],[-74.801,4.485],[-74.795,4.5],[-74.791,4.513],[-74.798,4.528],[-74.802,4.542],[-74.808,4.553],[-74.805,4.567],[-74.815,4.582],[-74.797,4.588],[-74.799,4.6],[-74.814,4.607],[-74.813,4.619],[-74.8,4.629],[-74.799,4.64],[-74.787,4.648],[-74.79,4.66],[-74.805,4.667],[-74.809,4.678],[-74.803,4.69],[-74.803,4.704],[-74.816,4.714],[-74.814,4.736],[-74.794,4.747],[-74.783,4.749],[-74.778,4.76],[-74.771,4.772],[-74.761,4.78],[-74.75,4.784],[-74.744,4.804],[-74.745,4.818],[-74.749,4.829],[-74.762,4.834],[-74.769,4.845],[-74.757,4.856],[-74.752,4.874],[-74.754,4.887],[-74.738,4.883],[-74.732,4.898],[-74.74,4.908],[-74.733,4.933],[-74.748,4.948],[-74.746,4.964],[-74.733,4.977],[-74.713,4.974],[-74.708,4.985],[-74.726,4.998],[-74.736,4.999],[-74.743,5.013],[-74.738,5.026],[-74.728,5.042],[-74.727,5.056],[-74.73,5.067],[-74.723,5.088],[-74.719,5.119],[-74.729,5.128],[-74.731,5.145],[-74.722,5.16],[-74.715,5.179],[-74.721,5.199],[-74.732,5.202],[-74.729,5.214],[-74.73,5.232],[-74.727,5.255],[-74.727,5.268],[-74.73,5.279],[-74.742,5.285],[-74.753,5.282],[-74.766,5.288],[-74.774,5.299],[-74.785,5.297],[-74.796,5.3],[-74.814,5.307],[-74.827,5.319],[-74.837,5.316],[-74.848,5.316],[-74.861,5.306],[-74.872,5.294],[-74.885,5.297],[-74.898,5.299],[-74.913,5.31],[-74.928,5.31],[-74.939,5.313],[-74.95,5.306],[-74.961,5.302],[-74.979,5.295],[-74.989,5.29],[-75.0,5.291],[-75.01,5.294],[-75.021,5.288],[-75.033,5.277],[-75.056,5.275],[-75.06,5.265],[-75.063,5.254],[-75.074,5.244],[-75.08,5.231],[-75.09,5.221],[-75.105,5.197],[-75.105,5.185],[-75.115,5.174],[-75.112,5.164],[-75.124,5.16],[-75.134,5.158],[-75.144,5.164],[-75.155,5.171],[-75.165,5.167],[-75.178,5.164],[-75.188,5.162],[-75.201,5.151],[-75.215,5.134],[-75.228,5.132],[-75.238,5.127],[-75.251,5.129],[-75.276,5.141],[-75.288,5.138],[-75.295,5.127],[-75.309,5.11],[-75.325,5.099],[-75.336,5.088],[-75.343,5.072],[-75.348,5.057],[-75.34,5.046],[-75.327,5.041],[-75.319,5.031],[-75.317,5.005],[-75.327,4.991],[-75.336,4.974],[-75.353,4.966],[-75.352,4.934],[-75.346,4.915],[-75.338,4.901],[-75.32,4.892],[-75.322,4.872],[-75.339,4.852],[-75.353,4.842],[-75.358,4.827],[-75.37,4.812],[-75.375,4.804]]]}},{"type":"Feature","properties":{"codigo":741,"nombre":"Valle del Cauca","nombre_fuente":"Valle del Cauca"},"geometry":{"type":"Polygon","coordinates":[[[-75.753,4.077],[-75.78,4.074],[-75.782,4.085],[-75.794,4.088],[-75.827,4.1],[-75.837,4.099],[-75.835,4.111],[-75.842,4.125],[-75.843,4.152],[-75.834,4.172],[-75.823,4.193],[-75.822,4.204],[-75.825,4.214],[-75.824,4.226],[-75.816,4.242],[-75.808,4.256],[-75.798,4.265],[-75.797,4.278],[-75.793,4.289],[-75.794,4.304],[-75.791,4.349],[-75.796,4.36],[-75.803,4.374],[-75.801,4.389],[-75.812,4.403],[-75.832,4.406],[-75.843,4.403],[-75.858,4.416],[-75.878,4.41],[-75.894,4.415],[-75.896,4.426],[-75.888,4.438],[-75.876,4.449],[-75.866,4.453],[-75.88,4.465],[-75.874,4.48],[-75.873,4.5],[-75.87,4.519],[-75.881,4.531],[-75.872,4.544],[-75.876,4.556],[-75.866,4.563],[-75.866,4.573],[-75.869,4.588],[-75.861,4.601],[-75.864,4.615],[-75.853,4.624],[-75.849,4.638],[-75.835,4.645],[-75.827,4.655],[-75.817,4.662],[-75.802,4.66],[-75.789,4.66],[-75.779,4.653],[-75.768,4.652],[-75.758,4.651],[-75.739,4.655],[-75.725,4.652],[-75.706,4.655],[-75.708,4.678],[-75.714,4.713],[-75.725,4.711],[-75.735,4.71],[-75.745,4.712],[-75.758,4.71],[-75.77,4.714],[-75.78,4.722],[-75.79,4.717],[-75.802,4.723],[-75.815,4.73],[-75.831,4.737],[-75.842,4.728],[-75.856,4.728],[-75.849,4.738],[-75.847,4.756],[-75.847,4.769],[-75.857,4.778],[-75.87,4.775],[-75.879,4.763],[-75.898,4.759],[-75.917,4.757],[-75.92,4.768],[-75.928,4.78],[-75.918,4.794],[-75.931,4.8],[-75.927,4.812],[-75.912,4.815],[-75.911,4.826],[-75.903,4.837],[-75.906,4.849],[-75.912,4.861],[-75.915,4.875],[-75.928,4.863],[-75.945,4.857],[-75.956,4.864],[-75.971,4.859],[-75.989,4.873],[-75.987,4.903],[-76.002,4.921],[-76.012,4.926],[-76.027,4.938],[-76.032,4.954],[-76.035,4.966],[-76.043,4.984],[-76.049,5.0],[-76.058,5.014],[-76.078,5.036],[-76.092,5.037],[-76.094,5.011],[-76.098,5.0],[-76.092,4.984],[-76.091,4.947],[-76.098,4.922],[-76.114,4.89],[-76.121,4.877],[-76.131,4.862],[-76.137,4.842],[-76.153,4.836],[-76.164,4.835],[-76.174,4.832],[-76.194,4.829],[-76.211,4.83],[-76.223,4.82],[-76.233,4.808],[-76.26,4.791],[-76.273,4.775],[-76.284,4.77],[-76.299,4.759],[-76.306,4.744],[-76.291,4.723],[-76.288,4.712],[-76.296,4.697],[-76.301,4.669],[-76.3,4.654],[-76.313,4.629],[-76.318,4.608],[-76.333,4.587],[-76.344,4.576],[-76.344,4.562],[-76.364,4.558],[-76.379,4.559],[-76.388,4.545],[-76.397,4.533],[-76.385,4.521],[-76.369,4.498],[-76.38,4.493],[-76.387,4.481],[-76.401,4.474],[-76.409,4.458],[-76.418,4.447],[-76.431,4.448],[-76.448,4.441],[-76.474,4.423],[-76.492,4.413],[-76.504,4.41],[-76.516,4.403],[-76.535,4.401],[-76.546,4.398],[-76.551,4.365],[-76.548,4.349],[-76.541,4.333],[-76.524,4.314],[-76.522,4.284],[-76.51,4.271],[-76.504,4.252],[-76.474,4.234],[-76.458,4.231],[-76.454,4.22],[-76.447,4.205],[-76.444,4.191],[-76.445,4.176],[-76.453,4.145],[-76.467,4.122],[-76.473,4.104],[-76.484,4.09],[-76.494,4.07],[-76.505,4.064],[-76.515,4.067],[-76.525,4.062],[-76.536,4.053],[-76.541,4.031],[-76.538,4.019],[-76.553,4.005],[-76.569,3.988],[-76.591,3.97],[-76.593,3.988],[-76.6,4.0],[-76.624,4.009],[-76.635,4.005],[-76.678,3.966],[-76.694,3.966],[-76.717,3.976],[-76.741,3.989],[-76.751,3.998],[-76.772,3.995],[-76.789,4.006],[-76.807,4.006],[-76.821,4.013],[-76.826,4.029],[-76.841,4.039],[-76.857,4.031],[-76.867,4.033],[-76.868,4.044],[-76.876,4.06],[-76.889,4.068],[-76.893,4.08],[-76.902,4.092],[-76.926,4.104],[-76.936,4.107],[-76.948,4.118],[-76.964,4.121],[-76.976,4.12],[-76.99,4.119],[-77.0,4.1],[-77.014,4.101],[-77.035,4.101],[-77.046,4.1],[-77.063,4.099],[-77.086,4.109],[-77.107,4.102],[-77.121,4.12],[-77.131,4.153],[-77.141,4.161],[-77.153,4.177],[-77.167,4.183],[-77.188,4.173],[-77.203,4.173],[-77.214,4.157],[-77.224,4.158],[-77.239,4.172],[-77.25,4.188],[-77.249,4.227],[-77.259,4.234],[-77.269,4.231],[-77.281,4.22],[-77.287,4.206],[-77.285,4.193],[-77.288,4.181],[-77.305,4.166],[-77.316,4.17],[-77.334,4.191],[-77.352,4.197],[-77.372,4.184],[-77.376,4.173],[-77.39,4.161],[-77.391,4.148],[-77.417,4.143],[-77.429,4.145],[-77.442,4.138],[-77.444,4.125],[-77.431,4.105],[-77.429,4.092],[-77.434,4.077],[-77.432,4.064],[-77.426,4.052],[-77.437,4.042],[-77.439,4.027],[-77.437,4.011],[-77.407,3.99],[-77.393,3.98],[-77.389,3.99],[-77.379,3.973],[-77.372,3.952],[-77.365,3.933],[-77.352,3.929],[-77.345,3.943],[-77.338,3.965],[-77.333,3.976],[-77.322,3.987],[-77.321,4.007],[-77.318,4.017],[-77.314,4.029],[-77.309,4.04],[-77.295,4.045],[-77.284,4.053],[-77.273,4.049],[-77.267,4.06],[-77.257,4.071],[-77.247,4.076],[-77.249,4.064],[-77.257,4.053],[-77.246,4.059],[-77.234,4.059],[-77.222,4.061],[-77.209,4.066],[-77.201,4.054],[-77.189,4.057],[-77.198,4.041],[-77.197,4.031],[-77.211,4.018],[-77.22,4.003],[-77.23,3.996],[-77.241,3.992],[-77.249,3.979],[-77.235,3.979],[-77.235,3.969],[-77.246,3.973],[-77.257,3.964],[-77.264,3.952],[-77.265,3.963],[-77.254,3.973],[-77.259,3.983],[-77.273,3.986],[-77.275,3.976],[-77.286,3.981],[-77.293,3.967],[-77.296,3.957],[-77.307,3.948],[-77.301,3.959],[-77.312,3.954],[-77.316,3.944],[-77.312,3.929],[-77.318,3.916],[-77.321,3.902],[-77.309,3.908],[-77.298,3.9],[-77.287,3.895],[-77.275,3.897],[-77.288,3.89],[-77.293,3.879],[-77.304,3.874],[-77.302,3.861],[-77.29,3.854],[-77.281,3.839],[-77.271,3.838],[-77.26,3.831],[-77.25,3.832],[-77.235,3.836],[-77.225,3.83],[-77.213,3.836],[-77.202,3.84],[-77.185,3.832],[-77.176,3.843],[-77.166,3.846],[-77.155,3.856],[-77.134,3.87],[-77.124,3.872],[-77.112,3.875],[-77.107,3.889],[-77.104,3.899],[-77.094,3.895],[-77.104,3.906],[-77.09,3.91],[-77.079,3.908],[-77.066,3.904],[-77.054,3.909],[-77.049,3.891],[-77.052,3.881],[-77.055,3.867],[-77.06,3.852],[-77.065,3.862],[-77.082,3.858],[-77.097,3.853],[-77.108,3.841],[-77.111,3.822],[-77.124,3.818],[-77.137,3.81],[-77.13,3.8],[-77.142,3.81],[-77.146,3.794],[-77.134,3.786],[-77.131,3.776],[-77.145,3.77],[-77.134,3.765],[-77.144,3.761],[-77.152,3.751],[-77.164,3.758],[-77.185,3.745],[-77.197,3.738],[-77.189,3.678],[-77.173,3.698],[-77.169,3.685],[-77.166,3.662],[-77.158,3.651],[-77.147,3.647],[-77.166,3.644],[-77.178,3.651],[-77.188,3.655],[-77.187,3.64],[-77.195,3.612],[-77.207,3.607],[-77.217,3.597],[-77.233,3.577],[-77.247,3.579],[-77.236,3.581],[-77.248,3.581],[-77.26,3.578],[-77.272,3.574],[-77.294,3.57],[-77.33,3.53],[-77.334,3.513],[-77.354,3.494],[-77.362,3.484],[-77.366,3.467],[-77.365,3.45],[-77.372,3.438],[-77.379,3.42],[-77.392,3.398],[-77.401,3.388],[-77.404,3.373],[-77.415,3.36],[-77.427,3.356],[-77.447,3.343],[-77.433,3.356],[-77.462,3.332],[-77.475,3.325],[-77.483,3.31],[-77.528,3.26],[-77.542,3.239],[-77.54,3.225],[-77.498,3.222],[-77.48,3.208],[-77.467,3.216],[-77.463,3.229],[-77.451,3.243],[-77.438,3.247],[-77.415,3.242],[-77.413,3.23],[-77.406,3.218],[-77.393,3.214],[-77.38,3.202],[-77.381,3.182],[-77.371,3.171],[-77.367,3.15],[-77.355,3.145],[-77.345,3.14],[-77.333,3.152],[-77.33,3.164],[-77.32,3.165],[-77.306,3.169],[-77.29,3.157],[-77.279,3.159],[-77.278,3.148],[-77.29,3.143],[-77.278,3.139],[-77.268,3.133],[-77.258,3.128],[-77.253,3.115],[-77.245,3.126],[-77.234,3.107],[-77.217,3.12],[-77.216,3.131],[-77.201,3.134],[-77.2,3.144],[-77.187,3.149],[-77.173,3.159],[-77.159,3.165],[-77.155,3.176],[-77.143,3.172],[-77.131,3.161],[-77.117,3.169],[-77.105,3.181],[-77.095,3.183],[-77.085,3.184],[-77.07,3.172],[-77.059,3.169],[-77.038,3.165],[-77.019,3.157],[-77.0,3.153],[-76.988,3.139],[-76.978,3.135],[-76.972,3.119],[-76.952,3.116],[-76.939,3.114],[-76.927,3.127],[-76.928,3.139],[-76.916,3.15],[-76.912,3.172],[-76.913,3.187],[-76.908,3.201],[-76.897,3.204],[-76.881,3.209],[-76.87,3.209],[-76.859,3.212],[-76.839,3.211],[-76.826,3.211],[-76.812,3.209],[-76.796,3.216],[-76.785,3.223],[-76.773,3.234],[-76.765,3.222],[-76.755,3.209],[-76.748,3.195],[-76.742,3.172],[-76.748,3.157],[-76.744,3.136],[-76.733,3.125],[-76.701,3.119],[-76.686,3.109],[-76.669,3.101],[-76.655,3.101],[-76.643,3.112],[-76.632,3.126],[-76.623,3.114],[-76.616,3.097],[-76.604,3.097],[-76.593,3.094],[-76.6,3.105],[-76.588,3.106],[-76.59,3.117],[-76.58,3.12],[-76.569,3.125],[-76.567,3.111],[-76.555,3.109],[-76.544,3.104],[-76.537,3.119],[-76.527,3.115],[-76.516,3.118],[-76.522,3.131],[-76.533,3.131],[-76.522,3.136],[-76.518,3.148],[-76.508,3.15],[-76.506,3.16],[-76.493,3.166],[-76.495,3.176],[-76.49,3.187],[-76.491,3.199],[-76.492,3.211],[-76.48,3.219],[-76.468,3.231],[-76.477,3.243],[-76.463,3.242],[-76.463,3.253],[-76.462,3.269],[-76.474,3.271],[-76.485,3.277],[-76.482,3.288],[-76.472,3.289],[-76.491,3.289],[-76.49,3.304],[-76.479,3.292],[-76.474,3.306],[-76.478,3.317],[-76.467,3.321],[-76.457,3.327],[-76.433,3.313],[-76.42,3.312],[-76.408,3.301],[-76.373,3.288],[-76.357,3.289],[-76.342,3.282],[-76.328,3.282],[-76.311,3.282],[-76.293,3.286],[-76.282,3.283],[-76.271,3.277],[-76.261,3.279],[-76.23,3.276],[-76.217,3.268],[-76.207,3.257],[-76.202,3.242],[-76.194,3.23],[-76.181,3.232],[-76.17,3.231],[-76.157,3.235],[-76.145,3.224],[-76.133,3.222],[-76.119,3.222],[-76.109,3.226],[-76.083,3.218],[-76.068,3.211],[-76.059,3.222],[-76.058,3.232],[-76.047,3.245],[-76.041,3.256],[-76.048,3.272],[-76.047,3.287],[-76.039,3.302],[-76.044,3.319],[-76.054,3.327],[-76.055,3.344],[-76.059,3.354],[-76.049,3.365],[-76.034,3.381],[-76.031,3.391],[-76.043,3.397],[-76.043,3.408],[-76.038,3.42],[-76.042,3.437],[-76.037,3.45],[-76.027,3.461],[-76.022,3.478],[-76.025,3.493],[-76.015,3.509],[-76.003,3.517],[-76.001,3.529],[-75.994,3.546],[-75.985,3.56],[-75.989,3.575],[-75.985,3.588],[-75.994,3.607],[-75.988,3.622],[-75.993,3.632],[-75.982,3.643],[-75.975,3.657],[-75.958,3.665],[-75.957,3.689],[-75.961,3.706],[-75.949,3.714],[-75.944,3.728],[-75.921,3.741],[-75.915,3.759],[-75.91,3.773],[-75.902,3.786],[-75.893,3.804],[-75.875,3.822],[-75.863,3.845],[-75.857,3.857],[-75.861,3.875],[-75.842,3.897],[-75.836,3.907],[-75.822,3.905],[-75.81,3.924],[-75.809,3.939],[-75.805,3.952],[-75.792,3.969],[-75.796,3.991],[-75.792,4.008],[-75.778,4.007],[-75.77,4.02],[-75.754,4.033],[-75.739,4.054],[-75.752,4.069],[-75.753,4.077]]]}},{"type":"Feature","properties":{"codigo":754,"nombre":"Vaupés","nombre_fuente":"Vaupés"},"geometry":{"type":"Polygon","coordinates":[[[-69.433,-1.071],[-69.422,-1.072],[-69.431,-1.061],[-69.423,-1.049],[-69.429,-1.035],[-69.442,-1.034],[-69.445,-1.023],[-69.433,-1.022],[-69.423,-1.014],[-69.429,-1.004],[-69.419,-1.005],[-69.43,-1.0],[-69.449,-0.997],[-69.459,-0.994],[-69.467,-0.982],[-69.462,-0.968],[-69.471,-0.957],[-69.486,-0.948],[-69.497,-0.949],[-69.503,-0.939],[-69.51,-0.928],[-69.521,-0.924],[-69.529,-0.912],[-69.531,-0.9],[-69.521,-0.9],[-69.531,-0.895],[-69.526,-0.882],[-69.531,-0.871],[-69.534,-0.858],[-69.545,-0.862],[-69.549,-0.851],[-69.564,-0.847],[-69.572,-0.832],[-69.562,-0.827],[-69.559,-0.815],[-69.57,-0.804],[-69.58,-0.803],[-69.586,-0.792],[-69.586,-0.782],[-69.601,-0.785],[-69.6,-0.773],[-69.61,-0.767],[-69.606,-0.757],[-69.616,-0.757],[-69.615,-0.746],[-69.625,-0.747],[-69.616,-0.737],[-69.608,-0.726],[-69.603,-0.716],[-69.6,-0.704],[-69.595,-0.694],[-69.587,-0.682],[-69.585,-0.671],[-69.581,-0.661],[-69.575,-0.65],[-69.564,-0.641],[-69.567,-0.631],[-69.57,-0.621],[-69.582,-0.619],[-69.59,-0.607],[-69.599,-0.595],[-69.595,-0.58],[-69.596,-0.566],[-69.592,-0.554],[-69.603,-0.548],[-69.609,-0.538],[-69.612,-0.525],[-69.61,-0.515],[-69.607,-0.505],[-69.617,-0.497],[-69.629,-0.495],[-69.641,-0.494],[-69.644,-0.484],[-69.653,-0.474],[-69.664,-0.47],[-69.674,-0.464],[-69.692,-0.455],[-69.704,-0.455],[-69.714,-0.451],[-69.724,-0.444],[-69.735,-0.437],[-69.741,-0.427],[-69.749,-0.417],[-69.756,-0.406],[-69.766,-0.4],[-69.778,-0.392],[-69.79,-0.393],[-69.801,-0.382],[-69.811,-0.373],[-69.824,-0.374],[-69.829,-0.363],[-69.836,-0.351],[-69.845,-0.337],[-69.855,-0.339],[-69.869,-0.34],[-69.881,-0.337],[-69.891,-0.339],[-69.903,-0.335],[-69.914,-0.327],[-69.924,-0.317],[-69.932,-0.305],[-69.935,-0.294],[-69.946,-0.293],[-69.952,-0.283],[-69.963,-0.274],[-69.977,-0.258],[-69.983,-0.245],[-69.993,-0.233],[-69.999,-0.223],[-70.043,-0.19],[-70.043,0.069],[-70.047,0.26],[-70.047,0.563],[-70.027,0.562],[-70.023,0.548],[-70.009,0.548],[-69.996,0.55],[-69.992,0.562],[-70.0,0.574],[-69.989,0.569],[-69.978,0.578],[-69.963,0.571],[-69.946,0.556],[-69.929,0.559],[-69.92,0.57],[-69.916,0.58],[-69.916,0.59],[-69.903,0.581],[-69.892,0.58],[-69.88,0.578],[-69.869,0.583],[-69.859,0.578],[-69.851,0.588],[-69.838,0.585],[-69.823,0.591],[-69.809,0.576],[-69.797,0.578],[-69.787,0.59],[-69.774,0.599],[-69.762,0.604],[-69.75,0.616],[-69.739,0.609],[-69.723,0.615],[-69.717,0.628],[-69.716,0.641],[-69.702,0.652],[-69.691,0.648],[-69.687,0.664],[-69.671,0.668],[-69.649,0.663],[-69.642,0.653],[-69.64,0.642],[-69.629,0.628],[-69.616,0.627],[-69.608,0.613],[-69.606,0.634],[-69.589,0.638],[-69.597,0.649],[-69.586,0.66],[-69.574,0.669],[-69.566,0.68],[-69.535,0.679],[-69.531,0.691],[-69.532,0.702],[-69.514,0.714],[-69.503,0.72],[-69.487,0.728],[-69.47,0.735],[-69.459,0.731],[-69.456,0.719],[-69.44,0.716],[-69.436,0.703],[-69.422,0.691],[-69.41,0.678],[-69.403,0.663],[-69.391,0.655],[-69.369,0.634],[-69.356,0.615],[-69.345,0.625],[-69.337,0.642],[-69.327,0.637],[-69.32,0.626],[-69.31,0.637],[-69.298,0.649],[-69.285,0.649],[-69.29,0.635],[-69.284,0.62],[-69.293,0.61],[-69.282,0.604],[-69.271,0.602],[-69.256,0.607],[-69.242,0.609],[-69.226,0.607],[-69.213,0.61],[-69.2,0.606],[-69.201,0.621],[-69.204,0.632],[-69.196,0.648],[-69.181,0.653],[-69.166,0.65],[-69.154,0.646],[-69.135,0.644],[-69.122,0.633],[-69.116,0.645],[-69.118,0.655],[-69.131,0.671],[-69.153,0.705],[-69.169,0.715],[-69.183,0.718],[-69.19,0.741],[-69.177,0.754],[-69.162,0.755],[-69.149,0.768],[-69.147,0.781],[-69.153,0.794],[-69.155,0.806],[-69.168,0.821],[-69.165,0.836],[-69.165,0.847],[-69.155,0.848],[-69.142,0.848],[-69.137,0.858],[-69.136,0.872],[-69.143,0.882],[-69.157,0.881],[-69.166,0.892],[-69.181,0.902],[-69.188,0.913],[-69.192,0.926],[-69.182,0.937],[-69.168,0.934],[-69.17,0.945],[-69.196,0.961],[-69.207,0.965],[-69.217,0.972],[-69.198,0.996],[-69.206,1.009],[-69.221,1.023],[-69.233,1.038],[-69.246,1.046],[-69.245,1.057],[-69.258,1.053],[-69.274,1.055],[-69.287,1.052],[-69.304,1.062],[-69.306,1.074],[-69.32,1.089],[-69.338,1.08],[-69.349,1.081],[-69.361,1.08],[-69.375,1.088],[-69.382,1.074],[-69.399,1.059],[-69.404,1.048],[-69.423,1.043],[-69.436,1.062],[-69.439,1.074],[-69.46,1.077],[-69.475,1.073],[-69.486,1.079],[-69.527,1.07],[-69.553,1.074],[-69.574,1.073],[-69.598,1.094],[-69.61,1.098],[-69.624,1.095],[-69.634,1.084],[-69.646,1.089],[-69.668,1.081],[-69.673,1.071],[-69.686,1.072],[-69.704,1.075],[-69.706,1.091],[-69.705,1.103],[-69.701,1.115],[-69.715,1.117],[-69.727,1.108],[-69.746,1.114],[-69.774,1.103],[-69.791,1.089],[-69.798,1.071],[-69.816,1.063],[-69.833,1.08],[-69.843,1.073],[-69.843,1.715],[-69.854,1.708],[-69.864,1.714],[-69.878,1.727],[-69.888,1.729],[-69.899,1.74],[-69.912,1.742],[-69.924,1.75],[-69.935,1.746],[-69.946,1.746],[-69.956,1.746],[-69.971,1.743],[-69.983,1.748],[-69.995,1.751],[-70.003,1.763],[-70.018,1.761],[-70.029,1.769],[-70.039,1.77],[-70.051,1.774],[-70.06,1.787],[-70.067,1.799],[-70.078,1.802],[-70.091,1.809],[-70.098,1.82],[-70.109,1.828],[-70.122,1.836],[-70.129,1.846],[-70.142,1.857],[-70.149,1.867],[-70.16,1.868],[-70.171,1.869],[-70.181,1.885],[-70.17,1.899],[-70.169,1.913],[-70.164,1.931],[-70.153,1.937],[-70.139,1.934],[-70.142,1.947],[-70.139,1.961],[-70.14,1.978],[-70.127,1.992],[-70.112,2.003],[-70.114,2.018],[-70.119,2.03],[-70.122,2.04],[-70.118,2.06],[-70.112,2.074],[-70.129,2.07],[-70.141,2.067],[-70.153,2.065],[-70.162,2.054],[-70.167,2.042],[-70.18,2.03],[-70.193,2.03],[-70.204,2.027],[-70.215,2.021],[-70.221,2.032],[-70.233,2.031],[-70.245,2.023],[-70.259,2.014],[-70.271,2.021],[-70.283,2.015],[-70.293,2.013],[-70.305,2.014],[-70.318,2.013],[-70.323,1.997],[-70.333,1.996],[-70.344,1.996],[-70.351,1.983],[-70.364,1.985],[-70.364,1.996],[-70.377,2.005],[-70.377,1.991],[-70.387,1.985],[-70.391,1.995],[-70.404,1.996],[-70.415,1.986],[-70.431,1.99],[-70.442,1.993],[-70.451,1.983],[-70.464,1.984],[-70.458,1.971],[-70.468,1.968],[-70.485,1.963],[-70.49,1.953],[-70.502,1.95],[-70.51,1.94],[-70.514,1.952],[-70.524,1.947],[-70.529,1.957],[-70.539,1.947],[-70.549,1.938],[-70.56,1.938],[-70.572,1.936],[-70.583,1.931],[-70.596,1.937],[-70.602,1.927],[-70.614,1.929],[-70.623,1.918],[-70.634,1.919],[-70.634,1.908],[-70.646,1.908],[-70.656,1.912],[-70.668,1.902],[-70.679,1.906],[-70.69,1.897],[-70.695,1.909],[-70.705,1.906],[-70.707,1.916],[-70.717,1.919],[-70.727,1.92],[-70.738,1.921],[-70.742,1.908],[-70.756,1.912],[-70.77,1.927],[-70.781,1.921],[-70.795,1.917],[-70.801,1.905],[-70.815,1.91],[-70.825,1.912],[-70.84,1.914],[-70.852,1.917],[-70.866,1.909],[-70.87,1.92],[-70.876,1.93],[-70.888,1.922],[-70.899,1.903],[-70.907,1.891],[-70.924,1.881],[-70.937,1.867],[-70.947,1.856],[-70.963,1.846],[-70.974,1.843],[-70.982,1.832],[-70.993,1.822],[-71.004,1.824],[-71.011,1.814],[-71.026,1.81],[-71.036,1.811],[-71.048,1.804],[-71.059,1.806],[-71.07,1.807],[-71.082,1.797],[-71.094,1.801],[-71.09,1.788],[-71.111,1.785],[-71.125,1.782],[-71.128,1.772],[-71.143,1.759],[-71.155,1.763],[-71.18,1.746],[-71.196,1.731],[-71.205,1.712],[-71.234,1.69],[-71.245,1.673],[-71.261,1.669],[-71.268,1.68],[-71.285,1.685],[-71.296,1.697],[-71.309,1.704],[-71.315,1.714],[-71.336,1.704],[-71.346,1.706],[-71.361,1.702],[-71.38,1.723],[-71.384,1.733],[-71.389,1.72],[-71.397,1.709],[-71.387,1.659],[-71.392,1.644],[-71.395,1.632],[-71.398,1.614],[-71.39,1.602],[-71.398,1.589],[-71.41,1.585],[-71.42,1.586],[-71.436,1.556],[-71.431,1.544],[-71.438,1.532],[-71.442,1.51],[-71.454,1.484],[-71.456,1.471],[-71.471,1.46],[-71.49,1.447],[-71.48,1.434],[-71.476,1.419],[-71.478,1.404],[-71.49,1.386],[-71.49,1.374],[-71.502,1.364],[-71.507,1.354],[-71.505,1.343],[-71.51,1.333],[-71.52,1.321],[-71.518,1.311],[-71.522,1.299],[-71.533,1.29],[-71.526,1.278],[-71.536,1.275],[-71.547,1.279],[-71.546,1.268],[-71.543,1.256],[-71.542,1.246],[-71.54,1.236],[-71.544,1.223],[-71.552,1.212],[-71.544,1.202],[-71.531,1.2],[-71.529,1.183],[-71.518,1.172],[-71.517,1.162],[-71.512,1.15],[-71.502,1.148],[-71.508,1.138],[-71.495,1.134],[-71.485,1.116],[-71.493,1.106],[-71.503,1.104],[-71.524,1.115],[-71.536,1.125],[-71.535,1.136],[-71.531,1.147],[-71.531,1.16],[-71.556,1.157],[-71.558,1.146],[-71.541,1.121],[-71.552,1.113],[-71.563,1.131],[-71.581,1.128],[-71.575,1.117],[-71.578,1.106],[-71.574,1.096],[-71.577,1.081],[-71.589,1.072],[-71.585,1.061],[-71.59,1.051],[-71.603,1.043],[-71.615,1.038],[-71.621,1.027],[-71.631,1.022],[-71.635,1.01],[-71.644,0.999],[-71.65,0.986],[-71.658,0.976],[-71.673,0.975],[-71.686,0.977],[-71.7,0.982],[-71.718,0.989],[-71.737,0.987],[-71.747,0.977],[-71.755,0.965],[-71.765,0.964],[-71.768,0.946],[-71.767,0.931],[-71.769,0.919],[-71.779,0.904],[-71.793,0.893],[-72.033,0.668],[-72.021,0.662],[-72.011,0.653],[-72.0,0.659],[-71.994,0.644],[-71.995,0.633],[-71.981,0.632],[-71.989,0.614],[-72.0,0.602],[-72.012,0.597],[-71.995,0.591],[-71.991,0.571],[-71.987,0.56],[-71.974,0.559],[-71.963,0.555],[-71.955,0.542],[-71.942,0.551],[-71.944,0.563],[-71.93,0.553],[-71.923,0.533],[-71.913,0.514],[-71.927,0.498],[-71.928,0.486],[-71.907,0.479],[-71.905,0.466],[-71.919,0.46],[-71.911,0.444],[-71.898,0.443],[-71.886,0.45],[-71.887,0.466],[-71.869,0.46],[-71.855,0.455],[-71.846,0.436],[-71.847,0.415],[-71.833,0.406],[-71.836,0.396],[-71.833,0.373],[-71.841,0.36],[-71.853,0.355],[-71.841,0.345],[-71.824,0.339],[-71.806,0.347],[-71.802,0.361],[-71.815,0.367],[-71.789,0.364],[-71.779,0.365],[-71.766,0.37],[-71.772,0.359],[-71.773,0.348],[-71.785,0.345],[-71.787,0.334],[-71.776,0.331],[-71.76,0.329],[-71.754,0.319],[-71.752,0.3],[-71.738,0.286],[-71.732,0.299],[-71.726,0.309],[-71.712,0.314],[-71.699,0.306],[-71.704,0.295],[-71.716,0.292],[-71.726,0.282],[-71.711,0.259],[-71.697,0.237],[-71.657,0.22],[-71.645,0.21],[-71.626,0.216],[-71.626,0.204],[-71.616,0.195],[-71.629,0.192],[-71.611,0.182],[-71.594,0.196],[-71.578,0.206],[-71.569,0.216],[-71.559,0.217],[-71.562,0.207],[-71.575,0.199],[-71.577,0.181],[-71.587,0.171],[-71.565,0.172],[-71.553,0.172],[-71.53,0.166],[-71.525,0.153],[-71.532,0.141],[-71.543,0.132],[-71.533,0.121],[-71.515,0.133],[-71.502,0.13],[-71.494,0.145],[-71.481,0.151],[-71.481,0.164],[-71.474,0.184],[-71.464,0.183],[-71.454,0.175],[-71.456,0.164],[-71.469,0.157],[-71.451,0.14],[-71.438,0.143],[-71.419,0.143],[-71.402,0.158],[-71.403,0.17],[-71.401,0.187],[-71.39,0.179],[-71.374,0.174],[-71.368,0.162],[-71.369,0.15],[-71.35,0.145],[-71.339,0.14],[-71.342,0.154],[-71.329,0.145],[-71.321,0.125],[-71.328,0.114],[-71.308,0.103],[-71.291,0.098],[-71.289,0.087],[-71.297,0.074],[-71.281,0.066],[-71.263,0.071],[-71.253,0.059],[-71.236,0.067],[-71.227,0.055],[-71.211,0.071],[-71.201,0.074],[-71.187,0.082],[-71.191,0.093],[-71.178,0.095],[-71.157,0.072],[-71.145,0.063],[-71.149,0.046],[-71.142,0.028],[-71.137,0.01],[-71.125,0.003],[-71.113,0.024],[-71.1,0.023],[-71.097,0.008],[-71.096,-0.007],[-71.083,0.001],[-71.073,0.0],[-71.065,-0.01],[-71.045,-0.004],[-71.035,-0.007],[-71.041,-0.02],[-71.053,-0.025],[-71.036,-0.044],[-71.02,-0.048],[-71.018,-0.025],[-71.016,-0.013],[-71.001,-0.004],[-70.982,-0.003],[-70.969,-0.008],[-70.973,-0.026],[-70.96,-0.04],[-70.944,-0.041],[-70.934,-0.052],[-70.929,-0.067],[-70.923,-0.081],[-70.918,-0.099],[-70.901,-0.101],[-70.892,-0.112],[-70.9,-0.133],[-70.914,-0.123],[-70.925,-0.126],[-70.943,-0.14],[-70.947,-0.154],[-70.943,-0.164],[-70.933,-0.175],[-70.918,-0.183],[-70.917,-0.198],[-70.889,-0.208],[-70.886,-0.224],[-70.874,-0.242],[-70.873,-0.263],[-70.879,-0.277],[-70.867,-0.291],[-70.865,-0.31],[-70.842,-0.328],[-70.839,-0.341],[-70.83,-0.361],[-70.811,-0.364],[-70.808,-0.35],[-70.797,-0.344],[-70.768,-0.334],[-70.758,-0.322],[-70.779,-0.317],[-70.775,-0.302],[-70.765,-0.294],[-70.746,-0.29],[-70.729,-0.29],[-70.72,-0.302],[-70.71,-0.314],[-70.693,-0.328],[-70.685,-0.345],[-70.671,-0.351],[-70.661,-0.339],[-70.637,-0.319],[-70.627,-0.322],[-70.616,-0.338],[-70.606,-0.347],[-70.6,-0.366],[-70.59,-0.384],[-70.572,-0.391],[-70.564,-0.369],[-70.548,-0.362],[-70.535,-0.374],[-70.531,-0.362],[-70.52,-0.357],[-70.514,-0.368],[-70.496,-0.388],[-70.479,-0.398],[-70.472,-0.411],[-70.454,-0.437],[-70.449,-0.453],[-70.453,-0.465],[-70.465,-0.48],[-70.463,-0.491],[-70.451,-0.494],[-70.439,-0.478],[-70.413,-0.465],[-70.398,-0.462],[-70.387,-0.47],[-70.381,-0.493],[-70.367,-0.496],[-70.343,-0.499],[-70.323,-0.489],[-70.32,-0.478],[-70.324,-0.467],[-70.338,-0.472],[-70.352,-0.472],[-70.363,-0.466],[-70.366,-0.454],[-70.349,-0.449],[-70.337,-0.439],[-70.319,-0.442],[-70.307,-0.44],[-70.302,-0.43],[-70.298,-0.417],[-70.278,-0.413],[-70.256,-0.432],[-70.251,-0.442],[-70.241,-0.444],[-70.229,-0.436],[-70.217,-0.436],[-70.201,-0.459],[-70.203,-0.472],[-70.235,-0.466],[-70.245,-0.469],[-70.255,-0.487],[-70.265,-0.496],[-70.283,-0.504],[-70.294,-0.512],[-70.308,-0.533],[-70.319,-0.547],[-70.327,-0.564],[-70.326,-0.578],[-70.312,-0.588],[-70.301,-0.578],[-70.304,-0.563],[-70.294,-0.555],[-70.281,-0.557],[-70.269,-0.573],[-70.259,-0.602],[-70.261,-0.615],[-70.255,-0.627],[-70.257,-0.646],[-70.254,-0.668],[-70.26,-0.693],[-70.263,-0.71],[-70.252,-0.727],[-70.249,-0.737],[-70.264,-0.746],[-70.278,-0.744],[-70.29,-0.751],[-70.294,-0.762],[-70.297,-0.787],[-70.289,-0.81],[-70.275,-0.821],[-70.263,-0.827],[-70.237,-0.866],[-70.224,-0.878],[-70.221,-0.889],[-70.243,-0.903],[-70.253,-0.916],[-70.254,-0.926],[-70.262,-0.937],[-70.285,-0.932],[-70.295,-0.935],[-70.305,-0.952],[-70.307,-0.966],[-70.301,-0.979],[-70.279,-1.004],[-70.26,-1.017],[-70.241,-1.019],[-70.23,-1.01],[-70.227,-0.993],[-70.219,-0.983],[-70.208,-0.981],[-70.197,-0.985],[-70.199,-1.006],[-70.22,-1.026],[-70.228,-1.042],[-70.222,-1.059],[-70.206,-1.069],[-70.182,-1.072],[-70.178,-1.091],[-70.177,-1.101],[-70.168,-1.113],[-70.151,-1.116],[-70.131,-1.111],[-70.121,-1.102],[-70.114,-1.077],[-70.082,-1.044],[-70.078,-1.029],[-70.084,-1.013],[-70.104,-1.009],[-70.122,-1.021],[-70.134,-1.016],[-70.139,-1.005],[-70.137,-0.99],[-70.126,-0.976],[-70.099,-0.951],[-70.083,-0.946],[-70.073,-0.946],[-70.056,-0.965],[-70.051,-0.975],[-70.034,-0.978],[-70.024,-0.971],[-70.026,-0.952],[-70.025,-0.941],[-70.008,-0.937],[-70.0,-0.95],[-70.008,-0.963],[-70.001,-0.974],[-69.99,-0.976],[-69.964,-0.969],[-69.946,-0.948],[-69.931,-0.949],[-69.913,-0.96],[-69.902,-0.973],[-69.916,-0.972],[-69.934,-0.982],[-69.951,-0.992],[-69.954,-1.006],[-69.943,-1.023],[-69.944,-1.038],[-69.959,-1.049],[-69.967,-1.06],[-69.972,-1.074],[-69.967,-1.088],[-69.951,-1.097],[-69.939,-1.096],[-69.917,-1.083],[-69.892,-1.081],[-69.879,-1.079],[-69.866,-1.065],[-69.86,-1.049],[-69.853,-1.039],[-69.835,-1.028],[-69.824,-1.028],[-69.785,-1.085],[-69.759,-1.097],[-69.742,-1.095],[-69.734,-1.084],[-69.752,-1.076],[-69.765,-1.063],[-69.77,-1.045],[-69.756,-1.032],[-69.742,-1.038],[-69.729,-1.037],[-69.712,-1.043],[-69.7,-1.052],[-69.679,-1.084],[-69.659,-1.103],[-69.649,-1.118],[-69.65,-1.131],[-69.661,-1.117],[-69.673,-1.115],[-69.678,-1.137],[-69.681,-1.182],[-69.681,-1.199],[-69.675,-1.214],[-69.661,-1.227],[-69.648,-1.226],[-69.635,-1.198],[-69.638,-1.175],[-69.631,-1.165],[-69.616,-1.163],[-69.603,-1.152],[-69.586,-1.148],[-69.578,-1.158],[-69.572,-1.175],[-69.57,-1.185],[-69.561,-1.195],[-69.551,-1.192],[-69.534,-1.194],[-69.508,-1.217],[-69.49,-1.217],[-69.478,-1.212],[-69.467,-1.198],[-69.465,-1.177],[-69.472,-1.161],[-69.488,-1.155],[-69.483,-1.144],[-69.471,-1.146],[-69.46,-1.136],[-69.461,-1.124],[-69.47,-1.102],[-69.469,-1.089],[-69.459,-1.075],[-69.448,-1.07],[-69.433,-1.071]]]}},{"type":"Feature","properties":{"codigo":755,"nombre":"Vichada","nombre_fuente":"Vichada"},"geometry":{"type":"Polygon","coordinates":[[[-71.077,2.882],[-71.066,2.87],[-71.064,2.857],[-71.043,2.85],[-71.031,2.846],[-71.02,2.851],[-71.007,2.854],[-71.0,2.839],[-70.989,2.828],[-70.978,2.83],[-70.958,2.842],[-70.948,2.822],[-70.96,2.806],[-70.953,2.789],[-70.943,2.786],[-70.93,2.798],[-70.926,2.811],[-70.928,2.823],[-70.94,2.834],[-70.941,2.848],[-70.932,2.858],[-70.916,2.852],[-70.899,2.809],[-70.892,2.798],[-70.881,2.792],[-70.871,2.795],[-70.875,2.782],[-70.861,2.775],[-70.851,2.792],[-70.842,2.803],[-70.819,2.813],[-70.803,2.806],[-70.796,2.791],[-70.797,2.777],[-70.812,2.77],[-70.811,2.759],[-70.777,2.768],[-70.762,2.767],[-70.743,2.778],[-70.728,2.793],[-70.716,2.775],[-70.72,2.753],[-70.716,2.74],[-70.701,2.74],[-70.685,2.762],[-70.68,2.78],[-70.664,2.78],[-70.64,2.801],[-70.638,2.816],[-70.663,2.844],[-70.658,2.856],[-70.641,2.853],[-70.632,2.84],[-70.632,2.811],[-70.622,2.794],[-70.611,2.796],[-70.6,2.819],[-70.599,2.834],[-70.585,2.841],[-70.564,2.829],[-70.551,2.815],[-70.53,2.806],[-70.507,2.786],[-70.497,2.786],[-70.498,2.807],[-70.486,2.811],[-70.436,2.824],[-70.41,2.828],[-70.397,2.834],[-70.373,2.85],[-70.363,2.851],[-70.352,2.858],[-70.348,2.874],[-70.356,2.904],[-70.353,2.915],[-70.336,2.915],[-70.322,2.914],[-70.293,2.932],[-70.278,2.934],[-70.278,2.959],[-70.281,2.987],[-70.289,3.011],[-70.302,3.029],[-70.272,3.03],[-70.256,3.036],[-70.271,3.064],[-70.282,3.071],[-70.297,3.072],[-70.312,3.07],[-70.321,3.082],[-70.306,3.091],[-70.281,3.09],[-70.278,3.105],[-70.287,3.121],[-70.28,3.133],[-70.251,3.147],[-70.247,3.159],[-70.25,3.171],[-70.24,3.182],[-70.228,3.182],[-70.22,3.17],[-70.207,3.172],[-70.209,3.188],[-70.221,3.198],[-70.214,3.208],[-70.203,3.202],[-70.198,3.182],[-70.179,3.172],[-70.165,3.181],[-70.157,3.192],[-70.167,3.206],[-70.177,3.216],[-70.18,3.231],[-70.168,3.236],[-70.156,3.227],[-70.151,3.212],[-70.151,3.197],[-70.137,3.191],[-70.126,3.208],[-70.127,3.222],[-70.129,3.236],[-70.137,3.25],[-70.153,3.254],[-70.157,3.274],[-70.154,3.285],[-70.14,3.294],[-70.125,3.288],[-70.115,3.279],[-70.108,3.289],[-70.115,3.302],[-70.143,3.321],[-70.159,3.33],[-70.171,3.345],[-70.136,3.362],[-70.127,3.379],[-70.13,3.395],[-70.119,3.404],[-70.114,3.389],[-70.078,3.387],[-70.058,3.393],[-70.047,3.402],[-70.037,3.418],[-70.021,3.414],[-70.014,3.4],[-70.016,3.382],[-70.005,3.372],[-69.976,3.386],[-69.947,3.393],[-69.939,3.412],[-69.963,3.439],[-69.963,3.451],[-69.945,3.459],[-69.915,3.445],[-69.904,3.427],[-69.885,3.426],[-69.875,3.432],[-69.869,3.446],[-69.871,3.457],[-69.861,3.476],[-69.871,3.488],[-69.885,3.511],[-69.898,3.53],[-69.886,3.54],[-69.871,3.536],[-69.865,3.524],[-69.859,3.504],[-69.851,3.491],[-69.835,3.48],[-69.82,3.476],[-69.815,3.487],[-69.828,3.502],[-69.837,3.516],[-69.842,3.527],[-69.843,3.548],[-69.83,3.557],[-69.82,3.557],[-69.812,3.546],[-69.811,3.535],[-69.815,3.524],[-69.813,3.511],[-69.799,3.507],[-69.788,3.517],[-69.789,3.544],[-69.783,3.563],[-69.773,3.565],[-69.754,3.56],[-69.736,3.545],[-69.715,3.547],[-69.715,3.562],[-69.729,3.572],[-69.739,3.573],[-69.744,3.583],[-69.728,3.592],[-69.713,3.581],[-69.701,3.558],[-69.699,3.541],[-69.678,3.559],[-69.671,3.581],[-69.66,3.586],[-69.649,3.58],[-69.637,3.57],[-69.624,3.571],[-69.618,3.59],[-69.604,3.594],[-69.593,3.569],[-69.585,3.583],[-69.575,3.606],[-69.576,3.629],[-69.582,3.642],[-69.581,3.657],[-69.571,3.666],[-69.575,3.677],[-69.59,3.672],[-69.581,3.684],[-69.536,3.674],[-69.51,3.678],[-69.5,3.675],[-69.496,3.661],[-69.495,3.65],[-69.487,3.672],[-69.479,3.693],[-69.467,3.705],[-69.453,3.71],[-69.437,3.701],[-69.427,3.675],[-69.419,3.663],[-69.406,3.661],[-69.396,3.679],[-69.381,3.684],[-69.377,3.67],[-69.363,3.667],[-69.352,3.68],[-69.332,3.692],[-69.316,3.702],[-69.31,3.715],[-69.3,3.715],[-69.291,3.703],[-69.291,3.692],[-69.304,3.667],[-69.306,3.654],[-69.294,3.644],[-69.282,3.652],[-69.273,3.667],[-69.269,3.679],[-69.272,3.696],[-69.288,3.712],[-69.288,3.723],[-69.255,3.721],[-69.24,3.701],[-69.24,3.68],[-69.229,3.672],[-69.214,3.698],[-69.201,3.702],[-69.197,3.689],[-69.203,3.677],[-69.194,3.666],[-69.175,3.677],[-69.168,3.662],[-69.188,3.64],[-69.174,3.631],[-69.163,3.635],[-69.143,3.65],[-69.128,3.671],[-69.118,3.676],[-69.109,3.666],[-69.107,3.651],[-69.1,3.639],[-69.084,3.643],[-69.08,3.655],[-69.069,3.652],[-69.062,3.639],[-69.045,3.643],[-69.032,3.665],[-69.012,3.681],[-68.994,3.693],[-68.978,3.696],[-68.96,3.681],[-68.944,3.679],[-68.936,3.691],[-68.939,3.715],[-68.947,3.728],[-68.943,3.741],[-68.926,3.734],[-68.93,3.699],[-68.922,3.686],[-68.903,3.683],[-68.891,3.694],[-68.88,3.704],[-68.863,3.706],[-68.852,3.701],[-68.844,3.687],[-68.838,3.671],[-68.834,3.689],[-68.841,3.704],[-68.851,3.718],[-68.855,3.734],[-68.845,3.743],[-68.835,3.742],[-68.819,3.725],[-68.806,3.718],[-68.779,3.729],[-68.769,3.746],[-68.768,3.766],[-68.758,3.781],[-68.747,3.783],[-68.73,3.771],[-68.715,3.768],[-68.696,3.769],[-68.678,3.776],[-68.652,3.761],[-68.645,3.774],[-68.658,3.784],[-68.676,3.79],[-68.682,3.803],[-68.671,3.811],[-68.656,3.806],[-68.643,3.782],[-68.632,3.774],[-68.604,3.785],[-68.59,3.777],[-68.58,3.79],[-68.57,3.788],[-68.555,3.765],[-68.549,3.776],[-68.567,3.794],[-68.575,3.809],[-68.561,3.819],[-68.547,3.81],[-68.526,3.785],[-68.515,3.779],[-68.502,3.785],[-68.504,3.797],[-68.515,3.817],[-68.504,3.832],[-68.48,3.851],[-68.466,3.85],[-68.453,3.838],[-68.442,3.84],[-68.439,3.85],[-68.45,3.871],[-68.444,3.885],[-68.431,3.881],[-68.41,3.851],[-68.396,3.849],[-68.389,3.863],[-68.393,3.873],[-68.432,3.898],[-68.437,3.91],[-68.429,3.922],[-68.417,3.926],[-68.405,3.924],[-68.392,3.915],[-68.376,3.912],[-68.362,3.921],[-68.347,3.923],[-68.343,3.934],[-68.353,3.95],[-68.347,3.974],[-68.347,3.989],[-68.336,3.993],[-68.313,3.977],[-68.286,3.978],[-68.271,3.976],[-68.255,3.976],[-68.243,3.974],[-68.228,3.968],[-68.209,3.961],[-68.198,3.973],[-68.206,3.993],[-68.194,3.991],[-68.183,3.985],[-68.164,3.988],[-68.149,3.996],[-68.134,3.998],[-68.122,3.992],[-68.123,3.972],[-68.134,3.959],[-68.134,3.949],[-68.12,3.939],[-68.107,3.946],[-68.098,3.976],[-68.082,3.981],[-68.07,3.971],[-68.071,3.961],[-68.082,3.947],[-68.081,3.937],[-68.057,3.973],[-68.049,4.002],[-68.039,4.011],[-68.028,4.007],[-68.03,3.987],[-68.026,3.977],[-68.007,3.976],[-67.991,3.98],[-67.981,3.969],[-67.965,3.963],[-67.944,3.964],[-67.928,3.954],[-67.921,3.934],[-67.917,3.91],[-67.883,3.915],[-67.871,3.923],[-67.857,3.934],[-67.833,3.968],[-67.815,3.979],[-67.797,3.995],[-67.778,4.007],[-67.751,4.022],[-67.718,4.036],[-67.71,4.047],[-67.719,4.063],[-67.72,4.075],[-67.725,4.098],[-67.736,4.128],[-67.742,4.139],[-67.773,4.166],[-67.779,4.178],[-67.781,4.199],[-67.797,4.23],[-67.795,4.261],[-67.791,4.277],[-67.802,4.303],[-67.806,4.315],[-67.804,4.327],[-67.791,4.34],[-67.773,4.338],[-67.762,4.349],[-67.764,4.362],[-67.771,4.373],[-67.78,4.384],[-67.775,4.4],[-67.772,4.412],[-67.787,4.425],[-67.798,4.437],[-67.796,4.45],[-67.792,4.467],[-67.801,4.487],[-67.84,4.505],[-67.854,4.518],[-67.858,4.531],[-67.841,4.555],[-67.84,4.569],[-67.846,4.594],[-67.844,4.615],[-67.845,4.63],[-67.845,4.645],[-67.839,4.662],[-67.823,4.692],[-67.818,4.707],[-67.819,4.722],[-67.824,4.734],[-67.826,4.768],[-67.826,4.787],[-67.822,4.806],[-67.823,4.84],[-67.826,4.858],[-67.836,4.882],[-67.835,4.906],[-67.839,4.943],[-67.83,4.956],[-67.823,4.977],[-67.82,5.0],[-67.821,5.022],[-67.81,5.042],[-67.806,5.054],[-67.817,5.062],[-67.822,5.084],[-67.839,5.113],[-67.851,5.126],[-67.854,5.141],[-67.843,5.161],[-67.838,5.178],[-67.826,5.191],[-67.825,5.202],[-67.831,5.224],[-67.824,5.247],[-67.831,5.262],[-67.847,5.27],[-67.851,5.281],[-67.85,5.304],[-67.838,5.32],[-67.82,5.335],[-67.807,5.351],[-67.775,5.369],[-67.753,5.386],[-67.727,5.397],[-67.717,5.411],[-67.706,5.42],[-67.681,5.428],[-67.665,5.44],[-67.651,5.455],[-67.634,5.466],[-67.623,5.484],[-67.623,5.498],[-67.619,5.513],[-67.608,5.522],[-67.6,5.538],[-67.603,5.551],[-67.616,5.56],[-67.62,5.588],[-67.627,5.605],[-67.631,5.634],[-67.637,5.646],[-67.638,5.675],[-67.635,5.688],[-67.633,5.721],[-67.631,5.733],[-67.619,5.748],[-67.611,5.777],[-67.609,5.795],[-67.601,5.807],[-67.597,5.828],[-67.587,5.84],[-67.563,5.859],[-67.557,5.873],[-67.54,5.896],[-67.523,5.912],[-67.501,5.922],[-67.479,5.936],[-67.47,5.95],[-67.441,5.974],[-67.416,5.984],[-67.41,6.005],[-67.423,6.021],[-67.428,6.039],[-67.442,6.047],[-67.46,6.063],[-67.472,6.081],[-67.476,6.099],[-67.487,6.114],[-67.495,6.131],[-67.494,6.152],[-67.482,6.169],[-67.468,6.179],[-67.457,6.193],[-67.467,6.209],[-67.477,6.216],[-67.489,6.22],[-67.508,6.227],[-67.515,6.24],[-67.535,6.26],[-67.547,6.266],[-67.577,6.263],[-67.587,6.263],[-67.611,6.285],[-67.625,6.291],[-67.641,6.289],[-67.665,6.29],[-67.679,6.293],[-67.7,6.294],[-67.719,6.3],[-67.736,6.297],[-67.757,6.291],[-67.77,6.295],[-67.798,6.321],[-67.81,6.324],[-67.835,6.318],[-67.845,6.312],[-67.853,6.302],[-67.903,6.267],[-67.923,6.242],[-67.955,6.226],[-67.966,6.218],[-67.978,6.208],[-67.995,6.209],[-68.028,6.196],[-68.043,6.199],[-68.064,6.22],[-68.078,6.227],[-68.098,6.232],[-68.113,6.227],[-68.128,6.225],[-68.142,6.229],[-68.168,6.221],[-68.187,6.21],[-68.214,6.208],[-68.241,6.197],[-68.257,6.197],[-68.269,6.184],[-68.284,6.173],[-68.296,6.166],[-68.307,6.163],[-68.328,6.164],[-68.355,6.179],[-68.374,6.186],[-68.394,6.182],[-68.413,6.185],[-68.427,6.182],[-68.449,6.188],[-68.463,6.184],[-68.477,6.184],[-68.488,6.18],[-68.503,6.18],[-68.514,6.176],[-68.519,6.164],[-68.533,6.152],[-68.551,6.15],[-68.577,6.167],[-68.588,6.166],[-68.615,6.151],[-68.63,6.136],[-68.645,6.129],[-68.666,6.132],[-68.679,6.131],[-68.693,6.138],[-68.701,6.151],[-68.728,6.152],[-68.746,6.157],[-68.767,6.152],[-68.793,6.147],[-68.809,6.17],[-68.824,6.178],[-68.855,6.178],[-68.868,6.169],[-68.882,6.167],[-68.918,6.177],[-68.934,6.177],[-68.961,6.189],[-68.973,6.196],[-68.984,6.196],[-69.005,6.192],[-69.018,6.195],[-69.031,6.217],[-69.046,6.222],[-69.068,6.217],[-69.089,6.21],[-69.097,6.197],[-69.124,6.191],[-69.139,6.175],[-69.143,6.163],[-69.15,6.151],[-69.173,6.149],[-69.212,6.118],[-69.217,6.102],[-69.233,6.084],[-69.25,6.08],[-69.26,6.083],[-69.278,6.082],[-69.291,6.088],[-69.309,6.089],[-69.329,6.132],[-69.342,6.14],[-69.36,6.138],[-69.375,6.127],[-69.393,6.127],[-69.404,6.126],[-69.417,6.112],[-69.428,6.107],[-69.445,6.09],[-69.469,6.076],[-69.486,6.07],[-69.514,6.054],[-69.528,6.05],[-69.542,6.044],[-69.558,6.046],[-69.571,6.044],[-69.588,6.041],[-69.6,6.041],[-69.616,6.038],[-69.642,6.039],[-69.689,6.045],[-69.717,6.042],[-69.765,6.052],[-69.777,6.059],[-69.794,6.061],[-69.806,6.058],[-69.823,6.048],[-69.839,6.035],[-69.846,6.023],[-69.847,6.003],[-69.862,5.975],[-69.878,5.965],[-69.892,5.951],[-69.913,5.916],[-69.93,5.902],[-69.935,5.887],[-69.946,5.871],[-69.959,5.862],[-69.97,5.844],[-69.967,5.832],[-69.987,5.798],[-70.013,5.779],[-70.018,5.768],[-70.022,5.757],[-70.035,5.751],[-70.046,5.729],[-70.051,5.715],[-70.06,5.704],[-70.073,5.689],[-70.089,5.674],[-70.1,5.658],[-70.116,5.648],[-70.124,5.635],[-70.13,5.621],[-70.157,5.609],[-70.174,5.604],[-70.186,5.599],[-70.216,5.59],[-70.226,5.586],[-70.242,5.571],[-70.257,5.568],[-70.272,5.567],[-70.287,5.561],[-70.315,5.568],[-70.331,5.577],[-70.349,5.589],[-70.366,5.584],[-70.373,5.572],[-70.396,5.56],[-70.41,5.55],[-70.424,5.533],[-70.441,5.53],[-70.461,5.518],[-70.476,5.512],[-70.491,5.499],[-70.507,5.491],[-70.513,5.479],[-70.529,5.473],[-70.552,5.455],[-70.564,5.452],[-70.571,5.436],[-70.592,5.427],[-70.606,5.421],[-70.618,5.403],[-70.636,5.401],[-70.646,5.39],[-70.666,5.387],[-70.677,5.388],[-70.689,5.382],[-70.69,5.371],[-70.68,5.36],[-70.681,5.35],[-70.684,5.339],[-70.676,5.325],[-70.691,5.289],[-70.716,5.268],[-70.745,5.245],[-70.77,5.22],[-70.798,5.204],[-70.82,5.188],[-70.824,5.176],[-70.839,5.165],[-70.856,5.154],[-70.868,5.152],[-70.896,5.147],[-70.915,5.137],[-70.938,5.132],[-70.954,5.11],[-70.96,5.093],[-70.973,5.076],[-70.97,5.063],[-70.979,5.052],[-70.983,5.04],[-70.999,4.998],[-71.002,4.98],[-71.007,4.97],[-71.032,4.946],[-71.043,4.938],[-71.055,4.933],[-71.061,4.922],[-71.078,4.925],[-71.078,4.582],[-71.077,4.123],[-71.078,3.577],[-71.078,3.356],[-71.077,2.882]]]}}]}